{
    "NE-COARSE-LIT": {
        "TIME-ALL": {
            "LED-ALL": {
                "ORG": {
                    "partial": {
                        "correct": 46,
                        "incorrect": 0,
                        "partial": 2,
                        "missed": 8,
                        "spurious": 8,
                        "possible": 56,
                        "actual": 56,
                        "TP": 46,
                        "FP": 10,
                        "FN": 10,
                        "P_micro": 0.8392857142857143,
                        "R_micro": 0.8392857142857143,
                        "F1_micro": 0.8392857142857143,
                        "P_macro_doc": 0.8208333333333333,
                        "R_macro_doc": 0.9360389610389611,
                        "F1_macro_doc": 0.9303209002899406,
                        "P_macro_doc_std": 0.32443861771784605,
                        "R_macro_doc_std": 0.14179876538032116,
                        "F1_macro_doc_std": 0.11428857508259223
                    },
                    "strict": {
                        "correct": 46,
                        "incorrect": 2,
                        "partial": 0,
                        "missed": 8,
                        "spurious": 8,
                        "possible": 56,
                        "actual": 56,
                        "TP": 46,
                        "FP": 10,
                        "FN": 10,
                        "P_micro": 0.8214285714285714,
                        "R_micro": 0.8214285714285714,
                        "F1_micro": 0.8214285714285714,
                        "P_macro_doc": 0.8104166666666667,
                        "R_macro_doc": 0.9295454545454546,
                        "F1_macro_doc": 0.9219175389454028,
                        "P_macro_doc_std": 0.3265388248993781,
                        "R_macro_doc_std": 0.16403720745895642,
                        "F1_macro_doc_std": 0.14046077950018906
                    },
                    "ent_type": {
                        "correct": 48,
                        "incorrect": 0,
                        "partial": 0,
                        "missed": 8,
                        "spurious": 8,
                        "possible": 56,
                        "actual": 56,
                        "TP": 48,
                        "FP": 8,
                        "FN": 8,
                        "P_micro": 0.8571428571428571,
                        "R_micro": 0.8571428571428571,
                        "F1_micro": 0.8571428571428571,
                        "P_macro_doc": 0.83125,
                        "R_macro_doc": 0.9425324675324676,
                        "F1_macro_doc": 0.9387242616344784,
                        "P_macro_doc_std": 0.32733535937933744,
                        "R_macro_doc_std": 0.12000783552312543,
                        "F1_macro_doc_std": 0.09072240484068193
                    },
                    "exact": {
                        "correct": 46,
                        "incorrect": 2,
                        "partial": 0,
                        "missed": 8,
                        "spurious": 8,
                        "possible": 56,
                        "actual": 56,
                        "TP": 46,
                        "FP": 10,
                        "FN": 10,
                        "P_micro": 0.8214285714285714,
                        "R_micro": 0.8214285714285714,
                        "F1_micro": 0.8214285714285714,
                        "P_macro_doc": 0.8104166666666667,
                        "R_macro_doc": 0.9295454545454546,
                        "F1_macro_doc": 0.9219175389454028,
                        "P_macro_doc_std": 0.3265388248993781,
                        "R_macro_doc_std": 0.16403720745895642,
                        "F1_macro_doc_std": 0.14046077950018906
                    }
                },
                "PERS": {
                    "partial": {
                        "correct": 0,
                        "incorrect": 0,
                        "partial": 0,
                        "missed": 2,
                        "spurious": 0,
                        "possible": 2,
                        "actual": 0,
                        "TP": 0,
                        "FP": 0,
                        "FN": 2,
                        "P_micro": 0,
                        "R_micro": 0.0,
                        "F1_micro": 0,
                        "P_macro_doc": null,
                        "R_macro_doc": 0.0,
                        "F1_macro_doc": null,
                        "P_macro_doc_std": null,
                        "R_macro_doc_std": 0.0,
                        "F1_macro_doc_std": null
                    },
                    "strict": {
                        "correct": 0,
                        "incorrect": 0,
                        "partial": 0,
                        "missed": 2,
                        "spurious": 0,
                        "possible": 2,
                        "actual": 0,
                        "TP": 0,
                        "FP": 0,
                        "FN": 2,
                        "P_micro": 0,
                        "R_micro": 0.0,
                        "F1_micro": 0,
                        "P_macro_doc": null,
                        "R_macro_doc": 0.0,
                        "F1_macro_doc": null,
                        "P_macro_doc_std": null,
                        "R_macro_doc_std": 0.0,
                        "F1_macro_doc_std": null
                    },
                    "ent_type": {
                        "correct": 0,
                        "incorrect": 0,
                        "partial": 0,
                        "missed": 2,
                        "spurious": 0,
                        "possible": 2,
                        "actual": 0,
                        "TP": 0,
                        "FP": 0,
                        "FN": 2,
                        "P_micro": 0,
                        "R_micro": 0.0,
                        "F1_micro": 0,
                        "P_macro_doc": null,
                        "R_macro_doc": 0.0,
                        "F1_macro_doc": null,
                        "P_macro_doc_std": null,
                        "R_macro_doc_std": 0.0,
                        "F1_macro_doc_std": null
                    },
                    "exact": {
                        "correct": 0,
                        "incorrect": 0,
                        "partial": 0,
                        "missed": 2,
                        "spurious": 0,
                        "possible": 2,
                        "actual": 0,
                        "TP": 0,
                        "FP": 0,
                        "FN": 2,
                        "P_micro": 0,
                        "R_micro": 0.0,
                        "F1_micro": 0,
                        "P_macro_doc": null,
                        "R_macro_doc": 0.0,
                        "F1_macro_doc": null,
                        "P_macro_doc_std": null,
                        "R_macro_doc_std": 0.0,
                        "F1_macro_doc_std": null
                    }
                },
                "ALL": {
                    "partial": {
                        "correct": 46,
                        "incorrect": 0,
                        "partial": 2,
                        "missed": 10,
                        "spurious": 8,
                        "possible": 58,
                        "actual": 56,
                        "TP": 46,
                        "FP": 10,
                        "FN": 12,
                        "P_micro": 0.8392857142857143,
                        "R_micro": 0.8103448275862069,
                        "F1_micro": 0.8245614035087718,
                        "P_macro_doc": 0.8208333333333333,
                        "R_macro_doc": 0.8884199134199134,