{"dev": {"global": {"loss": 0.004379429236302784, "precision": 0.7410071942446043, "recall": 0.9196428571428571, "f1": 0.8207171314741035}, "sent-level": null, "token-level": "                             precision    recall  f1-score   support\n\n    org.ent.pressagency.AFP     0.7368    1.0000    0.8485        14\n     org.ent.pressagency.AP     0.7778    0.8750    0.8235         8\norg.ent.pressagency.ATS-SDA     0.8571    1.0000    0.9231        24\n    org.ent.pressagency.DNB     1.0000    1.0000    1.0000         3\n    org.ent.pressagency.DPA     0.0000    0.0000    0.0000         0\n  org.ent.pressagency.Extel     0.0000    0.0000    0.0000         1\n  org.ent.pressagency.Havas     0.8276    0.9231    0.8727        26\norg.ent.pressagency.Reuters     0.8571    0.9474    0.9000        19\norg.ent.pressagency.Stefani     1.0000    1.0000    1.0000         1\n org.ent.pressagency.UP-UPI     1.0000    1.0000    1.0000         4\n  org.ent.pressagency.Wolff     0.5000    1.0000    0.6667         3\n     org.ent.pressagency.ag     0.2500    1.0000    0.4000         1\n    org.ent.pressagency.unk     0.2500    0.2500    0.2500         4\n     pers.ind.articleauthor     0.3333    0.7500    0.4615         4\n\n                  micro avg     0.7410    0.9196    0.8207       112\n                  macro avg     0.5993    0.7675    0.6533       112\n               weighted avg     0.7767    0.9196    0.8362       112\n"}, "test": {"global": {"loss": 0.00510996631074699, "precision": 0.8385093167701864, "recall": 0.8709677419354839, "f1": 0.8544303797468354}, "sent-level": null, "token-level": "                             precision    recall  f1-score   support\n\n    org.ent.pressagency.AFP     1.0000    1.0000    1.0000        20\n   org.ent.pressagency.ANSA     0.0000    0.0000    0.0000         1\n     org.ent.pressagency.AP     0.7500    1.0000    0.8571         6\n    org.ent.pressagency.APA     0.0000    0.0000    0.0000         1\norg.ent.pressagency.ATS-SDA     0.9200    1.0000    0.9583        23\n    org.ent.pressagency.DNB     0.5000    0.6667    0.5714         3\n    org.ent.pressagency.DPA     1.0000    1.0000    1.0000         2\n  org.ent.pressagency.Havas     0.8571    0.9091    0.8824        33\n   org.ent.pressagency.Kipa     1.0000    1.0000    1.0000         1\norg.ent.pressagency.Reuters     0.8929    0.9259    0.9091        27\norg.ent.pressagency.Stefani     1.0000    1.0000    1.0000         2\n org.ent.pressagency.UP-UPI     1.0000    1.0000    1.0000        13\n  org.ent.pressagency.Wolff     0.5000    0.6667    0.5714         3\n org.ent.pressagency.Xinhua     0.0000    0.0000    0.0000         1\n     org.ent.pressagency.ag     0.5000    1.0000    0.6667         3\n    org.ent.pressagency.unk     0.5000    0.5714    0.5333         7\n     pers.ind.articleauthor     0.4000    0.2222    0.2857         9\n\n                  micro avg     0.8385    0.8710    0.8544       155\n                  macro avg     0.6365    0.7036    0.6609       155\n               weighted avg     0.8236    0.8710    0.8425       155\n"}}