{
    "NE-COARSE-LIT": {
        "TIME-ALL": {
            "LED-ALL": {
                "ORG": {
                    "partial": {
                        "correct": 21,
                        "incorrect": 0,
                        "partial": 0,
                        "missed": 2,
                        "spurious": 12,
                        "possible": 23,
                        "actual": 33,
                        "TP": 21,
                        "FP": 12,
                        "FN": 2,
                        "P_micro": 0.6363636363636364,
                        "R_micro": 0.9130434782608695,
                        "F1_micro": 0.75,
                        "P_macro_doc": 0.8533333333333334,
                        "R_macro_doc": 0.8666666666666667,
                        "F1_macro_doc": 0.9914529914529915,
                        "P_macro_doc_std": 0.33836206774532057,
                        "R_macro_doc_std": 0.3399346342395189,
                        "F1_macro_doc_std": 0.029607706112288478
                    },
                    "strict": {
                        "correct": 21,
                        "incorrect": 0,
                        "partial": 0,
                        "missed": 2,
                        "spurious": 12,
                        "possible": 23,
                        "actual": 33,
                        "TP": 21,
                        "FP": 12,
                        "FN": 2,
                        "P_micro": 0.6363636363636364,
                        "R_micro": 0.9130434782608695,
                        "F1_micro": 0.75,
                        "P_macro_doc": 0.8533333333333334,
                        "R_macro_doc": 0.8666666666666667,
                        "F1_macro_doc": 0.9914529914529915,
                        "P_macro_doc_std": 0.33836206774532057,
                        "R_macro_doc_std": 0.3399346342395189,
                        "F1_macro_doc_std": 0.029607706112288478
                    },
                    "ent_type": {
                        "correct": 21,
                        "incorrect": 0,
                        "partial": 0,
                        "missed": 2,
                        "spurious": 12,
                        "possible": 23,
                        "actual": 33,
                        "TP": 21,
                        "FP": 12,
                        "FN": 2,
                        "P_micro": 0.6363636363636364,
                        "R_micro": 0.9130434782608695,
                        "F1_micro": 0.75,
                        "P_macro_doc": 0.8533333333333334,
                        "R_macro_doc": 0.8666666666666667,
                        "F1_macro_doc": 0.9914529914529915,
                        "P_macro_doc_std": 0.33836206774532057,
                        "R_macro_doc_std": 0.3399346342395189,
                        "F1_macro_doc_std": 0.029607706112288478
                    },
                    "exact": {
                        "correct": 21,
                        "incorrect": 0,
                        "partial": 0,
                        "missed": 2,
                        "spurious": 12,
                        "possible": 23,
                        "actual": 33,
                        "TP": 21,
                        "FP": 12,
                        "FN": 2,
                        "P_micro": 0.6363636363636364,
                        "R_micro": 0.9130434782608695,
                        "F1_micro": 0.75,
                        "P_macro_doc": 0.8533333333333334,
                        "R_macro_doc": 0.8666666666666667,
                        "F1_macro_doc": 0.9914529914529915,
                        "P_macro_doc_std": 0.33836206774532057,
                        "R_macro_doc_std": 0.3399346342395189,
                        "F1_macro_doc_std": 0.029607706112288478
                    }
                },
                "PERS": {
                    "partial": {
                        "correct": 0,
                        "incorrect": 0,
                        "partial": 0,
                        "missed": 3,
                        "spurious": 3,
                        "possible": 3,
                        "actual": 3,
                        "TP": 0,
                        "FP": 3,
                        "FN": 3,
                        "P_micro": 0.0,
                        "R_micro": 0.0,
                        "F1_micro": 0,
                        "P_macro_doc": 0.0,
                        "R_macro_doc": 0.0,
                        "F1_macro_doc": null,
                        "P_macro_doc_std": 0.0,
                        "R_macro_doc_std": 0.0,
                        "F1_macro_doc_std": null
                    },
                    "strict": {
                        "correct": 0,
                        "incorrect": 0,
                        "partial": 0,
                        "missed": 3,
                        "spurious": 3,
                        "possible": 3,
                        "actual": 3,
                        "TP": 0,
                        "FP": 3,
                        "FN": 3,
                        "P_micro": 0.0,
                        "R_micro": 0.0,
                        "F1_micro": 0,
                        "P_macro_doc": 0.0,
                        "R_macro_doc": 0.0,
                        "F1_macro_doc": null,
                        "P_macro_doc_std": 0.0,
                        "R_macro_doc_std": 0.0,
                        "F1_macro_doc_std": null
                    },
                    "ent_type": {
                        "correct": 0,
                        "incorrect": 0,
                        "partial": 0,
                        "missed": 3,
                        "spurious": 3,
                        "possible": 3,
                        "actual": 3,
                        "TP": 0,
                        "FP": 3,
                        "FN": 3,
                        "P_micro": 0.0,
                        "R_micro": 0.0,
                        "F1_micro": 0,
                        "P_macro_doc": 0.0,
                        "R_macro_doc": 0.0,
                        "F1_macro_doc": null,
                        "P_macro_doc_std": 0.0,
                        "R_macro_doc_std": 0.0,
                        "F1_macro_doc_std": null
                    },
                    "exact": {
                        "correct": 0,
                        "incorrect": 0,
                        "partial": 0,
                        "missed": 3,
                        "spurious": 3,
                        "possible": 3,
                        "actual": 3,
                        "TP": 0,
                        "FP": 3,
                        "FN": 3,
                        "P_micro": 0.0,
                        "R_micro": 0.0,
                        "F1_micro": 0,
                        "P_macro_doc": 0.0,
                        "R_macro_doc": 0.0,
                        "F1_macro_doc": null,
                        "P_macro_doc_std": 0.0,
                        "R_macro_doc_std": 0.0,
                        "F1_macro_doc_std": null
                    }
                },
                "ALL": {
                    "partial": {
                        "correct": 21,
                        "incorrect": 0,
                        "partial": 0,
                        "missed": 5,
                        "spurious": 15,
                        "possible": 26,
                        "actual": 36,
                        "TP": 21,
                        "FP": 15,
                        "FN": 5,
                        "P_micro": 0.5833333333333334,
                        "R_micro": 0.8076923076923077,
                        "F1_micro": 0.6774193548387097,
                        "P_macro_doc": 0.8444444444444444,
                        "R_macro_doc": 0.7604166666666666,