{
    "NE-COARSE-LIT": {
        "TIME-ALL": {
            "LED-ALL": {
                "ORG": {
                    "partial": {
                        "correct": 44,
                        "incorrect": 0,
                        "partial": 0,
                        "missed": 12,
                        "spurious": 12,
                        "possible": 56,
                        "actual": 56,
                        "TP": 44,
                        "FP": 12,
                        "FN": 12,
                        "P_micro": 0.7857142857142857,
                        "R_micro": 0.7857142857142857,
                        "F1_micro": 0.7857142857142857,
                        "P_macro_doc": 0.6292929292929293,
                        "R_macro_doc": 0.7866883116883117,
                        "F1_macro_doc": 0.913143971038708,
                        "P_macro_doc_std": 0.452201588796987,
                        "R_macro_doc_std": 0.3625733825724693,
                        "F1_macro_doc_std": 0.12911574035518422
                    },
                    "strict": {
                        "correct": 44,
                        "incorrect": 0,
                        "partial": 0,
                        "missed": 12,
                        "spurious": 12,
                        "possible": 56,
                        "actual": 56,
                        "TP": 44,
                        "FP": 12,
                        "FN": 12,
                        "P_micro": 0.7857142857142857,
                        "R_micro": 0.7857142857142857,
                        "F1_micro": 0.7857142857142857,
                        "P_macro_doc": 0.6292929292929293,
                        "R_macro_doc": 0.7866883116883117,
                        "F1_macro_doc": 0.913143971038708,
                        "P_macro_doc_std": 0.452201588796987,
                        "R_macro_doc_std": 0.3625733825724693,
                        "F1_macro_doc_std": 0.12911574035518422
                    },
                    "ent_type": {
                        "correct": 44,
                        "incorrect": 0,
                        "partial": 0,
                        "missed": 12,
                        "spurious": 12,
                        "possible": 56,
                        "actual": 56,
                        "TP": 44,
                        "FP": 12,
                        "FN": 12,
                        "P_micro": 0.7857142857142857,
                        "R_micro": 0.7857142857142857,
                        "F1_micro": 0.7857142857142857,
                        "P_macro_doc": 0.6292929292929293,
                        "R_macro_doc": 0.7866883116883117,
                        "F1_macro_doc": 0.913143971038708,
                        "P_macro_doc_std": 0.452201588796987,
                        "R_macro_doc_std": 0.3625733825724693,
                        "F1_macro_doc_std": 0.12911574035518422
                    },
                    "exact": {
                        "correct": 44,
                        "incorrect": 0,
                        "partial": 0,
                        "missed": 12,
                        "spurious": 12,
                        "possible": 56,
                        "actual": 56,
                        "TP": 44,
                        "FP": 12,
                        "FN": 12,
                        "P_micro": 0.7857142857142857,
                        "R_micro": 0.7857142857142857,
                        "F1_micro": 0.7857142857142857,
                        "P_macro_doc": 0.6292929292929293,
                        "R_macro_doc": 0.7866883116883117,
                        "F1_macro_doc": 0.913143971038708,
                        "P_macro_doc_std": 0.452201588796987,
                        "R_macro_doc_std": 0.3625733825724693,
                        "F1_macro_doc_std": 0.12911574035518422
                    }
                },
                "PERS": {
                    "partial": {
                        "correct": 0,
                        "incorrect": 0,
                        "partial": 0,
                        "missed": 2,
                        "spurious": 0,
                        "possible": 2,
                        "actual": 0,
                        "TP": 0,
                        "FP": 0,
                        "FN": 2,
                        "P_micro": 0,
                        "R_micro": 0.0,
                        "F1_micro": 0,
                        "P_macro_doc": null,
                        "R_macro_doc": 0.0,
                        "F1_macro_doc": null,
                        "P_macro_doc_std": null,
                        "R_macro_doc_std": 0.0,
                        "F1_macro_doc_std": null
                    },
                    "strict": {
                        "correct": 0,
                        "incorrect": 0,
                        "partial": 0,
                        "missed": 2,
                        "spurious": 0,
                        "possible": 2,
                        "actual": 0,
                        "TP": 0,
                        "FP": 0,
                        "FN": 2,
                        "P_micro": 0,
                        "R_micro": 0.0,
                        "F1_micro": 0,
                        "P_macro_doc": null,
                        "R_macro_doc": 0.0,
                        "F1_macro_doc": null,
                        "P_macro_doc_std": null,
                        "R_macro_doc_std": 0.0,
                        "F1_macro_doc_std": null
                    },
                    "ent_type": {
                        "correct": 0,
                        "incorrect": 0,
                        "partial": 0,
                        "missed": 2,
                        "spurious": 0,
                        "possible": 2,
                        "actual": 0,
                        "TP": 0,
                        "FP": 0,
                        "FN": 2,
                        "P_micro": 0,
                        "R_micro": 0.0,
                        "F1_micro": 0,
                        "P_macro_doc": null,
                        "R_macro_doc": 0.0,
                        "F1_macro_doc": null,
                        "P_macro_doc_std": null,
                        "R_macro_doc_std": 0.0,
                        "F1_macro_doc_std": null
                    },
                    "exact": {
                        "correct": 0,
                        "incorrect": 0,
                        "partial": 0,
                        "missed": 2,
                        "spurious": 0,
                        "possible": 2,
                        "actual": 0,
                        "TP": 0,
                        "FP": 0,
                        "FN": 2,
                        "P_micro": 0,
                        "R_micro": 0.0,
                        "F1_micro": 0,
                        "P_macro_doc": null,
                        "R_macro_doc": 0.0,
                        "F1_macro_doc": null,
                        "P_macro_doc_std": null,
                        "R_macro_doc_std": 0.0,
                        "F1_macro_doc_std": null
                    }
                },
                "ALL": {
                    "partial": {
                        "correct": 44,
                        "incorrect": 0,
                        "partial": 0,
                        "missed": 14,
                        "spurious": 12,
                        "possible": 58,
                        "actual": 56,
                        "TP": 44,
                        "FP": 12,
                        "FN": 14,
                        "P_micro": 0.7857142857142857,
                        "R_micro": 0.7586206896551724,
                        "F1_micro": 0.7719298245614034,
                        "P_macro_doc": 0.6292929292929293,