{
    "NE-COARSE-LIT": {
        "TIME-ALL": {
            "LED-ALL": {
                "ORG": {
                    "partial": {
                        "correct": 102,
                        "incorrect": 0,
                        "partial": 2,
                        "missed": 6,
                        "spurious": 27,
                        "possible": 110,
                        "actual": 131,
                        "TP": 102,
                        "FP": 29,
                        "FN": 8,
                        "P_micro": 0.7862595419847328,
                        "R_micro": 0.9363636363636364,
                        "F1_micro": 0.8547717842323652,
                        "P_macro_doc": 0.880718954248366,
                        "R_macro_doc": 0.9444444444444444,
                        "F1_macro_doc": 0.9236624913547992,
                        "P_macro_doc_std": 0.2551800320455197,
                        "R_macro_doc_std": 0.17963049741190645,
                        "F1_macro_doc_std": 0.14446381979019499
                    },
                    "strict": {
                        "correct": 102,
                        "incorrect": 2,
                        "partial": 0,
                        "missed": 6,
                        "spurious": 27,
                        "possible": 110,
                        "actual": 131,
                        "TP": 102,
                        "FP": 29,
                        "FN": 8,
                        "P_micro": 0.7786259541984732,
                        "R_micro": 0.9272727272727272,
                        "F1_micro": 0.846473029045643,
                        "P_macro_doc": 0.8709150326797386,
                        "R_macro_doc": 0.9343434343434344,
                        "F1_macro_doc": 0.9134060810983888,
                        "P_macro_doc_std": 0.27374584892390097,
                        "R_macro_doc_std": 0.20897132187451717,
                        "F1_macro_doc_std": 0.17893914184522083
                    },
                    "ent_type": {
                        "correct": 104,
                        "incorrect": 0,
                        "partial": 0,
                        "missed": 6,
                        "spurious": 27,
                        "possible": 110,
                        "actual": 131,
                        "TP": 104,
                        "FP": 27,
                        "FN": 6,
                        "P_micro": 0.7938931297709924,
                        "R_micro": 0.9454545454545454,
                        "F1_micro": 0.8630705394190872,
                        "P_macro_doc": 0.8905228758169935,
                        "R_macro_doc": 0.9545454545454546,
                        "F1_macro_doc": 0.9339189016112094,
                        "P_macro_doc_std": 0.25154444655112734,
                        "R_macro_doc_std": 0.17052467693064782,
                        "F1_macro_doc_std": 0.13437631717217416
                    },
                    "exact": {
                        "correct": 102,
                        "incorrect": 2,
                        "partial": 0,
                        "missed": 6,
                        "spurious": 27,
                        "possible": 110,
                        "actual": 131,
                        "TP": 102,
                        "FP": 29,
                        "FN": 8,
                        "P_micro": 0.7786259541984732,
                        "R_micro": 0.9272727272727272,
                        "F1_micro": 0.846473029045643,
                        "P_macro_doc": 0.8709150326797386,
                        "R_macro_doc": 0.9343434343434344,
                        "F1_macro_doc": 0.9134060810983888,
                        "P_macro_doc_std": 0.27374584892390097,
                        "R_macro_doc_std": 0.20897132187451717,
                        "F1_macro_doc_std": 0.17893914184522083
                    }
                },
                "PERS": {
                    "partial": {
                        "correct": 0,
                        "incorrect": 0,
                        "partial": 0,
                        "missed": 4,
                        "spurious": 2,
                        "possible": 4,
                        "actual": 2,
                        "TP": 0,
                        "FP": 2,
                        "FN": 4,
                        "P_micro": 0.0,
                        "R_micro": 0.0,
                        "F1_micro": 0,
                        "P_macro_doc": 0.0,
                        "R_macro_doc": 0.0,
                        "F1_macro_doc": null,
                        "P_macro_doc_std": 0.0,
                        "R_macro_doc_std": 0.0,
                        "F1_macro_doc_std": null
                    },
                    "strict": {
                        "correct": 0,
                        "incorrect": 0,
                        "partial": 0,
                        "missed": 4,
                        "spurious": 2,
                        "possible": 4,
                        "actual": 2,
                        "TP": 0,
                        "FP": 2,
                        "FN": 4,
                        "P_micro": 0.0,
                        "R_micro": 0.0,
                        "F1_micro": 0,
                        "P_macro_doc": 0.0,
                        "R_macro_doc": 0.0,
                        "F1_macro_doc": null,
                        "P_macro_doc_std": 0.0,
                        "R_macro_doc_std": 0.0,
                        "F1_macro_doc_std": null
                    },
                    "ent_type": {
                        "correct": 0,
                        "incorrect": 0,
                        "partial": 0,
                        "missed": 4,
                        "spurious": 2,
                        "possible": 4,
                        "actual": 2,
                        "TP": 0,
                        "FP": 2,
                        "FN": 4,
                        "P_micro": 0.0,
                        "R_micro": 0.0,
                        "F1_micro": 0,
                        "P_macro_doc": 0.0,
                        "R_macro_doc": 0.0,
                        "F1_macro_doc": null,
                        "P_macro_doc_std": 0.0,
                        "R_macro_doc_std": 0.0,
                        "F1_macro_doc_std": null
                    },
                    "exact": {
                        "correct": 0,
                        "incorrect": 0,
                        "partial": 0,
                        "missed": 4,
                        "spurious": 2,
                        "possible": 4,
                        "actual": 2,
                        "TP": 0,
                        "FP": 2,
                        "FN": 4,
                        "P_micro": 0.0,
                        "R_micro": 0.0,
                        "F1_micro": 0,
                        "P_macro_doc": 0.0,
                        "R_macro_doc": 0.0,
                        "F1_macro_doc": null,
                        "P_macro_doc_std": 0.0,
                        "R_macro_doc_std": 0.0,
                        "F1_macro_doc_std": null
                    }
                },
                "ALL": {
                    "partial": {
                        "correct": 102,
                        "incorrect": 0,
                        "partial": 2,
                        "missed": 10,
                        "spurious": 29,
                        "possible": 114,
                        "actual": 133,
                        "TP": 102,
                        "FP": 31,
                        "FN": 12,
                        "P_micro": 0.7744360902255639,
                        "R_micro": 0.9035087719298246,
                        "F1_micro": 0.8340080971659919,
                        "P_macro_doc": 0.8733660130718954,