{
    "NE-COARSE-LIT": {
        "TIME-ALL": {
            "LED-ALL": {
                "ORG": {
                    "partial": {
                        "correct": 98,
                        "incorrect": 0,
                        "partial": 2,
                        "missed": 10,
                        "spurious": 24,
                        "possible": 110,
                        "actual": 124,
                        "TP": 98,
                        "FP": 26,
                        "FN": 12,
                        "P_micro": 0.7983870967741935,
                        "R_micro": 0.9,
                        "F1_micro": 0.8461538461538461,
                        "P_macro_doc": 0.8781565656565656,
                        "R_macro_doc": 0.9106060606060606,
                        "F1_macro_doc": 0.9406246083665439,
                        "P_macro_doc_std": 0.2766052214821121,
                        "R_macro_doc_std": 0.25200603186818604,
                        "F1_macro_doc_std": 0.13395439107793278
                    },
                    "strict": {
                        "correct": 98,
                        "incorrect": 2,
                        "partial": 0,
                        "missed": 10,
                        "spurious": 24,
                        "possible": 110,
                        "actual": 124,
                        "TP": 98,
                        "FP": 26,
                        "FN": 12,
                        "P_micro": 0.7903225806451613,
                        "R_micro": 0.8909090909090909,
                        "F1_micro": 0.8376068376068375,
                        "P_macro_doc": 0.8680555555555556,
                        "R_macro_doc": 0.9005050505050506,
                        "F1_macro_doc": 0.9298719201945008,
                        "P_macro_doc_std": 0.2942332361414675,
                        "R_macro_doc_std": 0.27244326776335764,
                        "F1_macro_doc_std": 0.1731823566606407
                    },
                    "ent_type": {
                        "correct": 100,
                        "incorrect": 0,
                        "partial": 0,
                        "missed": 10,
                        "spurious": 24,
                        "possible": 110,
                        "actual": 124,
                        "TP": 100,
                        "FP": 24,
                        "FN": 10,
                        "P_micro": 0.8064516129032258,
                        "R_micro": 0.9090909090909091,
                        "F1_micro": 0.8547008547008547,
                        "P_macro_doc": 0.8882575757575758,
                        "R_macro_doc": 0.9207070707070707,
                        "F1_macro_doc": 0.9513772965385869,
                        "P_macro_doc_std": 0.2732419211238329,
                        "R_macro_doc_std": 0.2469862215867695,
                        "F1_macro_doc_std": 0.12093288217204733
                    },
                    "exact": {
                        "correct": 98,
                        "incorrect": 2,
                        "partial": 0,
                        "missed": 10,
                        "spurious": 24,
                        "possible": 110,
                        "actual": 124,
                        "TP": 98,
                        "FP": 26,
                        "FN": 12,
                        "P_micro": 0.7903225806451613,
                        "R_micro": 0.8909090909090909,
                        "F1_micro": 0.8376068376068375,
                        "P_macro_doc": 0.8680555555555556,
                        "R_macro_doc": 0.9005050505050506,
                        "F1_macro_doc": 0.9298719201945008,
                        "P_macro_doc_std": 0.2942332361414675,
                        "R_macro_doc_std": 0.27244326776335764,
                        "F1_macro_doc_std": 0.1731823566606407
                    }
                },
                "PERS": {
                    "partial": {
                        "correct": 2,
                        "incorrect": 0,
                        "partial": 0,
                        "missed": 2,
                        "spurious": 4,
                        "possible": 4,
                        "actual": 6,
                        "TP": 2,
                        "FP": 4,
                        "FN": 2,
                        "P_micro": 0.3333333333333333,
                        "R_micro": 0.5,
                        "F1_micro": 0.4,
                        "P_macro_doc": 0.3333333333333333,
                        "R_macro_doc": 0.5,
                        "F1_macro_doc": 0.8333333333333333,
                        "P_macro_doc_std": 0.4714045207910317,
                        "R_macro_doc_std": 0.408248290463863,
                        "F1_macro_doc_std": 0.16666666666666669
                    },
                    "strict": {
                        "correct": 2,
                        "incorrect": 0,
                        "partial": 0,
                        "missed": 2,
                        "spurious": 4,
                        "possible": 4,
                        "actual": 6,
                        "TP": 2,
                        "FP": 4,
                        "FN": 2,
                        "P_micro": 0.3333333333333333,
                        "R_micro": 0.5,
                        "F1_micro": 0.4,
                        "P_macro_doc": 0.3333333333333333,
                        "R_macro_doc": 0.5,
                        "F1_macro_doc": 0.8333333333333333,
                        "P_macro_doc_std": 0.4714045207910317,
                        "R_macro_doc_std": 0.408248290463863,
                        "F1_macro_doc_std": 0.16666666666666669
                    },
                    "ent_type": {
                        "correct": 2,
                        "incorrect": 0,
                        "partial": 0,
                        "missed": 2,
                        "spurious": 4,
                        "possible": 4,
                        "actual": 6,
                        "TP": 2,
                        "FP": 4,
                        "FN": 2,
                        "P_micro": 0.3333333333333333,
                        "R_micro": 0.5,
                        "F1_micro": 0.4,
                        "P_macro_doc": 0.3333333333333333,
                        "R_macro_doc": 0.5,
                        "F1_macro_doc": 0.8333333333333333,
                        "P_macro_doc_std": 0.4714045207910317,
                        "R_macro_doc_std": 0.408248290463863,
                        "F1_macro_doc_std": 0.16666666666666669
                    },
                    "exact": {
                        "correct": 2,
                        "incorrect": 0,
                        "partial": 0,
                        "missed": 2,
                        "spurious": 4,
                        "possible": 4,
                        "actual": 6,
                        "TP": 2,
                        "FP": 4,
                        "FN": 2,
                        "P_micro": 0.3333333333333333,
                        "R_micro": 0.5,
                        "F1_micro": 0.4,
                        "P_macro_doc": 0.3333333333333333,
                        "R_macro_doc": 0.5,
                        "F1_macro_doc": 0.8333333333333333,
                        "P_macro_doc_std": 0.4714045207910317,
                        "R_macro_doc_std": 0.408248290463863,
                        "F1_macro_doc_std": 0.16666666666666669
                    }
                },
                "ALL": {
                    "partial": {
                        "correct": 100,
                        "incorrect": 0,
                        "partial": 2,
                        "missed": 12,
                        "spurious": 28,
                        "possible": 114,
                        "actual": 130,