{
    "NE-COARSE-LIT": {
        "TIME-ALL": {
            "LED-ALL": {
                "ORG": {
                    "partial": {
                        "correct": 128,
                        "incorrect": 0,
                        "partial": 6,
                        "missed": 20,
                        "spurious": 13,
                        "possible": 154,
                        "actual": 147,
                        "TP": 128,
                        "FP": 19,
                        "FN": 26,
                        "P_micro": 0.891156462585034,
                        "R_micro": 0.8506493506493507,
                        "F1_micro": 0.8704318936877077,
                        "P_macro_doc": 0.8922466422466423,
                        "R_macro_doc": 0.8834935897435897,
                        "F1_macro_doc": 0.9256132756132756,
                        "P_macro_doc_std": 0.2741735743814448,
                        "R_macro_doc_std": 0.2688008689364903,
                        "F1_macro_doc_std": 0.17725390403233454
                    },
                    "strict": {
                        "correct": 127,
                        "incorrect": 7,
                        "partial": 0,
                        "missed": 20,
                        "spurious": 13,
                        "possible": 154,
                        "actual": 147,
                        "TP": 127,
                        "FP": 20,
                        "FN": 27,
                        "P_micro": 0.8639455782312925,
                        "R_micro": 0.8246753246753247,
                        "F1_micro": 0.8438538205980065,
                        "P_macro_doc": 0.8795787545787547,
                        "R_macro_doc": 0.8681013431013431,
                        "F1_macro_doc": 0.9114660114660115,
                        "P_macro_doc_std": 0.2863620859381696,
                        "R_macro_doc_std": 0.28798991751484504,
                        "F1_macro_doc_std": 0.20385961253255067
                    },
                    "ent_type": {
                        "correct": 132,
                        "incorrect": 2,
                        "partial": 0,
                        "missed": 20,
                        "spurious": 13,
                        "possible": 154,
                        "actual": 147,
                        "TP": 132,
                        "FP": 15,
                        "FN": 22,
                        "P_micro": 0.8979591836734694,
                        "R_micro": 0.8571428571428571,
                        "F1_micro": 0.8770764119601329,
                        "P_macro_doc": 0.8963675213675214,
                        "R_macro_doc": 0.8911935286935286,
                        "F1_macro_doc": 0.9312975312975313,
                        "P_macro_doc_std": 0.26893595648170243,
                        "R_macro_doc_std": 0.2673011010402811,
                        "F1_macro_doc_std": 0.16814699280755546
                    },
                    "exact": {
                        "correct": 128,
                        "incorrect": 6,
                        "partial": 0,
                        "missed": 20,
                        "spurious": 13,
                        "possible": 154,
                        "actual": 147,
                        "TP": 128,
                        "FP": 19,
                        "FN": 26,
                        "P_micro": 0.8707482993197279,
                        "R_micro": 0.8311688311688312,
                        "F1_micro": 0.8504983388704319,
                        "P_macro_doc": 0.8827838827838829,
                        "R_macro_doc": 0.8706654456654457,
                        "F1_macro_doc": 0.9144690144690144,
                        "P_macro_doc_std": 0.2862928927255423,
                        "R_macro_doc_std": 0.2864778521954141,
                        "F1_macro_doc_std": 0.20185834453998125
                    }
                },
                "PERS": {
                    "partial": {
                        "correct": 0,
                        "incorrect": 0,
                        "partial": 2,
                        "missed": 7,
                        "spurious": 2,
                        "possible": 9,
                        "actual": 4,
                        "TP": 0,
                        "FP": 4,
                        "FN": 9,
                        "P_micro": 0.25,
                        "R_micro": 0.1111111111111111,
                        "F1_micro": 0.15384615384615383,
                        "P_macro_doc": 0.25,
                        "R_macro_doc": 0.1111111111111111,
                        "F1_macro_doc": 0.5,
                        "P_macro_doc_std": 0.25,
                        "R_macro_doc_std": 0.20786985482077452,
                        "F1_macro_doc_std": 0.0
                    },
                    "strict": {
                        "correct": 0,
                        "incorrect": 2,
                        "partial": 0,
                        "missed": 7,
                        "spurious": 2,
                        "possible": 9,
                        "actual": 4,
                        "TP": 0,
                        "FP": 4,
                        "FN": 9,
                        "P_micro": 0.0,
                        "R_micro": 0.0,
                        "F1_micro": 0,
                        "P_macro_doc": 0.0,
                        "R_macro_doc": 0.0,
                        "F1_macro_doc": 0.0,
                        "P_macro_doc_std": 0.0,
                        "R_macro_doc_std": 0.0,
                        "F1_macro_doc_std": 0.0
                    },
                    "ent_type": {
                        "correct": 0,
                        "incorrect": 2,
                        "partial": 0,
                        "missed": 7,
                        "spurious": 2,
                        "possible": 9,
                        "actual": 4,
                        "TP": 0,
                        "FP": 4,
                        "FN": 9,
                        "P_micro": 0.0,
                        "R_micro": 0.0,
                        "F1_micro": 0,
                        "P_macro_doc": 0.0,
                        "R_macro_doc": 0.0,
                        "F1_macro_doc": 0.0,
                        "P_macro_doc_std": 0.0,
                        "R_macro_doc_std": 0.0,
                        "F1_macro_doc_std": 0.0
                    },
                    "exact": {
                        "correct": 0,
                        "incorrect": 2,
                        "partial": 0,
                        "missed": 7,
                        "spurious": 2,
                        "possible": 9,
                        "actual": 4,
                        "TP": 0,
                        "FP": 4,
                        "FN": 9,
                        "P_micro": 0.0,
                        "R_micro": 0.0,
                        "F1_micro": 0,
                        "P_macro_doc": 0.0,
                        "R_macro_doc": 0.0,
                        "F1_macro_doc": 0.0,
                        "P_macro_doc_std": 0.0,
                        "R_macro_doc_std": 0.0,
                        "F1_macro_doc_std": 0.0
                    }
                },
                "ALL": {
                    "partial": {
                        "correct": 128,
                        "incorrect": 0,
                        "partial": 8,
                        "missed": 27,
                        "spurious": 15,
                        "possible": 163,
                        "actual": 151,
                        "TP": 128,
                        "FP": 23,
                        "FN": 35,
                        "P_micro": 0.8741721854304636,
                        "R_micro": 0.8098159509202454,
                        "F1_micro": 0.8407643312101911,