{"dev": {"global": [{"loss": 0.009947997241887902, "precision": 0.6, "recall": 0.48214285714285715, "f1": 0.5346534653465347}, {"loss": 0.008202876603565038, "precision": 0.5740740740740741, "recall": 0.5535714285714286, "f1": 0.5636363636363636}, {"loss": 0.006889282794178103, "precision": 0.6517857142857143, "recall": 0.6517857142857143, "f1": 0.6517857142857143}], "sent-level": [null, null, null], "token-level": ["                             precision    recall  f1-score   support\n\n    org.ent.pressagency.AFP     0.7500    0.6429    0.6923        14\n     org.ent.pressagency.AP     1.0000    0.1250    0.2222         8\norg.ent.pressagency.ATS-SDA     1.0000    0.2083    0.3448        24\n    org.ent.pressagency.DNB     0.0000    0.0000    0.0000         3\n  org.ent.pressagency.Extel     0.0000    0.0000    0.0000         1\n  org.ent.pressagency.Havas     0.4681    0.8462    0.6027        26\norg.ent.pressagency.Reuters     0.8235    0.7368    0.7778        19\norg.ent.pressagency.Stefani     0.0000    0.0000    0.0000         1\n org.ent.pressagency.UP-UPI     0.0000    0.0000    0.0000         4\n  org.ent.pressagency.Wolff     0.3750    1.0000    0.5455         3\n     org.ent.pressagency.ag     0.0000    0.0000    0.0000         1\n    org.ent.pressagency.unk     0.0000    0.0000    0.0000         4\n     pers.ind.articleauthor     0.0000    0.0000    0.0000         4\n\n                  micro avg     0.6000    0.4821    0.5347       112\n                  macro avg     0.3397    0.2738    0.2450       112\n               weighted avg     0.6379    0.4821    0.4628       112\n", "                             precision    recall  f1-score   support\n\n    org.ent.pressagency.AFP     0.6111    0.7857    0.6875        14\n     org.ent.pressagency.AP     1.0000    0.7500    0.8571         8\norg.ent.pressagency.ATS-SDA     0.6250    0.4167    0.5000        24\n    org.ent.pressagency.DNB     0.0000    0.0000    0.0000         3\n  org.ent.pressagency.Extel     0.0000    0.0000    0.0000         1\n  org.ent.pressagency.Havas     0.4681    0.8462    0.6027        26\norg.ent.pressagency.Reuters     0.8462    0.5789    0.6875        19\norg.ent.pressagency.Stefani     0.0000    0.0000    0.0000         1\n org.ent.pressagency.UP-UPI     0.2857    0.5000    0.3636         4\n  org.ent.pressagency.Wolff     0.0000    0.0000    0.0000         3\n     org.ent.pressagency.ag     0.0000    0.0000    0.0000         1\n    org.ent.pressagency.unk     0.0000    0.0000    0.0000         4\n     pers.ind.articleauthor     0.0000    0.0000    0.0000         4\n\n                  micro avg     0.5741    0.5536    0.5636       112\n                  macro avg     0.2951    0.2983    0.2845       112\n               weighted avg     0.5442    0.5536    0.5238       112\n", "                             precision    recall  f1-score   support\n\n    org.ent.pressagency.AFP     0.6316    0.8571    0.7273        14\n     org.ent.pressagency.AP     1.0000    0.6250    0.7692         8\norg.ent.pressagency.ATS-SDA     0.7619    0.6667    0.7111        24\n    org.ent.pressagency.DNB     0.0000    0.0000    0.0000         3\n    org.ent.pressagency.DPA     0.0000    0.0000    0.0000         0\n  org.ent.pressagency.Extel     0.0000    0.0000    0.0000         1\n  org.ent.pressagency.Havas     0.6286    0.8462    0.7213        26\norg.ent.pressagency.Reuters     0.8421    0.8421    0.8421        19\norg.ent.pressagency.Stefani     0.0000    0.0000    0.0000         1\n org.ent.pressagency.UP-UPI     0.3333    0.5000    0.4000         4\n  org.ent.pressagency.Wolff     0.0000    0.0000    0.0000         3\n     org.ent.pressagency.ag     0.0000    0.0000    0.0000         1\n    org.ent.pressagency.unk     0.0000    0.0000    0.0000         4\n     pers.ind.articleauthor     0.0000    0.0000    0.0000         4\n\n                  micro avg     0.6518    0.6518    0.6518       112\n                  macro avg     0.2998    0.3098    0.2979       112\n               weighted avg     0.6143    0.6518    0.6228       112\n"]}, "test": {"global": {"loss": 0.010161465216853021, "precision": 0.7279411764705882, "recall": 0.6226415094339622, "f1": 0.6711864406779661}, "token-level": "                             precision    recall  f1-score   support\n\n    org.ent.pressagency.AFP     0.8333    1.0000    0.9091        20\n   org.ent.pressagency.ANSA     0.0000    0.0000    0.0000         1\n     org.ent.pressagency.AP     0.7500    1.0000    0.8571         6\n    org.ent.pressagency.APA     0.0000    0.0000    0.0000         1\norg.ent.pressagency.ATS-SDA     0.8261    0.8261    0.8261        23\n    org.ent.pressagency.DNB     0.0000    0.0000    0.0000         3\n    org.ent.pressagency.DPA     0.3333    0.5000    0.4000         2\n  org.ent.pressagency.Havas     0.6579    0.7353    0.6944        34\n   org.ent.pressagency.Kipa     0.0000    0.0000    0.0000         1\norg.ent.pressagency.Reuters     0.8261    0.6786    0.7451        28\norg.ent.pressagency.Stefani     1.0000    1.0000    1.0000         2\n org.ent.pressagency.UP-UPI     0.6667    0.4286    0.5217        14\n  org.ent.pressagency.Wolff     0.5000    0.2500    0.3333         4\n org.ent.pressagency.Xinhua     0.0000    0.0000    0.0000         1\n     org.ent.pressagency.ag     0.0000    0.0000    0.0000         3\n    org.ent.pressagency.unk     0.0000    0.0000    0.0000         7\n     pers.ind.articleauthor     0.0000    0.0000    0.0000         9\n\n                  micro avg     0.7279    0.6226    0.6712       159\n                  macro avg     0.3761    0.3776    0.3698       159\n               weighted avg     0.6268    0.6226    0.6178       159\n"}}