{
    "NE-COARSE-LIT": {
        "TIME-ALL": {
            "LED-ALL": {
                "ORG": {
                    "partial": {
                        "correct": 51,
                        "incorrect": 0,
                        "partial": 0,
                        "missed": 5,
                        "spurious": 9,
                        "possible": 56,
                        "actual": 60,
                        "TP": 51,
                        "FP": 9,
                        "FN": 5,
                        "P_micro": 0.85,
                        "R_micro": 0.9107142857142857,
                        "F1_micro": 0.8793103448275861,
                        "P_macro_doc": 0.7296296296296296,
                        "R_macro_doc": 0.9644480519480519,
                        "F1_macro_doc": 0.9365497076023394,
                        "P_macro_doc_std": 0.41956604402039566,
                        "R_macro_doc_std": 0.0766764962801595,
                        "F1_macro_doc_std": 0.1304190498812084
                    },
                    "strict": {
                        "correct": 51,
                        "incorrect": 0,
                        "partial": 0,
                        "missed": 5,
                        "spurious": 9,
                        "possible": 56,
                        "actual": 60,
                        "TP": 51,
                        "FP": 9,
                        "FN": 5,
                        "P_micro": 0.85,
                        "R_micro": 0.9107142857142857,
                        "F1_micro": 0.8793103448275861,
                        "P_macro_doc": 0.7296296296296296,
                        "R_macro_doc": 0.9644480519480519,
                        "F1_macro_doc": 0.9365497076023394,
                        "P_macro_doc_std": 0.41956604402039566,
                        "R_macro_doc_std": 0.0766764962801595,
                        "F1_macro_doc_std": 0.1304190498812084
                    },
                    "ent_type": {
                        "correct": 51,
                        "incorrect": 0,
                        "partial": 0,
                        "missed": 5,
                        "spurious": 9,
                        "possible": 56,
                        "actual": 60,
                        "TP": 51,
                        "FP": 9,
                        "FN": 5,
                        "P_micro": 0.85,
                        "R_micro": 0.9107142857142857,
                        "F1_micro": 0.8793103448275861,
                        "P_macro_doc": 0.7296296296296296,
                        "R_macro_doc": 0.9644480519480519,
                        "F1_macro_doc": 0.9365497076023394,
                        "P_macro_doc_std": 0.41956604402039566,
                        "R_macro_doc_std": 0.0766764962801595,
                        "F1_macro_doc_std": 0.1304190498812084
                    },
                    "exact": {
                        "correct": 51,
                        "incorrect": 0,
                        "partial": 0,
                        "missed": 5,
                        "spurious": 9,
                        "possible": 56,
                        "actual": 60,
                        "TP": 51,
                        "FP": 9,
                        "FN": 5,
                        "P_micro": 0.85,
                        "R_micro": 0.9107142857142857,
                        "F1_micro": 0.8793103448275861,
                        "P_macro_doc": 0.7296296296296296,
                        "R_macro_doc": 0.9644480519480519,
                        "F1_macro_doc": 0.9365497076023394,
                        "P_macro_doc_std": 0.41956604402039566,
                        "R_macro_doc_std": 0.0766764962801595,
                        "F1_macro_doc_std": 0.1304190498812084
                    }
                },
                "PERS": {
                    "partial": {
                        "correct": 0,
                        "incorrect": 0,
                        "partial": 0,
                        "missed": 2,
                        "spurious": 0,
                        "possible": 2,
                        "actual": 0,
                        "TP": 0,
                        "FP": 0,
                        "FN": 2,
                        "P_micro": 0,
                        "R_micro": 0.0,
                        "F1_micro": 0,
                        "P_macro_doc": null,
                        "R_macro_doc": 0.0,
                        "F1_macro_doc": null,
                        "P_macro_doc_std": null,
                        "R_macro_doc_std": 0.0,
                        "F1_macro_doc_std": null
                    },
                    "strict": {
                        "correct": 0,
                        "incorrect": 0,
                        "partial": 0,
                        "missed": 2,
                        "spurious": 0,
                        "possible": 2,
                        "actual": 0,
                        "TP": 0,
                        "FP": 0,
                        "FN": 2,
                        "P_micro": 0,
                        "R_micro": 0.0,
                        "F1_micro": 0,
                        "P_macro_doc": null,
                        "R_macro_doc": 0.0,
                        "F1_macro_doc": null,
                        "P_macro_doc_std": null,
                        "R_macro_doc_std": 0.0,
                        "F1_macro_doc_std": null
                    },
                    "ent_type": {
                        "correct": 0,
                        "incorrect": 0,
                        "partial": 0,
                        "missed": 2,
                        "spurious": 0,
                        "possible": 2,
                        "actual": 0,
                        "TP": 0,
                        "FP": 0,
                        "FN": 2,
                        "P_micro": 0,
                        "R_micro": 0.0,
                        "F1_micro": 0,
                        "P_macro_doc": null,
                        "R_macro_doc": 0.0,
                        "F1_macro_doc": null,
                        "P_macro_doc_std": null,
                        "R_macro_doc_std": 0.0,
                        "F1_macro_doc_std": null
                    },
                    "exact": {
                        "correct": 0,
                        "incorrect": 0,
                        "partial": 0,
                        "missed": 2,
                        "spurious": 0,
                        "possible": 2,
                        "actual": 0,
                        "TP": 0,
                        "FP": 0,
                        "FN": 2,
                        "P_micro": 0,
                        "R_micro": 0.0,
                        "F1_micro": 0,
                        "P_macro_doc": null,
                        "R_macro_doc": 0.0,
                        "F1_macro_doc": null,
                        "P_macro_doc_std": null,
                        "R_macro_doc_std": 0.0,
                        "F1_macro_doc_std": null
                    }
                },
                "ALL": {
                    "partial": {
                        "correct": 51,
                        "incorrect": 0,
                        "partial": 0,
                        "missed": 7,
                        "spurious": 9,
                        "possible": 58,
                        "actual": 60,
                        "TP": 51,
                        "FP": 9,
                        "FN": 7,
                        "P_micro": 0.85,
                        "R_micro": 0.8793103448275862,
                        "F1_micro": 0.864406779661017,
                        "P_macro_doc": 0.7296296296296296,
                        "R_macro_doc": 0.9168290043290044,
                        "F1_macro_doc": 0.9246449456975773,