{
    "NE-COARSE-LIT": {
        "TIME-ALL": {
            "LED-ALL": {
                "ORG": {
                    "partial": {
                        "correct": 20,
                        "incorrect": 0,
                        "partial": 1,
                        "missed": 2,
                        "spurious": 14,
                        "possible": 23,
                        "actual": 35,
                        "TP": 20,
                        "FP": 15,
                        "FN": 3,
                        "P_micro": 0.5857142857142857,
                        "R_micro": 0.8913043478260869,
                        "F1_micro": 0.7068965517241379,
                        "P_macro_doc": 0.8333333333333334,
                        "R_macro_doc": 0.8333333333333334,
                        "F1_macro_doc": 0.9615384615384616,
                        "P_macro_doc_std": 0.34960294939005054,
                        "R_macro_doc_std": 0.3496029493900505,
                        "F1_macro_doc_std": 0.13323467750529824
                    },
                    "strict": {
                        "correct": 20,
                        "incorrect": 1,
                        "partial": 0,
                        "missed": 2,
                        "spurious": 14,
                        "possible": 23,
                        "actual": 35,
                        "TP": 20,
                        "FP": 15,
                        "FN": 3,
                        "P_micro": 0.5714285714285714,
                        "R_micro": 0.8695652173913043,
                        "F1_micro": 0.689655172413793,
                        "P_macro_doc": 0.8,
                        "R_macro_doc": 0.8,
                        "F1_macro_doc": 0.9230769230769231,
                        "P_macro_doc_std": 0.4,
                        "R_macro_doc_std": 0.4,
                        "F1_macro_doc_std": 0.2664693550105965
                    },
                    "ent_type": {
                        "correct": 21,
                        "incorrect": 0,
                        "partial": 0,
                        "missed": 2,
                        "spurious": 14,
                        "possible": 23,
                        "actual": 35,
                        "TP": 21,
                        "FP": 14,
                        "FN": 2,
                        "P_micro": 0.6,
                        "R_micro": 0.9130434782608695,
                        "F1_micro": 0.7241379310344828,
                        "P_macro_doc": 0.8666666666666667,
                        "R_macro_doc": 0.8666666666666667,
                        "F1_macro_doc": 1.0,
                        "P_macro_doc_std": 0.33993463423951903,
                        "R_macro_doc_std": 0.3399346342395189,
                        "F1_macro_doc_std": 0.0
                    },
                    "exact": {
                        "correct": 20,
                        "incorrect": 1,
                        "partial": 0,
                        "missed": 2,
                        "spurious": 14,
                        "possible": 23,
                        "actual": 35,
                        "TP": 20,
                        "FP": 15,
                        "FN": 3,
                        "P_micro": 0.5714285714285714,
                        "R_micro": 0.8695652173913043,
                        "F1_micro": 0.689655172413793,
                        "P_macro_doc": 0.8,
                        "R_macro_doc": 0.8,
                        "F1_macro_doc": 0.9230769230769231,
                        "P_macro_doc_std": 0.4,
                        "R_macro_doc_std": 0.4,
                        "F1_macro_doc_std": 0.2664693550105965
                    }
                },
                "PERS": {
                    "partial": {
                        "correct": 0,
                        "incorrect": 0,
                        "partial": 0,
                        "missed": 3,
                        "spurious": 0,
                        "possible": 3,
                        "actual": 0,
                        "TP": 0,
                        "FP": 0,
                        "FN": 3,
                        "P_micro": 0,
                        "R_micro": 0.0,
                        "F1_micro": 0,
                        "P_macro_doc": null,
                        "R_macro_doc": 0.0,
                        "F1_macro_doc": null,
                        "P_macro_doc_std": null,
                        "R_macro_doc_std": 0.0,
                        "F1_macro_doc_std": null
                    },
                    "strict": {
                        "correct": 0,
                        "incorrect": 0,
                        "partial": 0,
                        "missed": 3,
                        "spurious": 0,
                        "possible": 3,
                        "actual": 0,
                        "TP": 0,
                        "FP": 0,
                        "FN": 3,
                        "P_micro": 0,
                        "R_micro": 0.0,
                        "F1_micro": 0,
                        "P_macro_doc": null,
                        "R_macro_doc": 0.0,
                        "F1_macro_doc": null,
                        "P_macro_doc_std": null,
                        "R_macro_doc_std": 0.0,
                        "F1_macro_doc_std": null
                    },
                    "ent_type": {
                        "correct": 0,
                        "incorrect": 0,
                        "partial": 0,
                        "missed": 3,
                        "spurious": 0,
                        "possible": 3,
                        "actual": 0,
                        "TP": 0,
                        "FP": 0,
                        "FN": 3,
                        "P_micro": 0,
                        "R_micro": 0.0,
                        "F1_micro": 0,
                        "P_macro_doc": null,
                        "R_macro_doc": 0.0,
                        "F1_macro_doc": null,
                        "P_macro_doc_std": null,
                        "R_macro_doc_std": 0.0,
                        "F1_macro_doc_std": null
                    },
                    "exact": {
                        "correct": 0,
                        "incorrect": 0,
                        "partial": 0,
                        "missed": 3,
                        "spurious": 0,
                        "possible": 3,
                        "actual": 0,
                        "TP": 0,
                        "FP": 0,
                        "FN": 3,
                        "P_micro": 0,
                        "R_micro": 0.0,
                        "F1_micro": 0,
                        "P_macro_doc": null,
                        "R_macro_doc": 0.0,
                        "F1_macro_doc": null,
                        "P_macro_doc_std": null,
                        "R_macro_doc_std": 0.0,
                        "F1_macro_doc_std": null
                    }
                },
                "ALL": {
                    "partial": {
                        "correct": 20,
                        "incorrect": 0,
                        "partial": 1,
                        "missed": 5,
                        "spurious": 14,
                        "possible": 26,
                        "actual": 35,
                        "TP": 20,
                        "FP": 15,
                        "FN": 6,
                        "P_micro": 0.5857142857142857,
                        "R_micro": 0.7884615384615384,
                        "F1_micro": 0.6721311475409837,
                        "P_macro_doc": 0.8333333333333334,
                        "R_macro_doc": 0.7291666666666666,
                        "F1_macro_doc": 0.9205128205128206,
                        "P_macro_doc_std": 0.34960294939005054,