{"dev": {"global": [{"loss": 0.0069216510023189974, "precision": 0.8333333333333334, "recall": 0.5769230769230769, "f1": 0.6818181818181818}, {"loss": 0.006830659168606092, "precision": 0.7142857142857143, "recall": 0.7692307692307693, "f1": 0.7407407407407408}, {"loss": 0.007154742634260661, "precision": 0.6551724137931034, "recall": 0.7307692307692307, "f1": 0.6909090909090909}], "sent-level": [null, null, null], "token-level": ["                                 precision    recall  f1-score   support\n\n        org.ent.pressagency.AFP     1.0000    1.0000    1.0000         7\n         org.ent.pressagency.AP     1.0000    0.5000    0.6667         2\n    org.ent.pressagency.ATS-SDA     0.0000    0.0000    0.0000         1\n        org.ent.pressagency.DNB     1.0000    1.0000    1.0000         1\norg.ent.pressagency.Europapress     0.0000    0.0000    0.0000         1\n      org.ent.pressagency.Extel     0.0000    0.0000    0.0000         1\n      org.ent.pressagency.Havas     0.0000    0.0000    0.0000         1\n    org.ent.pressagency.Reuters     0.4000    0.6667    0.5000         3\n     org.ent.pressagency.UP-UPI     1.0000    1.0000    1.0000         3\n      org.ent.pressagency.Wolff     0.0000    0.0000    0.0000         1\n         org.ent.pressagency.ag     1.0000    1.0000    1.0000         1\n        org.ent.pressagency.unk     0.0000    0.0000    0.0000         1\n         pers.ind.articleauthor     0.0000    0.0000    0.0000         3\n\n                      micro avg     0.8333    0.5769    0.6818        26\n                      macro avg     0.4154    0.3974    0.3974        26\n                   weighted avg     0.5846    0.5769    0.5705        26\n", "                                 precision    recall  f1-score   support\n\n        org.ent.pressagency.AFP     1.0000    1.0000    1.0000         7\n         org.ent.pressagency.AP     0.6667    1.0000    0.8000         2\n    org.ent.pressagency.ATS-SDA     1.0000    1.0000    1.0000         1\n        org.ent.pressagency.DNB     1.0000    1.0000    1.0000         1\norg.ent.pressagency.Europapress     1.0000    1.0000    1.0000         1\n      org.ent.pressagency.Extel     1.0000    1.0000    1.0000         1\n      org.ent.pressagency.Havas     0.0000    0.0000    0.0000         1\n    org.ent.pressagency.Reuters     0.6667    0.6667    0.6667         3\n     org.ent.pressagency.UP-UPI     1.0000    1.0000    1.0000         3\n      org.ent.pressagency.Wolff     1.0000    1.0000    1.0000         1\n         org.ent.pressagency.ag     1.0000    1.0000    1.0000         1\n        org.ent.pressagency.unk     0.0000    0.0000    0.0000         1\n         pers.ind.articleauthor     0.0000    0.0000    0.0000         3\n\n                      micro avg     0.7143    0.7692    0.7407        26\n                      macro avg     0.7179    0.7436    0.7282        26\n                   weighted avg     0.7436    0.7692    0.7538        26\n", "                                 precision    recall  f1-score   support\n\n        org.ent.pressagency.AFP     1.0000    1.0000    1.0000         7\n         org.ent.pressagency.AP     0.6667    1.0000    0.8000         2\n    org.ent.pressagency.ATS-SDA     0.0000    0.0000    0.0000         1\n        org.ent.pressagency.DNB     0.5000    1.0000    0.6667         1\norg.ent.pressagency.Europapress     1.0000    1.0000    1.0000         1\n      org.ent.pressagency.Extel     1.0000    1.0000    1.0000         1\n      org.ent.pressagency.Havas     0.0000    0.0000    0.0000         1\n    org.ent.pressagency.Reuters     0.5000    0.6667    0.5714         3\n     org.ent.pressagency.UP-UPI     1.0000    1.0000    1.0000         3\n      org.ent.pressagency.Wolff     1.0000    1.0000    1.0000         1\n         org.ent.pressagency.ag     1.0000    1.0000    1.0000         1\n        org.ent.pressagency.unk     0.0000    0.0000    0.0000         1\n         pers.ind.articleauthor     0.0000    0.0000    0.0000         3\n\n                      micro avg     0.6552    0.7308    0.6909        26\n                      macro avg     0.5897    0.6667    0.6183        26\n                   weighted avg     0.6667    0.7308    0.6916        26\n"]}, "test": {"global": {"loss": 0.008792658837538672, "precision": 0.6984126984126984, "recall": 0.8627450980392157, "f1": 0.7719298245614035}, "token-level": "                                 precision    recall  f1-score   support\n\n        org.ent.pressagency.AFP     1.0000    1.0000    1.0000         5\n         org.ent.pressagency.AP     1.0000    0.6667    0.8000         6\n    org.ent.pressagency.ATS-SDA     0.0000    0.0000    0.0000         0\n        org.ent.pressagency.DNB     1.0000    1.0000    1.0000         3\norg.ent.pressagency.Europapress     1.0000    1.0000    1.0000         1\n      org.ent.pressagency.Extel     1.0000    1.0000    1.0000         1\n      org.ent.pressagency.Havas     0.7778    1.0000    0.8750         7\n       org.ent.pressagency.Kipa     0.0000    0.0000    0.0000         0\n    org.ent.pressagency.Reuters     0.6667    1.0000    0.8000         4\n     org.ent.pressagency.UP-UPI     0.5000    0.7500    0.6000         4\n      org.ent.pressagency.Wolff     1.0000    1.0000    1.0000         6\n         org.ent.pressagency.ag     0.9000    1.0000    0.9474         9\n        org.ent.pressagency.unk     0.1250    0.3333    0.1818         3\n         pers.ind.articleauthor     0.0000    0.0000    0.0000         2\n\n                      micro avg     0.6984    0.8627    0.7719        51\n                      macro avg     0.6407    0.6964    0.6574        51\n                   weighted avg     0.7958    0.8627    0.8156        51\n"}}