{
    "NE-COARSE-LIT": {
        "TIME-ALL": {
            "LED-ALL": {
                "ORG": {
                    "partial": {
                        "correct": 99,
                        "incorrect": 0,
                        "partial": 5,
                        "missed": 6,
                        "spurious": 29,
                        "possible": 110,
                        "actual": 133,
                        "TP": 99,
                        "FP": 34,
                        "FN": 11,
                        "P_micro": 0.7631578947368421,
                        "R_micro": 0.9227272727272727,
                        "F1_micro": 0.8353909465020577,
                        "P_macro_doc": 0.8412977867203218,
                        "R_macro_doc": 0.9411616161616161,
                        "F1_macro_doc": 0.9241455979917519,
                        "P_macro_doc_std": 0.30758132618642686,
                        "R_macro_doc_std": 0.17386524100108236,
                        "F1_macro_doc_std": 0.1485090904632174
                    },
                    "strict": {
                        "correct": 99,
                        "incorrect": 5,
                        "partial": 0,
                        "missed": 6,
                        "spurious": 29,
                        "possible": 110,
                        "actual": 133,
                        "TP": 99,
                        "FP": 34,
                        "FN": 11,
                        "P_micro": 0.7443609022556391,
                        "R_micro": 0.9,
                        "F1_micro": 0.8148148148148149,
                        "P_macro_doc": 0.8273809523809523,
                        "R_macro_doc": 0.9232323232323233,
                        "F1_macro_doc": 0.9078752017213556,
                        "P_macro_doc_std": 0.32637565912558864,
                        "R_macro_doc_std": 0.21208994478549514,
                        "F1_macro_doc_std": 0.1937713428104343
                    },
                    "ent_type": {
                        "correct": 104,
                        "incorrect": 0,
                        "partial": 0,
                        "missed": 6,
                        "spurious": 29,
                        "possible": 110,
                        "actual": 133,
                        "TP": 104,
                        "FP": 29,
                        "FN": 6,
                        "P_micro": 0.7819548872180451,
                        "R_micro": 0.9454545454545454,
                        "F1_micro": 0.8559670781893004,
                        "P_macro_doc": 0.8552146210596915,
                        "R_macro_doc": 0.959090909090909,
                        "F1_macro_doc": 0.9404159942621482,
                        "P_macro_doc_std": 0.30207723080779225,
                        "R_macro_doc_std": 0.1621400914146612,
                        "F1_macro_doc_std": 0.12795654053281538
                    },
                    "exact": {
                        "correct": 99,
                        "incorrect": 5,
                        "partial": 0,
                        "missed": 6,
                        "spurious": 29,
                        "possible": 110,
                        "actual": 133,
                        "TP": 99,
                        "FP": 34,
                        "FN": 11,
                        "P_micro": 0.7443609022556391,
                        "R_micro": 0.9,
                        "F1_micro": 0.8148148148148149,
                        "P_macro_doc": 0.8273809523809523,
                        "R_macro_doc": 0.9232323232323233,
                        "F1_macro_doc": 0.9078752017213556,
                        "P_macro_doc_std": 0.32637565912558864,
                        "R_macro_doc_std": 0.21208994478549514,
                        "F1_macro_doc_std": 0.1937713428104343
                    }
                },
                "PERS": {
                    "partial": {
                        "correct": 0,
                        "incorrect": 0,
                        "partial": 0,
                        "missed": 4,
                        "spurious": 3,
                        "possible": 4,
                        "actual": 3,
                        "TP": 0,
                        "FP": 3,
                        "FN": 4,
                        "P_micro": 0.0,
                        "R_micro": 0.0,
                        "F1_micro": 0,
                        "P_macro_doc": 0.0,
                        "R_macro_doc": 0.0,
                        "F1_macro_doc": null,
                        "P_macro_doc_std": 0.0,
                        "R_macro_doc_std": 0.0,
                        "F1_macro_doc_std": null
                    },
                    "strict": {
                        "correct": 0,
                        "incorrect": 0,
                        "partial": 0,
                        "missed": 4,
                        "spurious": 3,
                        "possible": 4,
                        "actual": 3,
                        "TP": 0,
                        "FP": 3,
                        "FN": 4,
                        "P_micro": 0.0,
                        "R_micro": 0.0,
                        "F1_micro": 0,
                        "P_macro_doc": 0.0,
                        "R_macro_doc": 0.0,
                        "F1_macro_doc": null,
                        "P_macro_doc_std": 0.0,
                        "R_macro_doc_std": 0.0,
                        "F1_macro_doc_std": null
                    },
                    "ent_type": {
                        "correct": 0,
                        "incorrect": 0,
                        "partial": 0,
                        "missed": 4,
                        "spurious": 3,
                        "possible": 4,
                        "actual": 3,
                        "TP": 0,
                        "FP": 3,
                        "FN": 4,
                        "P_micro": 0.0,
                        "R_micro": 0.0,
                        "F1_micro": 0,
                        "P_macro_doc": 0.0,
                        "R_macro_doc": 0.0,
                        "F1_macro_doc": null,
                        "P_macro_doc_std": 0.0,
                        "R_macro_doc_std": 0.0,
                        "F1_macro_doc_std": null
                    },
                    "exact": {
                        "correct": 0,
                        "incorrect": 0,
                        "partial": 0,
                        "missed": 4,
                        "spurious": 3,
                        "possible": 4,
                        "actual": 3,
                        "TP": 0,
                        "FP": 3,
                        "FN": 4,
                        "P_micro": 0.0,
                        "R_micro": 0.0,
                        "F1_micro": 0,
                        "P_macro_doc": 0.0,
                        "R_macro_doc": 0.0,
                        "F1_macro_doc": null,
                        "P_macro_doc_std": 0.0,
                        "R_macro_doc_std": 0.0,
                        "F1_macro_doc_std": null
                    }
                },
                "ALL": {
                    "partial": {
                        "correct": 99,
                        "incorrect": 0,
                        "partial": 5,
                        "missed": 10,
                        "spurious": 32,
                        "possible": 114,
                        "actual": 136,
                        "TP": 99,
                        "FP": 37,
                        "FN": 15,
                        "P_micro": 0.7463235294117647,
                        "R_micro": 0.8903508771929824,
                        "F1_micro": 0.8119999999999999,
                        "P_macro_doc": 0.818039021164021,
                        "R_macro_doc": 0.9002415458937197,