{
    "NE-COARSE-LIT": {
        "TIME-ALL": {
            "LED-ALL": {
                "ORG": {
                    "partial": {
                        "correct": 41,
                        "incorrect": 0,
                        "partial": 5,
                        "missed": 10,
                        "spurious": 11,
                        "possible": 56,
                        "actual": 57,
                        "TP": 41,
                        "FP": 16,
                        "FN": 15,
                        "P_micro": 0.7631578947368421,
                        "R_micro": 0.7767857142857143,
                        "F1_micro": 0.7699115044247787,
                        "P_macro_doc": 0.6587902837902838,
                        "R_macro_doc": 0.8158008658008659,
                        "F1_macro_doc": 0.8841301972880922,
                        "P_macro_doc_std": 0.4238704375956251,
                        "R_macro_doc_std": 0.2801302347266595,
                        "F1_macro_doc_std": 0.13102551397200532
                    },
                    "strict": {
                        "correct": 41,
                        "incorrect": 5,
                        "partial": 0,
                        "missed": 10,
                        "spurious": 11,
                        "possible": 56,
                        "actual": 57,
                        "TP": 41,
                        "FP": 16,
                        "FN": 15,
                        "P_micro": 0.7192982456140351,
                        "R_micro": 0.7321428571428571,
                        "F1_micro": 0.7256637168141592,
                        "P_macro_doc": 0.6290283790283789,
                        "R_macro_doc": 0.7849567099567099,
                        "F1_macro_doc": 0.8478054109633059,
                        "P_macro_doc_std": 0.42719127282828145,
                        "R_macro_doc_std": 0.30996844293858894,
                        "F1_macro_doc_std": 0.20210574660271036
                    },
                    "ent_type": {
                        "correct": 46,
                        "incorrect": 0,
                        "partial": 0,
                        "missed": 10,
                        "spurious": 11,
                        "possible": 56,
                        "actual": 57,
                        "TP": 46,
                        "FP": 11,
                        "FN": 10,
                        "P_micro": 0.8070175438596491,
                        "R_micro": 0.8214285714285714,
                        "F1_micro": 0.8141592920353982,
                        "P_macro_doc": 0.6885521885521886,
                        "R_macro_doc": 0.8466450216450216,
                        "F1_macro_doc": 0.9204549836128785,
                        "P_macro_doc_std": 0.43713054049480204,
                        "R_macro_doc_std": 0.2694695880882355,
                        "F1_macro_doc_std": 0.0897907743389792
                    },
                    "exact": {
                        "correct": 41,
                        "incorrect": 5,
                        "partial": 0,
                        "missed": 10,
                        "spurious": 11,
                        "possible": 56,
                        "actual": 57,
                        "TP": 41,
                        "FP": 16,
                        "FN": 15,
                        "P_micro": 0.7192982456140351,
                        "R_micro": 0.7321428571428571,
                        "F1_micro": 0.7256637168141592,
                        "P_macro_doc": 0.6290283790283789,
                        "R_macro_doc": 0.7849567099567099,
                        "F1_macro_doc": 0.8478054109633059,
                        "P_macro_doc_std": 0.42719127282828145,
                        "R_macro_doc_std": 0.30996844293858894,
                        "F1_macro_doc_std": 0.20210574660271036
                    }
                },
                "PERS": {
                    "partial": {
                        "correct": 0,
                        "incorrect": 0,
                        "partial": 0,
                        "missed": 2,
                        "spurious": 0,
                        "possible": 2,
                        "actual": 0,
                        "TP": 0,
                        "FP": 0,
                        "FN": 2,
                        "P_micro": 0,
                        "R_micro": 0.0,
                        "F1_micro": 0,
                        "P_macro_doc": null,
                        "R_macro_doc": 0.0,
                        "F1_macro_doc": null,
                        "P_macro_doc_std": null,
                        "R_macro_doc_std": 0.0,
                        "F1_macro_doc_std": null
                    },
                    "strict": {
                        "correct": 0,
                        "incorrect": 0,
                        "partial": 0,
                        "missed": 2,
                        "spurious": 0,
                        "possible": 2,
                        "actual": 0,
                        "TP": 0,
                        "FP": 0,
                        "FN": 2,
                        "P_micro": 0,
                        "R_micro": 0.0,
                        "F1_micro": 0,
                        "P_macro_doc": null,
                        "R_macro_doc": 0.0,
                        "F1_macro_doc": null,
                        "P_macro_doc_std": null,
                        "R_macro_doc_std": 0.0,
                        "F1_macro_doc_std": null
                    },
                    "ent_type": {
                        "correct": 0,
                        "incorrect": 0,
                        "partial": 0,
                        "missed": 2,
                        "spurious": 0,
                        "possible": 2,
                        "actual": 0,
                        "TP": 0,
                        "FP": 0,
                        "FN": 2,
                        "P_micro": 0,
                        "R_micro": 0.0,
                        "F1_micro": 0,
                        "P_macro_doc": null,
                        "R_macro_doc": 0.0,
                        "F1_macro_doc": null,
                        "P_macro_doc_std": null,
                        "R_macro_doc_std": 0.0,
                        "F1_macro_doc_std": null
                    },
                    "exact": {
                        "correct": 0,
                        "incorrect": 0,
                        "partial": 0,
                        "missed": 2,
                        "spurious": 0,
                        "possible": 2,
                        "actual": 0,
                        "TP": 0,
                        "FP": 0,
                        "FN": 2,
                        "P_micro": 0,
                        "R_micro": 0.0,
                        "F1_micro": 0,
                        "P_macro_doc": null,
                        "R_macro_doc": 0.0,
                        "F1_macro_doc": null,
                        "P_macro_doc_std": null,
                        "R_macro_doc_std": 0.0,
                        "F1_macro_doc_std": null
                    }
                },
                "ALL": {
                    "partial": {
                        "correct": 41,
                        "incorrect": 0,
                        "partial": 5,
                        "missed": 12,
                        "spurious": 11,
                        "possible": 58,
                        "actual": 57,
                        "TP": 41,
                        "FP": 16,
                        "FN": 17,
                        "P_micro": 0.7631578947368421,
                        "R_micro": 0.75,
                        "F1_micro": 0.7565217391304349,
                        "P_macro_doc": 0.6587902837902838,