{
    "NE-COARSE-LIT": {
        "TIME-ALL": {
            "LED-ALL": {
                "ORG": {
                    "partial": {
                        "correct": 43,
                        "incorrect": 0,
                        "partial": 1,
                        "missed": 12,
                        "spurious": 6,
                        "possible": 56,
                        "actual": 50,
                        "TP": 43,
                        "FP": 7,
                        "FN": 13,
                        "P_micro": 0.87,
                        "R_micro": 0.7767857142857143,
                        "F1_micro": 0.820754716981132,
                        "P_macro_doc": 0.7947916666666666,
                        "R_macro_doc": 0.875974025974026,
                        "F1_macro_doc": 0.8726578350638502,
                        "P_macro_doc_std": 0.3570577465550916,
                        "R_macro_doc_std": 0.20259115874494416,
                        "F1_macro_doc_std": 0.1947764163780239
                    },
                    "strict": {
                        "correct": 43,
                        "incorrect": 1,
                        "partial": 0,
                        "missed": 12,
                        "spurious": 6,
                        "possible": 56,
                        "actual": 50,
                        "TP": 43,
                        "FP": 7,
                        "FN": 13,
                        "P_micro": 0.86,
                        "R_micro": 0.7678571428571429,
                        "F1_micro": 0.8113207547169812,
                        "P_macro_doc": 0.7791666666666666,
                        "R_macro_doc": 0.8402597402597403,
                        "F1_macro_doc": 0.8488483112543264,
                        "P_macro_doc_std": 0.384937765532733,
                        "R_macro_doc_std": 0.2906546022760584,
                        "F1_macro_doc_std": 0.26643870968679007
                    },
                    "ent_type": {
                        "correct": 44,
                        "incorrect": 0,
                        "partial": 0,
                        "missed": 12,
                        "spurious": 6,
                        "possible": 56,
                        "actual": 50,
                        "TP": 44,
                        "FP": 6,
                        "FN": 12,
                        "P_micro": 0.88,
                        "R_micro": 0.7857142857142857,
                        "F1_micro": 0.830188679245283,
                        "P_macro_doc": 0.8104166666666666,
                        "R_macro_doc": 0.9116883116883117,
                        "F1_macro_doc": 0.8964673588733739,
                        "P_macro_doc_std": 0.33782777293565824,
                        "R_macro_doc_std": 0.17541243594770328,
                        "F1_macro_doc_std": 0.14009049846264518
                    },
                    "exact": {
                        "correct": 43,
                        "incorrect": 1,
                        "partial": 0,
                        "missed": 12,
                        "spurious": 6,
                        "possible": 56,
                        "actual": 50,
                        "TP": 43,
                        "FP": 7,
                        "FN": 13,
                        "P_micro": 0.86,
                        "R_micro": 0.7678571428571429,
                        "F1_micro": 0.8113207547169812,
                        "P_macro_doc": 0.7791666666666666,
                        "R_macro_doc": 0.8402597402597403,
                        "F1_macro_doc": 0.8488483112543264,
                        "P_macro_doc_std": 0.384937765532733,
                        "R_macro_doc_std": 0.2906546022760584,
                        "F1_macro_doc_std": 0.26643870968679007
                    }
                },
                "PERS": {
                    "partial": {
                        "correct": 0,
                        "incorrect": 0,
                        "partial": 0,
                        "missed": 2,
                        "spurious": 0,
                        "possible": 2,
                        "actual": 0,
                        "TP": 0,
                        "FP": 0,
                        "FN": 2,
                        "P_micro": 0,
                        "R_micro": 0.0,
                        "F1_micro": 0,
                        "P_macro_doc": null,
                        "R_macro_doc": 0.0,
                        "F1_macro_doc": null,
                        "P_macro_doc_std": null,
                        "R_macro_doc_std": 0.0,
                        "F1_macro_doc_std": null
                    },
                    "strict": {
                        "correct": 0,
                        "incorrect": 0,
                        "partial": 0,
                        "missed": 2,
                        "spurious": 0,
                        "possible": 2,
                        "actual": 0,
                        "TP": 0,
                        "FP": 0,
                        "FN": 2,
                        "P_micro": 0,
                        "R_micro": 0.0,
                        "F1_micro": 0,
                        "P_macro_doc": null,
                        "R_macro_doc": 0.0,
                        "F1_macro_doc": null,
                        "P_macro_doc_std": null,
                        "R_macro_doc_std": 0.0,
                        "F1_macro_doc_std": null
                    },
                    "ent_type": {
                        "correct": 0,
                        "incorrect": 0,
                        "partial": 0,
                        "missed": 2,
                        "spurious": 0,
                        "possible": 2,
                        "actual": 0,
                        "TP": 0,
                        "FP": 0,
                        "FN": 2,
                        "P_micro": 0,
                        "R_micro": 0.0,
                        "F1_micro": 0,
                        "P_macro_doc": null,
                        "R_macro_doc": 0.0,
                        "F1_macro_doc": null,
                        "P_macro_doc_std": null,
                        "R_macro_doc_std": 0.0,
                        "F1_macro_doc_std": null
                    },
                    "exact": {
                        "correct": 0,
                        "incorrect": 0,
                        "partial": 0,
                        "missed": 2,
                        "spurious": 0,
                        "possible": 2,
                        "actual": 0,
                        "TP": 0,
                        "FP": 0,
                        "FN": 2,
                        "P_micro": 0,
                        "R_micro": 0.0,
                        "F1_micro": 0,
                        "P_macro_doc": null,
                        "R_macro_doc": 0.0,
                        "F1_macro_doc": null,
                        "P_macro_doc_std": null,
                        "R_macro_doc_std": 0.0,
                        "F1_macro_doc_std": null
                    }
                },
                "ALL": {
                    "partial": {
                        "correct": 43,
                        "incorrect": 0,
                        "partial": 1,
                        "missed": 14,
                        "spurious": 6,
                        "possible": 58,
                        "actual": 50,
                        "TP": 43,
                        "FP": 7,
                        "FN": 15,
                        "P_micro": 0.87,
                        "R_micro": 0.75,
                        "F1_micro": 0.8055555555555555,
                        "P_macro_doc": 0.7947916666666666,
                        "R_macro_doc": 0.8283549783549783,
                        "F1_macro_doc": 0.8369435493495645,