{
    "NE-COARSE-LIT": {
        "TIME-ALL": {
            "LED-ALL": {
                "ORG": {
                    "partial": {
                        "correct": 101,
                        "incorrect": 0,
                        "partial": 3,
                        "missed": 6,
                        "spurious": 20,
                        "possible": 110,
                        "actual": 124,
                        "TP": 101,
                        "FP": 23,
                        "FN": 9,
                        "P_micro": 0.8266129032258065,
                        "R_micro": 0.9318181818181818,
                        "F1_micro": 0.8760683760683762,
                        "P_macro_doc": 0.9164332399626517,
                        "R_macro_doc": 0.9464646464646465,
                        "F1_macro_doc": 0.9515018315018315,
                        "P_macro_doc_std": 0.23786352944221195,
                        "R_macro_doc_std": 0.17241391624354838,
                        "F1_macro_doc_std": 0.12889226637738066
                    },
                    "strict": {
                        "correct": 101,
                        "incorrect": 3,
                        "partial": 0,
                        "missed": 6,
                        "spurious": 20,
                        "possible": 110,
                        "actual": 124,
                        "TP": 101,
                        "FP": 23,
                        "FN": 9,
                        "P_micro": 0.8145161290322581,
                        "R_micro": 0.9181818181818182,
                        "F1_micro": 0.8632478632478632,
                        "P_macro_doc": 0.9055788982259569,
                        "R_macro_doc": 0.9338383838383839,
                        "F1_macro_doc": 0.9397069597069597,
                        "P_macro_doc_std": 0.26139546620111287,
                        "R_macro_doc_std": 0.20519288980947767,
                        "F1_macro_doc_std": 0.17275085668272885
                    },
                    "ent_type": {
                        "correct": 104,
                        "incorrect": 0,
                        "partial": 0,
                        "missed": 6,
                        "spurious": 20,
                        "possible": 110,
                        "actual": 124,
                        "TP": 104,
                        "FP": 20,
                        "FN": 6,
                        "P_micro": 0.8387096774193549,
                        "R_micro": 0.9454545454545454,
                        "F1_micro": 0.8888888888888888,
                        "P_macro_doc": 0.9272875816993464,
                        "R_macro_doc": 0.959090909090909,
                        "F1_macro_doc": 0.9632967032967032,
                        "P_macro_doc_std": 0.2300323645106781,
                        "R_macro_doc_std": 0.1621400914146612,
                        "F1_macro_doc_std": 0.10936195422798783
                    },
                    "exact": {
                        "correct": 101,
                        "incorrect": 3,
                        "partial": 0,
                        "missed": 6,
                        "spurious": 20,
                        "possible": 110,
                        "actual": 124,
                        "TP": 101,
                        "FP": 23,
                        "FN": 9,
                        "P_micro": 0.8145161290322581,
                        "R_micro": 0.9181818181818182,
                        "F1_micro": 0.8632478632478632,
                        "P_macro_doc": 0.9055788982259569,
                        "R_macro_doc": 0.9338383838383839,
                        "F1_macro_doc": 0.9397069597069597,
                        "P_macro_doc_std": 0.26139546620111287,
                        "R_macro_doc_std": 0.20519288980947767,
                        "F1_macro_doc_std": 0.17275085668272885
                    }
                },
                "PERS": {
                    "partial": {
                        "correct": 2,
                        "incorrect": 0,
                        "partial": 1,
                        "missed": 1,
                        "spurious": 4,
                        "possible": 4,
                        "actual": 7,
                        "TP": 2,
                        "FP": 5,
                        "FN": 2,
                        "P_micro": 0.35714285714285715,
                        "R_micro": 0.625,
                        "F1_micro": 0.45454545454545453,
                        "P_macro_doc": 0.2916666666666667,
                        "R_macro_doc": 0.5833333333333334,
                        "F1_macro_doc": 0.875,
                        "P_macro_doc_std": 0.41874481754670373,
                        "R_macro_doc_std": 0.42491829279939874,
                        "F1_macro_doc_std": 0.125
                    },
                    "strict": {
                        "correct": 2,
                        "incorrect": 1,
                        "partial": 0,
                        "missed": 1,
                        "spurious": 4,
                        "possible": 4,
                        "actual": 7,
                        "TP": 2,
                        "FP": 5,
                        "FN": 2,
                        "P_micro": 0.2857142857142857,
                        "R_micro": 0.5,
                        "F1_micro": 0.36363636363636365,
                        "P_macro_doc": 0.25,
                        "R_macro_doc": 0.5,
                        "F1_macro_doc": 0.75,
                        "P_macro_doc_std": 0.3818813079129867,
                        "R_macro_doc_std": 0.408248290463863,
                        "F1_macro_doc_std": 0.25
                    },
                    "ent_type": {
                        "correct": 3,
                        "incorrect": 0,
                        "partial": 0,
                        "missed": 1,
                        "spurious": 4,
                        "possible": 4,
                        "actual": 7,
                        "TP": 3,
                        "FP": 4,
                        "FN": 1,
                        "P_micro": 0.42857142857142855,
                        "R_micro": 0.75,
                        "F1_micro": 0.5454545454545454,
                        "P_macro_doc": 0.3333333333333333,
                        "R_macro_doc": 0.6666666666666666,
                        "F1_macro_doc": 1.0,
                        "P_macro_doc_std": 0.4714045207910317,
                        "R_macro_doc_std": 0.4714045207910317,
                        "F1_macro_doc_std": 0.0
                    },
                    "exact": {
                        "correct": 2,
                        "incorrect": 1,
                        "partial": 0,
                        "missed": 1,
                        "spurious": 4,
                        "possible": 4,
                        "actual": 7,
                        "TP": 2,
                        "FP": 5,
                        "FN": 2,
                        "P_micro": 0.2857142857142857,
                        "R_micro": 0.5,
                        "F1_micro": 0.36363636363636365,
                        "P_macro_doc": 0.25,
                        "R_macro_doc": 0.5,
                        "F1_macro_doc": 0.75,
                        "P_macro_doc_std": 0.3818813079129867,
                        "R_macro_doc_std": 0.408248290463863,
                        "F1_macro_doc_std": 0.25
                    }
                },
                "ALL": {
                    "partial": {
                        "correct": 103,
                        "incorrect": 0,
                        "partial": 4,
                        "missed": 7,
                        "spurious": 24,
                        "possible": 114,
                        "actual": 131,
                        "TP": 103,