{"dev": {"global": {"loss": 0.0033885789538994123, "precision": 0.7557251908396947, "recall": 0.8839285714285714, "f1": 0.8148148148148148}, "sent-level": null, "token-level": "                             precision    recall  f1-score   support\n\n    org.ent.pressagency.AFP     0.7647    0.9286    0.8387        14\n     org.ent.pressagency.AP     0.6667    0.7500    0.7059         8\norg.ent.pressagency.ATS-SDA     0.8000    1.0000    0.8889        24\n    org.ent.pressagency.DNB     0.7500    1.0000    0.8571         3\n    org.ent.pressagency.DPA     0.0000    0.0000    0.0000         0\n  org.ent.pressagency.Extel     0.0000    0.0000    0.0000         1\n  org.ent.pressagency.Havas     0.8621    0.9615    0.9091        26\norg.ent.pressagency.Reuters     0.9000    0.9474    0.9231        19\norg.ent.pressagency.Stefani     0.0000    0.0000    0.0000         1\n org.ent.pressagency.UP-UPI     1.0000    1.0000    1.0000         4\n  org.ent.pressagency.Wolff     0.6000    1.0000    0.7500         3\n     org.ent.pressagency.ag     0.5000    1.0000    0.6667         1\n    org.ent.pressagency.unk     0.6667    0.5000    0.5714         4\n     pers.ind.articleauthor     0.0000    0.0000    0.0000         4\n\n                  micro avg     0.7557    0.8839    0.8148       112\n                  macro avg     0.5364    0.6491    0.5793       112\n               weighted avg     0.7676    0.8839    0.8185       112\n"}, "test": {"global": {"loss": 0.005848120600618654, "precision": 0.8333333333333334, "recall": 0.8490566037735849, "f1": 0.8411214953271028}, "sent-level": null, "token-level": "                             precision    recall  f1-score   support\n\n    org.ent.pressagency.AFP     0.9524    1.0000    0.9756        20\n   org.ent.pressagency.ANSA     0.0000    0.0000    0.0000         1\n     org.ent.pressagency.AP     0.7500    1.0000    0.8571         6\n    org.ent.pressagency.APA     0.0000    0.0000    0.0000         1\norg.ent.pressagency.ATS-SDA     0.9583    1.0000    0.9787        23\n    org.ent.pressagency.DNB     1.0000    0.6667    0.8000         3\n    org.ent.pressagency.DPA     1.0000    1.0000    1.0000         2\n  org.ent.pressagency.Havas     0.8611    0.9118    0.8857        34\n   org.ent.pressagency.Kipa     1.0000    1.0000    1.0000         1\norg.ent.pressagency.Reuters     0.8621    0.8929    0.8772        28\norg.ent.pressagency.Stefani     1.0000    1.0000    1.0000         2\n org.ent.pressagency.UP-UPI     0.9286    0.9286    0.9286        14\n  org.ent.pressagency.Wolff     0.6000    0.7500    0.6667         4\n org.ent.pressagency.Xinhua     0.0000    0.0000    0.0000         1\n     org.ent.pressagency.ag     0.5000    1.0000    0.6667         3\n    org.ent.pressagency.unk     0.6000    0.4286    0.5000         7\n     pers.ind.articleauthor     0.1429    0.1111    0.1250         9\n\n                  micro avg     0.8333    0.8491    0.8411       159\n                  macro avg     0.6562    0.6876    0.6624       159\n               weighted avg     0.8138    0.8491    0.8273       159\n"}}