{
    "NE-COARSE-LIT": {
        "TIME-ALL": {
            "LED-ALL": {
                "ORG": {
                    "partial": {
                        "correct": 47,
                        "incorrect": 0,
                        "partial": 1,
                        "missed": 8,
                        "spurious": 16,
                        "possible": 56,
                        "actual": 64,
                        "TP": 47,
                        "FP": 17,
                        "FN": 9,
                        "P_micro": 0.7421875,
                        "R_micro": 0.8482142857142857,
                        "F1_micro": 0.7916666666666667,
                        "P_macro_doc": 0.8005208333333333,
                        "R_macro_doc": 0.9344155844155845,
                        "F1_macro_doc": 0.9165920754266619,
                        "P_macro_doc_std": 0.3411132299942108,
                        "R_macro_doc_std": 0.11212915113379524,
                        "F1_macro_doc_std": 0.1370540190815409
                    },
                    "strict": {
                        "correct": 47,
                        "incorrect": 1,
                        "partial": 0,
                        "missed": 8,
                        "spurious": 16,
                        "possible": 56,
                        "actual": 64,
                        "TP": 47,
                        "FP": 17,
                        "FN": 9,
                        "P_micro": 0.734375,
                        "R_micro": 0.8392857142857143,
                        "F1_micro": 0.7833333333333332,
                        "P_macro_doc": 0.797048611111111,
                        "R_macro_doc": 0.9311688311688312,
                        "F1_macro_doc": 0.9130206468552334,
                        "P_macro_doc_std": 0.341044302109209,
                        "R_macro_doc_std": 0.11979243588133409,
                        "F1_macro_doc_std": 0.14191393120070603
                    },
                    "ent_type": {
                        "correct": 48,
                        "incorrect": 0,
                        "partial": 0,
                        "missed": 8,
                        "spurious": 16,
                        "possible": 56,
                        "actual": 64,
                        "TP": 48,
                        "FP": 16,
                        "FN": 8,
                        "P_micro": 0.75,
                        "R_micro": 0.8571428571428571,
                        "F1_micro": 0.7999999999999999,
                        "P_macro_doc": 0.8039930555555556,
                        "R_macro_doc": 0.9376623376623376,
                        "F1_macro_doc": 0.9201635039980905,
                        "P_macro_doc_std": 0.3417117866972459,
                        "R_macro_doc_std": 0.10521284116668138,
                        "F1_macro_doc_std": 0.13326543841907873
                    },
                    "exact": {
                        "correct": 47,
                        "incorrect": 1,
                        "partial": 0,
                        "missed": 8,
                        "spurious": 16,
                        "possible": 56,
                        "actual": 64,
                        "TP": 47,
                        "FP": 17,
                        "FN": 9,
                        "P_micro": 0.734375,
                        "R_micro": 0.8392857142857143,
                        "F1_micro": 0.7833333333333332,
                        "P_macro_doc": 0.797048611111111,
                        "R_macro_doc": 0.9311688311688312,
                        "F1_macro_doc": 0.9130206468552334,
                        "P_macro_doc_std": 0.341044302109209,
                        "R_macro_doc_std": 0.11979243588133409,
                        "F1_macro_doc_std": 0.14191393120070603
                    }
                },
                "PERS": {
                    "partial": {
                        "correct": 0,
                        "incorrect": 0,
                        "partial": 0,
                        "missed": 2,
                        "spurious": 3,
                        "possible": 2,
                        "actual": 3,
                        "TP": 0,
                        "FP": 3,
                        "FN": 2,
                        "P_micro": 0.0,
                        "R_micro": 0.0,
                        "F1_micro": 0,
                        "P_macro_doc": 0.0,
                        "R_macro_doc": 0.0,
                        "F1_macro_doc": null,
                        "P_macro_doc_std": 0.0,
                        "R_macro_doc_std": 0.0,
                        "F1_macro_doc_std": null
                    },
                    "strict": {
                        "correct": 0,
                        "incorrect": 0,
                        "partial": 0,
                        "missed": 2,
                        "spurious": 3,
                        "possible": 2,
                        "actual": 3,
                        "TP": 0,
                        "FP": 3,
                        "FN": 2,
                        "P_micro": 0.0,
                        "R_micro": 0.0,
                        "F1_micro": 0,
                        "P_macro_doc": 0.0,
                        "R_macro_doc": 0.0,
                        "F1_macro_doc": null,
                        "P_macro_doc_std": 0.0,
                        "R_macro_doc_std": 0.0,
                        "F1_macro_doc_std": null
                    },
                    "ent_type": {
                        "correct": 0,
                        "incorrect": 0,
                        "partial": 0,
                        "missed": 2,
                        "spurious": 3,
                        "possible": 2,
                        "actual": 3,
                        "TP": 0,
                        "FP": 3,
                        "FN": 2,
                        "P_micro": 0.0,
                        "R_micro": 0.0,
                        "F1_micro": 0,
                        "P_macro_doc": 0.0,
                        "R_macro_doc": 0.0,
                        "F1_macro_doc": null,
                        "P_macro_doc_std": 0.0,
                        "R_macro_doc_std": 0.0,
                        "F1_macro_doc_std": null
                    },
                    "exact": {
                        "correct": 0,
                        "incorrect": 0,
                        "partial": 0,
                        "missed": 2,
                        "spurious": 3,
                        "possible": 2,
                        "actual": 3,
                        "TP": 0,
                        "FP": 3,
                        "FN": 2,
                        "P_micro": 0.0,
                        "R_micro": 0.0,
                        "F1_micro": 0,
                        "P_macro_doc": 0.0,
                        "R_macro_doc": 0.0,
                        "F1_macro_doc": null,
                        "P_macro_doc_std": 0.0,
                        "R_macro_doc_std": 0.0,
                        "F1_macro_doc_std": null
                    }
                },
                "ALL": {
                    "partial": {
                        "correct": 47,
                        "incorrect": 0,
                        "partial": 1,
                        "missed": 10,
                        "spurious": 19,
                        "possible": 58,
                        "actual": 67,
                        "TP": 47,
                        "FP": 20,
                        "FN": 11,
                        "P_micro": 0.7089552238805971,
                        "R_micro": 0.8189655172413793,
                        "F1_micro": 0.76,
                        "P_macro_doc": 0.7103485838779956,
                        "R_macro_doc": 0.8867965367965367,