{
    "NE-COARSE-LIT": {
        "TIME-ALL": {
            "LED-ALL": {
                "ORG": {
                    "partial": {
                        "correct": 134,
                        "incorrect": 0,
                        "partial": 7,
                        "missed": 13,
                        "spurious": 19,
                        "possible": 154,
                        "actual": 160,
                        "TP": 134,
                        "FP": 26,
                        "FN": 20,
                        "P_micro": 0.859375,
                        "R_micro": 0.8928571428571429,
                        "F1_micro": 0.8757961783439492,
                        "P_macro_doc": 0.8596726190476189,
                        "R_macro_doc": 0.9024114774114775,
                        "F1_macro_doc": 0.9206079846079847,
                        "P_macro_doc_std": 0.29596381230796054,
                        "R_macro_doc_std": 0.24231891493789748,
                        "F1_macro_doc_std": 0.1808754473941456
                    },
                    "strict": {
                        "correct": 133,
                        "incorrect": 8,
                        "partial": 0,
                        "missed": 13,
                        "spurious": 19,
                        "possible": 154,
                        "actual": 160,
                        "TP": 133,
                        "FP": 27,
                        "FN": 21,
                        "P_micro": 0.83125,
                        "R_micro": 0.8636363636363636,
                        "F1_micro": 0.8471337579617835,
                        "P_macro_doc": 0.8336309523809524,
                        "R_macro_doc": 0.8737789987789987,
                        "F1_macro_doc": 0.8924598364598366,
                        "P_macro_doc_std": 0.33099185594484654,
                        "R_macro_doc_std": 0.2965297510337145,
                        "F1_macro_doc_std": 0.2481731961210336
                    },
                    "ent_type": {
                        "correct": 140,
                        "incorrect": 1,
                        "partial": 0,
                        "missed": 13,
                        "spurious": 19,
                        "possible": 154,
                        "actual": 160,
                        "TP": 140,
                        "FP": 20,
                        "FN": 14,
                        "P_micro": 0.875,
                        "R_micro": 0.9090909090909091,
                        "F1_micro": 0.8917197452229298,
                        "P_macro_doc": 0.8794642857142858,
                        "R_macro_doc": 0.925915750915751,
                        "F1_macro_doc": 0.9428302068302067,
                        "P_macro_doc_std": 0.2858901678387934,
                        "R_macro_doc_std": 0.2285777817497043,
                        "F1_macro_doc_std": 0.15399219879566747
                    },
                    "exact": {
                        "correct": 134,
                        "incorrect": 7,
                        "partial": 0,
                        "missed": 13,
                        "spurious": 19,
                        "possible": 154,
                        "actual": 160,
                        "TP": 134,
                        "FP": 26,
                        "FN": 20,
                        "P_micro": 0.8375,
                        "R_micro": 0.8701298701298701,
                        "F1_micro": 0.8535031847133757,
                        "P_macro_doc": 0.8367559523809524,
                        "R_macro_doc": 0.8763431013431013,
                        "F1_macro_doc": 0.8954227994227995,
                        "P_macro_doc_std": 0.331367469170456,
                        "R_macro_doc_std": 0.29501210868953276,
                        "F1_macro_doc_std": 0.24678241172868579
                    }
                },
                "PERS": {
                    "partial": {
                        "correct": 0,
                        "incorrect": 0,
                        "partial": 0,
                        "missed": 9,
                        "spurious": 4,
                        "possible": 9,
                        "actual": 4,
                        "TP": 0,
                        "FP": 4,
                        "FN": 9,
                        "P_micro": 0.0,
                        "R_micro": 0.0,
                        "F1_micro": 0,
                        "P_macro_doc": 0.0,
                        "R_macro_doc": 0.0,
                        "F1_macro_doc": null,
                        "P_macro_doc_std": 0.0,
                        "R_macro_doc_std": 0.0,
                        "F1_macro_doc_std": null
                    },
                    "strict": {
                        "correct": 0,
                        "incorrect": 0,
                        "partial": 0,
                        "missed": 9,
                        "spurious": 4,
                        "possible": 9,
                        "actual": 4,
                        "TP": 0,
                        "FP": 4,
                        "FN": 9,
                        "P_micro": 0.0,
                        "R_micro": 0.0,
                        "F1_micro": 0,
                        "P_macro_doc": 0.0,
                        "R_macro_doc": 0.0,
                        "F1_macro_doc": null,
                        "P_macro_doc_std": 0.0,
                        "R_macro_doc_std": 0.0,
                        "F1_macro_doc_std": null
                    },
                    "ent_type": {
                        "correct": 0,
                        "incorrect": 0,
                        "partial": 0,
                        "missed": 9,
                        "spurious": 4,
                        "possible": 9,
                        "actual": 4,
                        "TP": 0,
                        "FP": 4,
                        "FN": 9,
                        "P_micro": 0.0,
                        "R_micro": 0.0,
                        "F1_micro": 0,
                        "P_macro_doc": 0.0,
                        "R_macro_doc": 0.0,
                        "F1_macro_doc": null,
                        "P_macro_doc_std": 0.0,
                        "R_macro_doc_std": 0.0,
                        "F1_macro_doc_std": null
                    },
                    "exact": {
                        "correct": 0,
                        "incorrect": 0,
                        "partial": 0,
                        "missed": 9,
                        "spurious": 4,
                        "possible": 9,
                        "actual": 4,
                        "TP": 0,
                        "FP": 4,
                        "FN": 9,
                        "P_micro": 0.0,
                        "R_micro": 0.0,
                        "F1_micro": 0,
                        "P_macro_doc": 0.0,
                        "R_macro_doc": 0.0,
                        "F1_macro_doc": null,
                        "P_macro_doc_std": 0.0,
                        "R_macro_doc_std": 0.0,
                        "F1_macro_doc_std": null
                    }
                },
                "ALL": {
                    "partial": {
                        "correct": 134,
                        "incorrect": 0,
                        "partial": 7,
                        "missed": 22,
                        "spurious": 23,
                        "possible": 163,
                        "actual": 164,
                        "TP": 134,
                        "FP": 30,
                        "FN": 29,
                        "P_micro": 0.8384146341463414,
                        "R_micro": 0.843558282208589,
                        "F1_micro": 0.8409785932721713,
                        "P_macro_doc": 0.8342334494773518,
                        "R_macro_doc": 0.8260487528344672,