{"dev": {"global": [{"loss": 0.0052529772452544424, "precision": 0.6538461538461539, "recall": 0.6538461538461539, "f1": 0.6538461538461539}, {"loss": 0.012439268496850023, "precision": 0.5384615384615384, "recall": 0.8076923076923077, "f1": 0.6461538461538461}, {"loss": 0.007665382872775289, "precision": 0.7333333333333333, "recall": 0.8461538461538461, "f1": 0.7857142857142856}], "sent-level": [null, null, null], "token-level": ["                                 precision    recall  f1-score   support\n\n        org.ent.pressagency.AFP     1.0000    1.0000    1.0000         7\n         org.ent.pressagency.AP     1.0000    1.0000    1.0000         2\n    org.ent.pressagency.ATS-SDA     0.0000    0.0000    0.0000         1\n        org.ent.pressagency.DNB     0.0000    0.0000    0.0000         1\norg.ent.pressagency.Europapress     0.0000    0.0000    0.0000         1\n      org.ent.pressagency.Extel     1.0000    1.0000    1.0000         1\n      org.ent.pressagency.Havas     0.0000    0.0000    0.0000         1\n    org.ent.pressagency.Reuters     0.5000    0.6667    0.5714         3\n     org.ent.pressagency.UP-UPI     0.7500    1.0000    0.8571         3\n      org.ent.pressagency.Wolff     0.5000    1.0000    0.6667         1\n         org.ent.pressagency.ag     0.5000    1.0000    0.6667         1\n        org.ent.pressagency.unk     0.0000    0.0000    0.0000         1\n         pers.ind.articleauthor     0.0000    0.0000    0.0000         3\n\n                      micro avg     0.6538    0.6538    0.6538        26\n                      macro avg     0.4038    0.5128    0.4432        26\n                   weighted avg     0.5673    0.6538    0.6007        26\n", "                                 precision    recall  f1-score   support\n\n        org.ent.pressagency.AFP     1.0000    1.0000    1.0000         7\n         org.ent.pressagency.AP     1.0000    1.0000    1.0000         2\n    org.ent.pressagency.ATS-SDA     0.0000    0.0000    0.0000         1\n        org.ent.pressagency.DNB     1.0000    1.0000    1.0000         1\n        org.ent.pressagency.DPA     0.0000    0.0000    0.0000         0\norg.ent.pressagency.Europapress     1.0000    1.0000    1.0000         1\n      org.ent.pressagency.Extel     1.0000    1.0000    1.0000         1\n      org.ent.pressagency.Havas     0.3333    1.0000    0.5000         1\n    org.ent.pressagency.Reuters     0.6667    0.6667    0.6667         3\n     org.ent.pressagency.UP-UPI     0.7500    1.0000    0.8571         3\n      org.ent.pressagency.Wolff     0.3333    1.0000    0.5000         1\n         org.ent.pressagency.ag     1.0000    1.0000    1.0000         1\n        org.ent.pressagency.unk     0.0833    1.0000    0.1538         1\n         pers.ind.articleauthor     0.0000    0.0000    0.0000         3\n\n                      micro avg     0.5385    0.8077    0.6462        26\n                      macro avg     0.5833    0.7619    0.6198        26\n                   weighted avg     0.6923    0.8077    0.7202        26\n", "                                 precision    recall  f1-score   support\n\n        org.ent.pressagency.AFP     1.0000    1.0000    1.0000         7\n         org.ent.pressagency.AP     1.0000    1.0000    1.0000         2\n    org.ent.pressagency.ATS-SDA     0.0000    0.0000    0.0000         1\n        org.ent.pressagency.DNB     1.0000    1.0000    1.0000         1\norg.ent.pressagency.Europapress     1.0000    1.0000    1.0000         1\n      org.ent.pressagency.Extel     1.0000    1.0000    1.0000         1\n      org.ent.pressagency.Havas     0.3333    1.0000    0.5000         1\n    org.ent.pressagency.Reuters     0.7500    1.0000    0.8571         3\n     org.ent.pressagency.UP-UPI     1.0000    1.0000    1.0000         3\n      org.ent.pressagency.Wolff     0.5000    1.0000    0.6667         1\n         org.ent.pressagency.ag     1.0000    1.0000    1.0000         1\n        org.ent.pressagency.unk     1.0000    1.0000    1.0000         1\n         pers.ind.articleauthor     0.0000    0.0000    0.0000         3\n\n                      micro avg     0.7333    0.8462    0.7857        26\n                      macro avg     0.7372    0.8462    0.7711        26\n                   weighted avg     0.7724    0.8462    0.7976        26\n"]}, "test": {"global": {"loss": 0.005919108385783415, "precision": 0.7758620689655172, "recall": 0.8490566037735849, "f1": 0.8108108108108107}, "token-level": "                                 precision    recall  f1-score   support\n\n        org.ent.pressagency.AFP     1.0000    1.0000    1.0000         5\n         org.ent.pressagency.AP     0.8333    0.8333    0.8333         6\n    org.ent.pressagency.ATS-SDA     0.0000    0.0000    0.0000         0\n        org.ent.pressagency.DNB     1.0000    1.0000    1.0000         3\norg.ent.pressagency.Europapress     1.0000    1.0000    1.0000         1\n      org.ent.pressagency.Extel     1.0000    1.0000    1.0000         1\n      org.ent.pressagency.Havas     0.7778    1.0000    0.8750         7\n       org.ent.pressagency.Kipa     0.0000    0.0000    0.0000         0\n    org.ent.pressagency.Reuters     1.0000    1.0000    1.0000         4\n     org.ent.pressagency.UP-UPI     0.6000    0.7500    0.6667         4\n      org.ent.pressagency.Wolff     1.0000    1.0000    1.0000         6\n         org.ent.pressagency.ag     0.9091    1.0000    0.9524        10\n        org.ent.pressagency.unk     0.0000    0.0000    0.0000         4\n         pers.ind.articleauthor     0.0000    0.0000    0.0000         2\n\n                      micro avg     0.7759    0.8491    0.8108        53\n                      macro avg     0.6514    0.6845    0.6662        53\n                   weighted avg     0.7912    0.8491    0.8173        53\n"}}