{
    "NE-COARSE-LIT": {
        "TIME-ALL": {
            "LED-ALL": {
                "ORG": {
                    "partial": {
                        "correct": 22,
                        "incorrect": 0,
                        "partial": 0,
                        "missed": 1,
                        "spurious": 4,
                        "possible": 23,
                        "actual": 26,
                        "TP": 22,
                        "FP": 4,
                        "FN": 1,
                        "P_micro": 0.8461538461538461,
                        "R_micro": 0.9565217391304348,
                        "F1_micro": 0.8979591836734695,
                        "P_macro_doc": 0.875,
                        "R_macro_doc": 0.9333333333333333,
                        "F1_macro_doc": 1.0,
                        "P_macro_doc_std": 0.33071891388307384,
                        "R_macro_doc_std": 0.24944382578492946,
                        "F1_macro_doc_std": 0.0
                    },
                    "strict": {
                        "correct": 22,
                        "incorrect": 0,
                        "partial": 0,
                        "missed": 1,
                        "spurious": 4,
                        "possible": 23,
                        "actual": 26,
                        "TP": 22,
                        "FP": 4,
                        "FN": 1,
                        "P_micro": 0.8461538461538461,
                        "R_micro": 0.9565217391304348,
                        "F1_micro": 0.8979591836734695,
                        "P_macro_doc": 0.875,
                        "R_macro_doc": 0.9333333333333333,
                        "F1_macro_doc": 1.0,
                        "P_macro_doc_std": 0.33071891388307384,
                        "R_macro_doc_std": 0.24944382578492946,
                        "F1_macro_doc_std": 0.0
                    },
                    "ent_type": {
                        "correct": 22,
                        "incorrect": 0,
                        "partial": 0,
                        "missed": 1,
                        "spurious": 4,
                        "possible": 23,
                        "actual": 26,
                        "TP": 22,
                        "FP": 4,
                        "FN": 1,
                        "P_micro": 0.8461538461538461,
                        "R_micro": 0.9565217391304348,
                        "F1_micro": 0.8979591836734695,
                        "P_macro_doc": 0.875,
                        "R_macro_doc": 0.9333333333333333,
                        "F1_macro_doc": 1.0,
                        "P_macro_doc_std": 0.33071891388307384,
                        "R_macro_doc_std": 0.24944382578492946,
                        "F1_macro_doc_std": 0.0
                    },
                    "exact": {
                        "correct": 22,
                        "incorrect": 0,
                        "partial": 0,
                        "missed": 1,
                        "spurious": 4,
                        "possible": 23,
                        "actual": 26,
                        "TP": 22,
                        "FP": 4,
                        "FN": 1,
                        "P_micro": 0.8461538461538461,
                        "R_micro": 0.9565217391304348,
                        "F1_micro": 0.8979591836734695,
                        "P_macro_doc": 0.875,
                        "R_macro_doc": 0.9333333333333333,
                        "F1_macro_doc": 1.0,
                        "P_macro_doc_std": 0.33071891388307384,
                        "R_macro_doc_std": 0.24944382578492946,
                        "F1_macro_doc_std": 0.0
                    }
                },
                "PERS": {
                    "partial": {
                        "correct": 0,
                        "incorrect": 0,
                        "partial": 0,
                        "missed": 3,
                        "spurious": 4,
                        "possible": 3,
                        "actual": 4,
                        "TP": 0,
                        "FP": 4,
                        "FN": 3,
                        "P_micro": 0.0,
                        "R_micro": 0.0,
                        "F1_micro": 0,
                        "P_macro_doc": 0.0,
                        "R_macro_doc": 0.0,
                        "F1_macro_doc": null,
                        "P_macro_doc_std": 0.0,
                        "R_macro_doc_std": 0.0,
                        "F1_macro_doc_std": null
                    },
                    "strict": {
                        "correct": 0,
                        "incorrect": 0,
                        "partial": 0,
                        "missed": 3,
                        "spurious": 4,
                        "possible": 3,
                        "actual": 4,
                        "TP": 0,
                        "FP": 4,
                        "FN": 3,
                        "P_micro": 0.0,
                        "R_micro": 0.0,
                        "F1_micro": 0,
                        "P_macro_doc": 0.0,
                        "R_macro_doc": 0.0,
                        "F1_macro_doc": null,
                        "P_macro_doc_std": 0.0,
                        "R_macro_doc_std": 0.0,
                        "F1_macro_doc_std": null
                    },
                    "ent_type": {
                        "correct": 0,
                        "incorrect": 0,
                        "partial": 0,
                        "missed": 3,
                        "spurious": 4,
                        "possible": 3,
                        "actual": 4,
                        "TP": 0,
                        "FP": 4,
                        "FN": 3,
                        "P_micro": 0.0,
                        "R_micro": 0.0,
                        "F1_micro": 0,
                        "P_macro_doc": 0.0,
                        "R_macro_doc": 0.0,
                        "F1_macro_doc": null,
                        "P_macro_doc_std": 0.0,
                        "R_macro_doc_std": 0.0,
                        "F1_macro_doc_std": null
                    },
                    "exact": {
                        "correct": 0,
                        "incorrect": 0,
                        "partial": 0,
                        "missed": 3,
                        "spurious": 4,
                        "possible": 3,
                        "actual": 4,
                        "TP": 0,
                        "FP": 4,
                        "FN": 3,
                        "P_micro": 0.0,
                        "R_micro": 0.0,
                        "F1_micro": 0,
                        "P_macro_doc": 0.0,
                        "R_macro_doc": 0.0,
                        "F1_macro_doc": null,
                        "P_macro_doc_std": 0.0,
                        "R_macro_doc_std": 0.0,
                        "F1_macro_doc_std": null
                    }
                },
                "ALL": {
                    "partial": {
                        "correct": 22,
                        "incorrect": 0,
                        "partial": 0,
                        "missed": 4,
                        "spurious": 8,
                        "possible": 26,
                        "actual": 30,
                        "TP": 22,
                        "FP": 8,
                        "FN": 4,
                        "P_micro": 0.7333333333333333,
                        "R_micro": 0.8461538461538461,
                        "F1_micro": 0.7857142857142856,
                        "P_macro_doc": 0.8625,
                        "R_macro_doc": 0.8229166666666666,
                        "F1_macro_doc": 0.9539682539682539,
                        "P_macro_doc_std": 0.3295356581616017,