{
    "NE-COARSE-LIT": {
        "TIME-ALL": {
            "LED-ALL": {
                "ORG": {
                    "partial": {
                        "correct": 104,
                        "incorrect": 0,
                        "partial": 12,
                        "missed": 38,
                        "spurious": 28,
                        "possible": 154,
                        "actual": 144,
                        "TP": 104,
                        "FP": 40,
                        "FN": 50,
                        "P_micro": 0.7638888888888888,
                        "R_micro": 0.7142857142857143,
                        "F1_micro": 0.7382550335570469,
                        "P_macro_doc": 0.8110185185185186,
                        "R_macro_doc": 0.7736340048840048,
                        "F1_macro_doc": 0.8322091042989965,
                        "P_macro_doc_std": 0.31110551692501326,
                        "R_macro_doc_std": 0.33564331169654466,
                        "F1_macro_doc_std": 0.2373495863670197
                    },
                    "strict": {
                        "correct": 104,
                        "incorrect": 12,
                        "partial": 0,
                        "missed": 38,
                        "spurious": 28,
                        "possible": 154,
                        "actual": 144,
                        "TP": 104,
                        "FP": 40,
                        "FN": 50,
                        "P_micro": 0.7222222222222222,
                        "R_micro": 0.6753246753246753,
                        "F1_micro": 0.6979865771812082,
                        "P_macro_doc": 0.7698148148148148,
                        "R_macro_doc": 0.7293498168498168,
                        "F1_macro_doc": 0.7877536460593626,
                        "P_macro_doc_std": 0.3691148162827541,
                        "R_macro_doc_std": 0.3907744320862201,
                        "F1_macro_doc_std": 0.32036337729506253
                    },
                    "ent_type": {
                        "correct": 116,
                        "incorrect": 0,
                        "partial": 0,
                        "missed": 38,
                        "spurious": 28,
                        "possible": 154,
                        "actual": 144,
                        "TP": 116,
                        "FP": 28,
                        "FN": 38,
                        "P_micro": 0.8055555555555556,
                        "R_micro": 0.7532467532467533,
                        "F1_micro": 0.778523489932886,
                        "P_macro_doc": 0.8522222222222222,
                        "R_macro_doc": 0.8179181929181929,
                        "F1_macro_doc": 0.8766645625386305,
                        "P_macro_doc_std": 0.29394296918926716,
                        "R_macro_doc_std": 0.3290302498819379,
                        "F1_macro_doc_std": 0.20488828699370393
                    },
                    "exact": {
                        "correct": 104,
                        "incorrect": 12,
                        "partial": 0,
                        "missed": 38,
                        "spurious": 28,
                        "possible": 154,
                        "actual": 144,
                        "TP": 104,
                        "FP": 40,
                        "FN": 50,
                        "P_micro": 0.7222222222222222,
                        "R_micro": 0.6753246753246753,
                        "F1_micro": 0.6979865771812082,
                        "P_macro_doc": 0.7698148148148148,
                        "R_macro_doc": 0.7293498168498168,
                        "F1_macro_doc": 0.7877536460593626,
                        "P_macro_doc_std": 0.3691148162827541,
                        "R_macro_doc_std": 0.3907744320862201,
                        "F1_macro_doc_std": 0.32036337729506253
                    }
                },
                "PERS": {
                    "partial": {
                        "correct": 0,
                        "incorrect": 0,
                        "partial": 0,
                        "missed": 9,
                        "spurious": 5,
                        "possible": 9,
                        "actual": 5,
                        "TP": 0,
                        "FP": 5,
                        "FN": 9,
                        "P_micro": 0.0,
                        "R_micro": 0.0,
                        "F1_micro": 0,
                        "P_macro_doc": 0.0,
                        "R_macro_doc": 0.0,
                        "F1_macro_doc": 0.0,
                        "P_macro_doc_std": 0.0,
                        "R_macro_doc_std": 0.0,
                        "F1_macro_doc_std": 0.0
                    },
                    "strict": {
                        "correct": 0,
                        "incorrect": 0,
                        "partial": 0,
                        "missed": 9,
                        "spurious": 5,
                        "possible": 9,
                        "actual": 5,
                        "TP": 0,
                        "FP": 5,
                        "FN": 9,
                        "P_micro": 0.0,
                        "R_micro": 0.0,
                        "F1_micro": 0,
                        "P_macro_doc": 0.0,
                        "R_macro_doc": 0.0,
                        "F1_macro_doc": 0.0,
                        "P_macro_doc_std": 0.0,
                        "R_macro_doc_std": 0.0,
                        "F1_macro_doc_std": 0.0
                    },
                    "ent_type": {
                        "correct": 0,
                        "incorrect": 0,
                        "partial": 0,
                        "missed": 9,
                        "spurious": 5,
                        "possible": 9,
                        "actual": 5,
                        "TP": 0,
                        "FP": 5,
                        "FN": 9,
                        "P_micro": 0.0,
                        "R_micro": 0.0,
                        "F1_micro": 0,
                        "P_macro_doc": 0.0,
                        "R_macro_doc": 0.0,
                        "F1_macro_doc": 0.0,
                        "P_macro_doc_std": 0.0,
                        "R_macro_doc_std": 0.0,
                        "F1_macro_doc_std": 0.0
                    },
                    "exact": {
                        "correct": 0,
                        "incorrect": 0,
                        "partial": 0,
                        "missed": 9,
                        "spurious": 5,
                        "possible": 9,
                        "actual": 5,
                        "TP": 0,
                        "FP": 5,
                        "FN": 9,
                        "P_micro": 0.0,
                        "R_micro": 0.0,
                        "F1_micro": 0,
                        "P_macro_doc": 0.0,
                        "R_macro_doc": 0.0,
                        "F1_macro_doc": 0.0,
                        "P_macro_doc_std": 0.0,
                        "R_macro_doc_std": 0.0,
                        "F1_macro_doc_std": 0.0
                    }
                },
                "ALL": {
                    "partial": {
                        "correct": 104,
                        "incorrect": 0,
                        "partial": 12,
                        "missed": 47,
                        "spurious": 33,
                        "possible": 163,
                        "actual": 149,
                        "TP": 104,
                        "FP": 45,
                        "FN": 59,
                        "P_micro": 0.738255033557047,
                        "R_micro": 0.6748466257668712,
                        "F1_micro": 0.7051282051282051,
                        "P_macro_doc": 0.7699542897327708,