{"dev": {"global": [{"loss": 0.0067269134431197095, "precision": 0.7076923076923077, "recall": 0.8214285714285714, "f1": 0.7603305785123968}, {"loss": 0.004516156636792617, "precision": 0.734375, "recall": 0.8392857142857143, "f1": 0.7833333333333332}, {"loss": 0.004093969248806593, "precision": 0.7318840579710145, "recall": 0.9017857142857143, "f1": 0.808}], "sent-level": [null, null, null], "token-level": ["                             precision    recall  f1-score   support\n\n    org.ent.pressagency.AFP     0.6364    1.0000    0.7778        14\n     org.ent.pressagency.AP     1.0000    0.7500    0.8571         8\norg.ent.pressagency.ATS-SDA     0.8889    1.0000    0.9412        24\n    org.ent.pressagency.DNB     1.0000    0.3333    0.5000         3\n  org.ent.pressagency.Extel     0.0000    0.0000    0.0000         1\n  org.ent.pressagency.Havas     0.6765    0.8846    0.7667        26\norg.ent.pressagency.Reuters     0.7917    1.0000    0.8837        19\norg.ent.pressagency.Stefani     0.0000    0.0000    0.0000         1\n org.ent.pressagency.UP-UPI     1.0000    0.5000    0.6667         4\n  org.ent.pressagency.Wolff     0.4286    1.0000    0.6000         3\n     org.ent.pressagency.ag     0.0000    0.0000    0.0000         1\n    org.ent.pressagency.unk     0.0000    0.0000    0.0000         4\n     pers.ind.articleauthor     0.0000    0.0000    0.0000         4\n\n                  micro avg     0.7077    0.8214    0.7603       112\n                  macro avg     0.4940    0.4975    0.4610       112\n               weighted avg     0.7068    0.8214    0.7413       112\n", "                             precision    recall  f1-score   support\n\n    org.ent.pressagency.AFP     0.7368    1.0000    0.8485        14\n     org.ent.pressagency.AP     1.0000    0.6250    0.7692         8\norg.ent.pressagency.ATS-SDA     0.8889    1.0000    0.9412        24\n    org.ent.pressagency.DNB     1.0000    0.3333    0.5000         3\n  org.ent.pressagency.Extel     0.0000    0.0000    0.0000         1\n  org.ent.pressagency.Havas     0.6970    0.8846    0.7797        26\norg.ent.pressagency.Reuters     0.9048    1.0000    0.9500        19\norg.ent.pressagency.Stefani     1.0000    1.0000    1.0000         1\n org.ent.pressagency.UP-UPI     0.6667    1.0000    0.8000         4\n  org.ent.pressagency.Wolff     0.7500    1.0000    0.8571         3\n     org.ent.pressagency.ag     0.0000    0.0000    0.0000         1\n    org.ent.pressagency.unk     0.0000    0.0000    0.0000         4\n     pers.ind.articleauthor     0.0000    0.0000    0.0000         4\n\n                  micro avg     0.7344    0.8393    0.7833       112\n                  macro avg     0.5880    0.6033    0.5727       112\n               weighted avg     0.7489    0.8393    0.7787       112\n", "                             precision    recall  f1-score   support\n\n    org.ent.pressagency.AFP     0.7000    1.0000    0.8235        14\n     org.ent.pressagency.AP     1.0000    0.8750    0.9333         8\norg.ent.pressagency.ATS-SDA     0.8571    1.0000    0.9231        24\n    org.ent.pressagency.DNB     0.3333    0.3333    0.3333         3\n    org.ent.pressagency.DPA     0.0000    0.0000    0.0000         0\n  org.ent.pressagency.Extel     0.0000    0.0000    0.0000         1\n  org.ent.pressagency.Havas     0.7576    0.9615    0.8475        26\norg.ent.pressagency.Reuters     0.9048    1.0000    0.9500        19\norg.ent.pressagency.Stefani     1.0000    1.0000    1.0000         1\n org.ent.pressagency.UP-UPI     0.8000    1.0000    0.8889         4\n  org.ent.pressagency.Wolff     0.6000    1.0000    0.7500         3\n     org.ent.pressagency.ag     0.0000    0.0000    0.0000         1\n    org.ent.pressagency.unk     0.0000    0.0000    0.0000         4\n     pers.ind.articleauthor     0.3750    0.7500    0.5000         4\n\n                  micro avg     0.7319    0.9018    0.8080       112\n                  macro avg     0.5234    0.6371    0.5678       112\n               weighted avg     0.7478    0.9018    0.8129       112\n"]}, "test": {"global": {"loss": 0.00654539677527071, "precision": 0.8496732026143791, "recall": 0.8387096774193549, "f1": 0.8441558441558441}, "token-level": "                             precision    recall  f1-score   support\n\n    org.ent.pressagency.AFP     0.8696    1.0000    0.9302        20\n   org.ent.pressagency.ANSA     0.0000    0.0000    0.0000         1\n     org.ent.pressagency.AP     0.7500    1.0000    0.8571         6\n    org.ent.pressagency.APA     0.0000    0.0000    0.0000         1\norg.ent.pressagency.ATS-SDA     0.9200    1.0000    0.9583        23\n    org.ent.pressagency.DNB     0.6667    0.6667    0.6667         3\n    org.ent.pressagency.DPA     1.0000    1.0000    1.0000         2\n  org.ent.pressagency.Havas     0.8571    0.9091    0.8824        33\n   org.ent.pressagency.Kipa     1.0000    1.0000    1.0000         1\norg.ent.pressagency.Reuters     0.9615    0.9259    0.9434        27\norg.ent.pressagency.Stefani     1.0000    1.0000    1.0000         2\n org.ent.pressagency.UP-UPI     1.0000    0.9231    0.9600        13\n  org.ent.pressagency.Wolff     0.5000    0.6667    0.5714         3\n org.ent.pressagency.Xinhua     1.0000    1.0000    1.0000         1\n     org.ent.pressagency.ag     0.0000    0.0000    0.0000         3\n    org.ent.pressagency.unk     0.6000    0.4286    0.5000         7\n     pers.ind.articleauthor     0.1667    0.1111    0.1333         9\n\n                  micro avg     0.8497    0.8387    0.8442       155\n                  macro avg     0.6642    0.6842    0.6708       155\n               weighted avg     0.8097    0.8387    0.8211       155\n"}}