{
    "NE-COARSE-LIT": {
        "TIME-ALL": {
            "LED-ALL": {
                "ORG": {
                    "partial": {
                        "correct": 131,
                        "incorrect": 0,
                        "partial": 6,
                        "missed": 17,
                        "spurious": 10,
                        "possible": 154,
                        "actual": 147,
                        "TP": 131,
                        "FP": 16,
                        "FN": 23,
                        "P_micro": 0.9115646258503401,
                        "R_micro": 0.8701298701298701,
                        "F1_micro": 0.8903654485049834,
                        "P_macro_doc": 0.9211111111111111,
                        "R_macro_doc": 0.8801892551892551,
                        "F1_macro_doc": 0.9347120915614067,
                        "P_macro_doc_std": 0.23462078676077894,
                        "R_macro_doc_std": 0.2829808561545459,
                        "F1_macro_doc_std": 0.1757806065251495
                    },
                    "strict": {
                        "correct": 131,
                        "incorrect": 6,
                        "partial": 0,
                        "missed": 17,
                        "spurious": 10,
                        "possible": 154,
                        "actual": 147,
                        "TP": 131,
                        "FP": 16,
                        "FN": 23,
                        "P_micro": 0.891156462585034,
                        "R_micro": 0.8506493506493507,
                        "F1_micro": 0.8704318936877077,
                        "P_macro_doc": 0.9082222222222224,
                        "R_macro_doc": 0.8651251526251525,
                        "F1_macro_doc": 0.9206546877779754,
                        "P_macro_doc_std": 0.2546075168849517,
                        "R_macro_doc_std": 0.3034780500506563,
                        "F1_macro_doc_std": 0.20747302572039128
                    },
                    "ent_type": {
                        "correct": 136,
                        "incorrect": 1,
                        "partial": 0,
                        "missed": 17,
                        "spurious": 10,
                        "possible": 154,
                        "actual": 147,
                        "TP": 136,
                        "FP": 11,
                        "FN": 18,
                        "P_micro": 0.9251700680272109,
                        "R_micro": 0.8831168831168831,
                        "F1_micro": 0.9036544850498338,
                        "P_macro_doc": 0.9313333333333332,
                        "R_macro_doc": 0.8926892551892552,
                        "F1_macro_doc": 0.9460297693174406,
                        "P_macro_doc_std": 0.22712306991780665,
                        "R_macro_doc_std": 0.279810268100245,
                        "F1_macro_doc_std": 0.16247596638442494
                    },
                    "exact": {
                        "correct": 131,
                        "incorrect": 6,
                        "partial": 0,
                        "missed": 17,
                        "spurious": 10,
                        "possible": 154,
                        "actual": 147,
                        "TP": 131,
                        "FP": 16,
                        "FN": 23,
                        "P_micro": 0.891156462585034,
                        "R_micro": 0.8506493506493507,
                        "F1_micro": 0.8704318936877077,
                        "P_macro_doc": 0.9082222222222224,
                        "R_macro_doc": 0.8651251526251525,
                        "F1_macro_doc": 0.9206546877779754,
                        "P_macro_doc_std": 0.2546075168849517,
                        "R_macro_doc_std": 0.3034780500506563,
                        "F1_macro_doc_std": 0.20747302572039128
                    }
                },
                "PERS": {
                    "partial": {
                        "correct": 1,
                        "incorrect": 0,
                        "partial": 0,
                        "missed": 8,
                        "spurious": 4,
                        "possible": 9,
                        "actual": 5,
                        "TP": 1,
                        "FP": 4,
                        "FN": 8,
                        "P_micro": 0.2,
                        "R_micro": 0.1111111111111111,
                        "F1_micro": 0.14285714285714285,
                        "P_macro_doc": 0.2,
                        "R_macro_doc": 0.1111111111111111,
                        "F1_macro_doc": 1.0,
                        "P_macro_doc_std": 0.4000000000000001,
                        "R_macro_doc_std": 0.31426968052735443,
                        "F1_macro_doc_std": 0.0
                    },
                    "strict": {
                        "correct": 1,
                        "incorrect": 0,
                        "partial": 0,
                        "missed": 8,
                        "spurious": 4,
                        "possible": 9,
                        "actual": 5,
                        "TP": 1,
                        "FP": 4,
                        "FN": 8,
                        "P_micro": 0.2,
                        "R_micro": 0.1111111111111111,
                        "F1_micro": 0.14285714285714285,
                        "P_macro_doc": 0.2,
                        "R_macro_doc": 0.1111111111111111,
                        "F1_macro_doc": 1.0,
                        "P_macro_doc_std": 0.4000000000000001,
                        "R_macro_doc_std": 0.31426968052735443,
                        "F1_macro_doc_std": 0.0
                    },
                    "ent_type": {
                        "correct": 1,
                        "incorrect": 0,
                        "partial": 0,
                        "missed": 8,
                        "spurious": 4,
                        "possible": 9,
                        "actual": 5,
                        "TP": 1,
                        "FP": 4,
                        "FN": 8,
                        "P_micro": 0.2,
                        "R_micro": 0.1111111111111111,
                        "F1_micro": 0.14285714285714285,
                        "P_macro_doc": 0.2,
                        "R_macro_doc": 0.1111111111111111,
                        "F1_macro_doc": 1.0,
                        "P_macro_doc_std": 0.4000000000000001,
                        "R_macro_doc_std": 0.31426968052735443,
                        "F1_macro_doc_std": 0.0
                    },
                    "exact": {
                        "correct": 1,
                        "incorrect": 0,
                        "partial": 0,
                        "missed": 8,
                        "spurious": 4,
                        "possible": 9,
                        "actual": 5,
                        "TP": 1,
                        "FP": 4,
                        "FN": 8,
                        "P_micro": 0.2,
                        "R_micro": 0.1111111111111111,
                        "F1_micro": 0.14285714285714285,
                        "P_macro_doc": 0.2,
                        "R_macro_doc": 0.1111111111111111,
                        "F1_macro_doc": 1.0,
                        "P_macro_doc_std": 0.4000000000000001,
                        "R_macro_doc_std": 0.31426968052735443,
                        "F1_macro_doc_std": 0.0
                    }
                },
                "ALL": {
                    "partial": {
                        "correct": 132,
                        "incorrect": 0,
                        "partial": 6,
                        "missed": 25,
                        "spurious": 14,
                        "possible": 163,
                        "actual": 152,
                        "TP": 132,