{
    "NE-COARSE-LIT": {
        "TIME-ALL": {
            "LED-ALL": {
                "ORG": {
                    "partial": {
                        "correct": 127,
                        "incorrect": 0,
                        "partial": 11,
                        "missed": 16,
                        "spurious": 18,
                        "possible": 154,
                        "actual": 156,
                        "TP": 127,
                        "FP": 29,
                        "FN": 27,
                        "P_micro": 0.8493589743589743,
                        "R_micro": 0.8603896103896104,
                        "F1_micro": 0.8548387096774194,
                        "P_macro_doc": 0.8657172995780591,
                        "R_macro_doc": 0.8780982905982907,
                        "F1_macro_doc": 0.8917537506353296,
                        "P_macro_doc_std": 0.2856383877834854,
                        "R_macro_doc_std": 0.2421723823626808,
                        "F1_macro_doc_std": 0.2169343984685832
                    },
                    "strict": {
                        "correct": 127,
                        "incorrect": 11,
                        "partial": 0,
                        "missed": 16,
                        "spurious": 18,
                        "possible": 154,
                        "actual": 156,
                        "TP": 127,
                        "FP": 29,
                        "FN": 27,
                        "P_micro": 0.8141025641025641,
                        "R_micro": 0.8246753246753247,
                        "F1_micro": 0.8193548387096774,
                        "P_macro_doc": 0.8299578059071729,
                        "R_macro_doc": 0.8313492063492064,
                        "F1_macro_doc": 0.8513775697986224,
                        "P_macro_doc_std": 0.3479028970653534,
                        "R_macro_doc_std": 0.3314308644527454,
                        "F1_macro_doc_std": 0.30644645105272333
                    },
                    "ent_type": {
                        "correct": 138,
                        "incorrect": 0,
                        "partial": 0,
                        "missed": 16,
                        "spurious": 18,
                        "possible": 154,
                        "actual": 156,
                        "TP": 138,
                        "FP": 18,
                        "FN": 16,
                        "P_micro": 0.8846153846153846,
                        "R_micro": 0.8961038961038961,
                        "F1_micro": 0.8903225806451613,
                        "P_macro_doc": 0.9014767932489451,
                        "R_macro_doc": 0.924847374847375,
                        "F1_macro_doc": 0.9321299314720367,
                        "P_macro_doc_std": 0.25613691114966075,
                        "R_macro_doc_std": 0.211420812752814,
                        "F1_macro_doc_std": 0.16566522472462678
                    },
                    "exact": {
                        "correct": 127,
                        "incorrect": 11,
                        "partial": 0,
                        "missed": 16,
                        "spurious": 18,
                        "possible": 154,
                        "actual": 156,
                        "TP": 127,
                        "FP": 29,
                        "FN": 27,
                        "P_micro": 0.8141025641025641,
                        "R_micro": 0.8246753246753247,
                        "F1_micro": 0.8193548387096774,
                        "P_macro_doc": 0.8299578059071729,
                        "R_macro_doc": 0.8313492063492064,
                        "F1_macro_doc": 0.8513775697986224,
                        "P_macro_doc_std": 0.3479028970653534,
                        "R_macro_doc_std": 0.3314308644527454,
                        "F1_macro_doc_std": 0.30644645105272333
                    }
                },
                "PERS": {
                    "partial": {
                        "correct": 0,
                        "incorrect": 0,
                        "partial": 0,
                        "missed": 9,
                        "spurious": 3,
                        "possible": 9,
                        "actual": 3,
                        "TP": 0,
                        "FP": 3,
                        "FN": 9,
                        "P_micro": 0.0,
                        "R_micro": 0.0,
                        "F1_micro": 0,
                        "P_macro_doc": 0.0,
                        "R_macro_doc": 0.0,
                        "F1_macro_doc": null,
                        "P_macro_doc_std": 0.0,
                        "R_macro_doc_std": 0.0,
                        "F1_macro_doc_std": null
                    },
                    "strict": {
                        "correct": 0,
                        "incorrect": 0,
                        "partial": 0,
                        "missed": 9,
                        "spurious": 3,
                        "possible": 9,
                        "actual": 3,
                        "TP": 0,
                        "FP": 3,
                        "FN": 9,
                        "P_micro": 0.0,
                        "R_micro": 0.0,
                        "F1_micro": 0,
                        "P_macro_doc": 0.0,
                        "R_macro_doc": 0.0,
                        "F1_macro_doc": null,
                        "P_macro_doc_std": 0.0,
                        "R_macro_doc_std": 0.0,
                        "F1_macro_doc_std": null
                    },
                    "ent_type": {
                        "correct": 0,
                        "incorrect": 0,
                        "partial": 0,
                        "missed": 9,
                        "spurious": 3,
                        "possible": 9,
                        "actual": 3,
                        "TP": 0,
                        "FP": 3,
                        "FN": 9,
                        "P_micro": 0.0,
                        "R_micro": 0.0,
                        "F1_micro": 0,
                        "P_macro_doc": 0.0,
                        "R_macro_doc": 0.0,
                        "F1_macro_doc": null,
                        "P_macro_doc_std": 0.0,
                        "R_macro_doc_std": 0.0,
                        "F1_macro_doc_std": null
                    },
                    "exact": {
                        "correct": 0,
                        "incorrect": 0,
                        "partial": 0,
                        "missed": 9,
                        "spurious": 3,
                        "possible": 9,
                        "actual": 3,
                        "TP": 0,
                        "FP": 3,
                        "FN": 9,
                        "P_micro": 0.0,
                        "R_micro": 0.0,
                        "F1_micro": 0,
                        "P_macro_doc": 0.0,
                        "R_macro_doc": 0.0,
                        "F1_macro_doc": null,
                        "P_macro_doc_std": 0.0,
                        "R_macro_doc_std": 0.0,
                        "F1_macro_doc_std": null
                    }
                },
                "ALL": {
                    "partial": {
                        "correct": 127,
                        "incorrect": 0,
                        "partial": 11,
                        "missed": 25,
                        "spurious": 21,
                        "possible": 163,
                        "actual": 159,
                        "TP": 127,
                        "FP": 32,
                        "FN": 36,
                        "P_micro": 0.8333333333333334,
                        "R_micro": 0.8128834355828221,
                        "F1_micro": 0.8229813664596273,
                        "P_macro_doc": 0.8427983539094652,