{
    "NE-COARSE-LIT": {
        "TIME-ALL": {
            "LED-ALL": {
                "ORG": {
                    "partial": {
                        "correct": 100,
                        "incorrect": 0,
                        "partial": 1,
                        "missed": 9,
                        "spurious": 25,
                        "possible": 110,
                        "actual": 126,
                        "TP": 100,
                        "FP": 26,
                        "FN": 10,
                        "P_micro": 0.7976190476190477,
                        "R_micro": 0.9136363636363637,
                        "F1_micro": 0.8516949152542372,
                        "P_macro_doc": 0.9038600288600289,
                        "R_macro_doc": 0.9287878787878787,
                        "F1_macro_doc": 0.9291593822843822,
                        "P_macro_doc_std": 0.23661662637261147,
                        "R_macro_doc_std": 0.20960812913435437,
                        "F1_macro_doc_std": 0.15056006534561256
                    },
                    "strict": {
                        "correct": 100,
                        "incorrect": 1,
                        "partial": 0,
                        "missed": 9,
                        "spurious": 25,
                        "possible": 110,
                        "actual": 126,
                        "TP": 100,
                        "FP": 26,
                        "FN": 10,
                        "P_micro": 0.7936507936507936,
                        "R_micro": 0.9090909090909091,
                        "F1_micro": 0.847457627118644,
                        "P_macro_doc": 0.8962842712842712,
                        "R_macro_doc": 0.9212121212121211,
                        "F1_macro_doc": 0.9213468822843822,
                        "P_macro_doc_std": 0.256587228652075,
                        "R_macro_doc_std": 0.23272911404995486,
                        "F1_macro_doc_std": 0.1822612505960019
                    },
                    "ent_type": {
                        "correct": 101,
                        "incorrect": 0,
                        "partial": 0,
                        "missed": 9,
                        "spurious": 25,
                        "possible": 110,
                        "actual": 126,
                        "TP": 101,
                        "FP": 25,
                        "FN": 9,
                        "P_micro": 0.8015873015873016,
                        "R_micro": 0.9181818181818182,
                        "F1_micro": 0.8559322033898306,
                        "P_macro_doc": 0.9114357864357865,
                        "R_macro_doc": 0.9363636363636363,
                        "F1_macro_doc": 0.9369718822843822,
                        "P_macro_doc_std": 0.23151419657253006,
                        "R_macro_doc_std": 0.20290211542020875,
                        "F1_macro_doc_std": 0.14074065785135315
                    },
                    "exact": {
                        "correct": 100,
                        "incorrect": 1,
                        "partial": 0,
                        "missed": 9,
                        "spurious": 25,
                        "possible": 110,
                        "actual": 126,
                        "TP": 100,
                        "FP": 26,
                        "FN": 10,
                        "P_micro": 0.7936507936507936,
                        "R_micro": 0.9090909090909091,
                        "F1_micro": 0.847457627118644,
                        "P_macro_doc": 0.8962842712842712,
                        "R_macro_doc": 0.9212121212121211,
                        "F1_macro_doc": 0.9213468822843822,
                        "P_macro_doc_std": 0.256587228652075,
                        "R_macro_doc_std": 0.23272911404995486,
                        "F1_macro_doc_std": 0.1822612505960019
                    }
                },
                "PERS": {
                    "partial": {
                        "correct": 3,
                        "incorrect": 0,
                        "partial": 0,
                        "missed": 1,
                        "spurious": 4,
                        "possible": 4,
                        "actual": 7,
                        "TP": 3,
                        "FP": 4,
                        "FN": 1,
                        "P_micro": 0.42857142857142855,
                        "R_micro": 0.75,
                        "F1_micro": 0.5454545454545454,
                        "P_macro_doc": 0.3333333333333333,
                        "R_macro_doc": 0.6666666666666666,
                        "F1_macro_doc": 1.0,
                        "P_macro_doc_std": 0.4714045207910317,
                        "R_macro_doc_std": 0.4714045207910317,
                        "F1_macro_doc_std": 0.0
                    },
                    "strict": {
                        "correct": 3,
                        "incorrect": 0,
                        "partial": 0,
                        "missed": 1,
                        "spurious": 4,
                        "possible": 4,
                        "actual": 7,
                        "TP": 3,
                        "FP": 4,
                        "FN": 1,
                        "P_micro": 0.42857142857142855,
                        "R_micro": 0.75,
                        "F1_micro": 0.5454545454545454,
                        "P_macro_doc": 0.3333333333333333,
                        "R_macro_doc": 0.6666666666666666,
                        "F1_macro_doc": 1.0,
                        "P_macro_doc_std": 0.4714045207910317,
                        "R_macro_doc_std": 0.4714045207910317,
                        "F1_macro_doc_std": 0.0
                    },
                    "ent_type": {
                        "correct": 3,
                        "incorrect": 0,
                        "partial": 0,
                        "missed": 1,
                        "spurious": 4,
                        "possible": 4,
                        "actual": 7,
                        "TP": 3,
                        "FP": 4,
                        "FN": 1,
                        "P_micro": 0.42857142857142855,
                        "R_micro": 0.75,
                        "F1_micro": 0.5454545454545454,
                        "P_macro_doc": 0.3333333333333333,
                        "R_macro_doc": 0.6666666666666666,
                        "F1_macro_doc": 1.0,
                        "P_macro_doc_std": 0.4714045207910317,
                        "R_macro_doc_std": 0.4714045207910317,
                        "F1_macro_doc_std": 0.0
                    },
                    "exact": {
                        "correct": 3,
                        "incorrect": 0,
                        "partial": 0,
                        "missed": 1,
                        "spurious": 4,
                        "possible": 4,
                        "actual": 7,
                        "TP": 3,
                        "FP": 4,
                        "FN": 1,
                        "P_micro": 0.42857142857142855,
                        "R_micro": 0.75,
                        "F1_micro": 0.5454545454545454,
                        "P_macro_doc": 0.3333333333333333,
                        "R_macro_doc": 0.6666666666666666,
                        "F1_macro_doc": 1.0,
                        "P_macro_doc_std": 0.4714045207910317,
                        "R_macro_doc_std": 0.4714045207910317,
                        "F1_macro_doc_std": 0.0
                    }
                },
                "ALL": {
                    "partial": {
                        "correct": 103,
                        "incorrect": 0,
                        "partial": 1,
                        "missed": 10,
                        "spurious": 29,
                        "possible": 114,