{"dev": {"global": [{"loss": 0.006755348154359361, "precision": 0.75, "recall": 0.7850467289719626, "f1": 0.7671232876712327}, {"loss": 0.006459572386253119, "precision": 0.676923076923077, "recall": 0.822429906542056, "f1": 0.7426160337552743}, {"loss": 0.00574751641230005, "precision": 0.7022900763358778, "recall": 0.8598130841121495, "f1": 0.773109243697479}], "sent-level": [null, null, null], "token-level": ["                             precision    recall  f1-score   support\n\n    org.ent.pressagency.AFP     0.5833    1.0000    0.7368        14\n     org.ent.pressagency.AP     1.0000    0.6250    0.7692         8\norg.ent.pressagency.ATS-SDA     0.7500    0.9130    0.8235        23\n    org.ent.pressagency.DNB     1.0000    0.3333    0.5000         3\n  org.ent.pressagency.Extel     0.0000    0.0000    0.0000         1\n  org.ent.pressagency.Havas     0.8750    0.8400    0.8571        25\norg.ent.pressagency.Reuters     0.7619    1.0000    0.8649        16\norg.ent.pressagency.Stefani     0.0000    0.0000    0.0000         1\n org.ent.pressagency.UP-UPI     1.0000    0.7500    0.8571         4\n  org.ent.pressagency.Wolff     0.5000    1.0000    0.6667         3\n     org.ent.pressagency.ag     0.0000    0.0000    0.0000         1\n    org.ent.pressagency.unk     0.0000    0.0000    0.0000         4\n     pers.ind.articleauthor     0.0000    0.0000    0.0000         4\n\n                  micro avg     0.7500    0.7850    0.7671       107\n                  macro avg     0.4977    0.4970    0.4673       107\n               weighted avg     0.7101    0.7850    0.7253       107\n", "                             precision    recall  f1-score   support\n\n    org.ent.pressagency.AFP     0.5600    1.0000    0.7179        14\n     org.ent.pressagency.AP     1.0000    0.6250    0.7692         8\norg.ent.pressagency.ATS-SDA     0.7931    1.0000    0.8846        23\n    org.ent.pressagency.DNB     1.0000    0.3333    0.5000         3\n  org.ent.pressagency.Extel     0.0000    0.0000    0.0000         1\n  org.ent.pressagency.Havas     0.7586    0.8800    0.8148        25\norg.ent.pressagency.Reuters     0.9412    1.0000    0.9697        16\norg.ent.pressagency.Stefani     1.0000    1.0000    1.0000         1\n org.ent.pressagency.UP-UPI     0.6667    1.0000    0.8000         4\n  org.ent.pressagency.Wolff     0.6667    0.6667    0.6667         3\n     org.ent.pressagency.ag     0.0000    0.0000    0.0000         1\n    org.ent.pressagency.unk     0.0000    0.0000    0.0000         4\n     pers.ind.articleauthor     0.0000    0.0000    0.0000         4\n\n                  micro avg     0.6769    0.8224    0.7426       107\n                  macro avg     0.5682    0.5773    0.5479       107\n               weighted avg     0.7175    0.8224    0.7489       107\n", "                             precision    recall  f1-score   support\n\n    org.ent.pressagency.AFP     0.7000    1.0000    0.8235        14\n     org.ent.pressagency.AP     1.0000    0.6250    0.7692         8\norg.ent.pressagency.ATS-SDA     0.6970    1.0000    0.8214        23\n    org.ent.pressagency.DNB     0.3333    0.3333    0.3333         3\n    org.ent.pressagency.DPA     0.0000    0.0000    0.0000         0\n  org.ent.pressagency.Extel     0.0000    0.0000    0.0000         1\n  org.ent.pressagency.Havas     0.8571    0.9600    0.9057        25\norg.ent.pressagency.Reuters     0.8421    1.0000    0.9143        16\norg.ent.pressagency.Stefani     1.0000    1.0000    1.0000         1\n org.ent.pressagency.UP-UPI     0.8000    1.0000    0.8889         4\n  org.ent.pressagency.Wolff     0.7500    1.0000    0.8571         3\n     org.ent.pressagency.ag     0.0000    0.0000    0.0000         1\n    org.ent.pressagency.unk     0.0000    0.0000    0.0000         4\n     pers.ind.articleauthor     0.2500    0.2500    0.2500         4\n\n                  micro avg     0.7023    0.8598    0.7731       107\n                  macro avg     0.5164    0.5835    0.5402       107\n               weighted avg     0.7213    0.8598    0.7755       107\n"]}, "test": {"global": {"loss": 0.008236867061077143, "precision": 0.7712418300653595, "recall": 0.8082191780821918, "f1": 0.7892976588628763}, "token-level": "                             precision    recall  f1-score   support\n\n    org.ent.pressagency.AFP     1.0000    1.0000    1.0000        18\n   org.ent.pressagency.ANSA     0.0000    0.0000    0.0000         1\n     org.ent.pressagency.AP     0.8333    1.0000    0.9091         5\n    org.ent.pressagency.APA     0.0000    0.0000    0.0000         1\norg.ent.pressagency.ATS-SDA     0.8462    0.9565    0.8980        23\n    org.ent.pressagency.DNB     0.2000    0.3333    0.2500         3\n    org.ent.pressagency.DPA     1.0000    1.0000    1.0000         2\n  org.ent.pressagency.Havas     0.8182    0.8710    0.8438        31\n   org.ent.pressagency.Kipa     1.0000    1.0000    1.0000         1\norg.ent.pressagency.Reuters     0.9583    0.8846    0.9200        26\norg.ent.pressagency.Stefani     1.0000    1.0000    1.0000         2\n org.ent.pressagency.UP-UPI     0.9231    0.9231    0.9231        13\n  org.ent.pressagency.Wolff     0.5000    1.0000    0.6667         3\n org.ent.pressagency.Xinhua     0.0000    0.0000    0.0000         1\n     org.ent.pressagency.ag     0.0000    0.0000    0.0000         3\n    org.ent.pressagency.unk     0.2500    0.4000    0.3077         5\n     pers.ind.articleauthor     0.0000    0.0000    0.0000         8\n\n                  micro avg     0.7712    0.8082    0.7893       146\n                  macro avg     0.5488    0.6099    0.5717       146\n               weighted avg     0.7689    0.8082    0.7847       146\n"}}