{
    "NE-COARSE-LIT": {
        "TIME-ALL": {
            "LED-ALL": {
                "ORG": {
                    "partial": {
                        "correct": 46,
                        "incorrect": 0,
                        "partial": 0,
                        "missed": 10,
                        "spurious": 9,
                        "possible": 56,
                        "actual": 55,
                        "TP": 46,
                        "FP": 9,
                        "FN": 10,
                        "P_micro": 0.8363636363636363,
                        "R_micro": 0.8214285714285714,
                        "F1_micro": 0.8288288288288289,
                        "P_macro_doc": 0.7481481481481481,
                        "R_macro_doc": 0.9246753246753247,
                        "F1_macro_doc": 0.9360832052119094,
                        "P_macro_doc_std": 0.4088862050368172,
                        "R_macro_doc_std": 0.13684670158068568,
                        "F1_macro_doc_std": 0.10397091379640122
                    },
                    "strict": {
                        "correct": 46,
                        "incorrect": 0,
                        "partial": 0,
                        "missed": 10,
                        "spurious": 9,
                        "possible": 56,
                        "actual": 55,
                        "TP": 46,
                        "FP": 9,
                        "FN": 10,
                        "P_micro": 0.8363636363636363,
                        "R_micro": 0.8214285714285714,
                        "F1_micro": 0.8288288288288289,
                        "P_macro_doc": 0.7481481481481481,
                        "R_macro_doc": 0.9246753246753247,
                        "F1_macro_doc": 0.9360832052119094,
                        "P_macro_doc_std": 0.4088862050368172,
                        "R_macro_doc_std": 0.13684670158068568,
                        "F1_macro_doc_std": 0.10397091379640122
                    },
                    "ent_type": {
                        "correct": 46,
                        "incorrect": 0,
                        "partial": 0,
                        "missed": 10,
                        "spurious": 9,
                        "possible": 56,
                        "actual": 55,
                        "TP": 46,
                        "FP": 9,
                        "FN": 10,
                        "P_micro": 0.8363636363636363,
                        "R_micro": 0.8214285714285714,
                        "F1_micro": 0.8288288288288289,
                        "P_macro_doc": 0.7481481481481481,
                        "R_macro_doc": 0.9246753246753247,
                        "F1_macro_doc": 0.9360832052119094,
                        "P_macro_doc_std": 0.4088862050368172,
                        "R_macro_doc_std": 0.13684670158068568,
                        "F1_macro_doc_std": 0.10397091379640122
                    },
                    "exact": {
                        "correct": 46,
                        "incorrect": 0,
                        "partial": 0,
                        "missed": 10,
                        "spurious": 9,
                        "possible": 56,
                        "actual": 55,
                        "TP": 46,
                        "FP": 9,
                        "FN": 10,
                        "P_micro": 0.8363636363636363,
                        "R_micro": 0.8214285714285714,
                        "F1_micro": 0.8288288288288289,
                        "P_macro_doc": 0.7481481481481481,
                        "R_macro_doc": 0.9246753246753247,
                        "F1_macro_doc": 0.9360832052119094,
                        "P_macro_doc_std": 0.4088862050368172,
                        "R_macro_doc_std": 0.13684670158068568,
                        "F1_macro_doc_std": 0.10397091379640122
                    }
                },
                "PERS": {
                    "partial": {
                        "correct": 0,
                        "incorrect": 0,
                        "partial": 0,
                        "missed": 2,
                        "spurious": 2,
                        "possible": 2,
                        "actual": 2,
                        "TP": 0,
                        "FP": 2,
                        "FN": 2,
                        "P_micro": 0.0,
                        "R_micro": 0.0,
                        "F1_micro": 0,
                        "P_macro_doc": 0.0,
                        "R_macro_doc": 0.0,
                        "F1_macro_doc": null,
                        "P_macro_doc_std": 0.0,
                        "R_macro_doc_std": 0.0,
                        "F1_macro_doc_std": null
                    },
                    "strict": {
                        "correct": 0,
                        "incorrect": 0,
                        "partial": 0,
                        "missed": 2,
                        "spurious": 2,
                        "possible": 2,
                        "actual": 2,
                        "TP": 0,
                        "FP": 2,
                        "FN": 2,
                        "P_micro": 0.0,
                        "R_micro": 0.0,
                        "F1_micro": 0,
                        "P_macro_doc": 0.0,
                        "R_macro_doc": 0.0,
                        "F1_macro_doc": null,
                        "P_macro_doc_std": 0.0,
                        "R_macro_doc_std": 0.0,
                        "F1_macro_doc_std": null
                    },
                    "ent_type": {
                        "correct": 0,
                        "incorrect": 0,
                        "partial": 0,
                        "missed": 2,
                        "spurious": 2,
                        "possible": 2,
                        "actual": 2,
                        "TP": 0,
                        "FP": 2,
                        "FN": 2,
                        "P_micro": 0.0,
                        "R_micro": 0.0,
                        "F1_micro": 0,
                        "P_macro_doc": 0.0,
                        "R_macro_doc": 0.0,
                        "F1_macro_doc": null,
                        "P_macro_doc_std": 0.0,
                        "R_macro_doc_std": 0.0,
                        "F1_macro_doc_std": null
                    },
                    "exact": {
                        "correct": 0,
                        "incorrect": 0,
                        "partial": 0,
                        "missed": 2,
                        "spurious": 2,
                        "possible": 2,
                        "actual": 2,
                        "TP": 0,
                        "FP": 2,
                        "FN": 2,
                        "P_micro": 0.0,
                        "R_micro": 0.0,
                        "F1_micro": 0,
                        "P_macro_doc": 0.0,
                        "R_macro_doc": 0.0,
                        "F1_macro_doc": null,
                        "P_macro_doc_std": 0.0,
                        "R_macro_doc_std": 0.0,
                        "F1_macro_doc_std": null
                    }
                },
                "ALL": {
                    "partial": {
                        "correct": 46,
                        "incorrect": 0,
                        "partial": 0,
                        "missed": 12,
                        "spurious": 11,
                        "possible": 58,
                        "actual": 57,
                        "TP": 46,
                        "FP": 11,
                        "FN": 12,
                        "P_micro": 0.8070175438596491,
                        "R_micro": 0.7931034482758621,
                        "F1_micro": 0.8,
                        "P_macro_doc": 0.7087719298245614,
                        "R_macro_doc": 0.877056277056277,