{
    "NE-COARSE-LIT": {
        "TIME-ALL": {
            "LED-ALL": {
                "ORG": {
                    "partial": {
                        "correct": 101,
                        "incorrect": 0,
                        "partial": 2,
                        "missed": 7,
                        "spurious": 24,
                        "possible": 110,
                        "actual": 127,
                        "TP": 101,
                        "FP": 26,
                        "FN": 9,
                        "P_micro": 0.8031496062992126,
                        "R_micro": 0.9272727272727272,
                        "F1_micro": 0.8607594936708861,
                        "P_macro_doc": 0.891123949579832,
                        "R_macro_doc": 0.9439393939393939,
                        "F1_macro_doc": 0.9333727810650887,
                        "P_macro_doc_std": 0.2521283315183005,
                        "R_macro_doc_std": 0.1752496142744297,
                        "F1_macro_doc_std": 0.144484737037782
                    },
                    "strict": {
                        "correct": 101,
                        "incorrect": 2,
                        "partial": 0,
                        "missed": 7,
                        "spurious": 24,
                        "possible": 110,
                        "actual": 127,
                        "TP": 101,
                        "FP": 26,
                        "FN": 9,
                        "P_micro": 0.7952755905511811,
                        "R_micro": 0.9181818181818182,
                        "F1_micro": 0.8523206751054853,
                        "P_macro_doc": 0.8813200280112045,
                        "R_macro_doc": 0.9338383838383838,
                        "F1_macro_doc": 0.9231163708086786,
                        "P_macro_doc_std": 0.2712796640347744,
                        "R_macro_doc_std": 0.20519288980947767,
                        "F1_macro_doc_std": 0.17951168742664586
                    },
                    "ent_type": {
                        "correct": 103,
                        "incorrect": 0,
                        "partial": 0,
                        "missed": 7,
                        "spurious": 24,
                        "possible": 110,
                        "actual": 127,
                        "TP": 103,
                        "FP": 24,
                        "FN": 7,
                        "P_micro": 0.8110236220472441,
                        "R_micro": 0.9363636363636364,
                        "F1_micro": 0.869198312236287,
                        "P_macro_doc": 0.9009278711484594,
                        "R_macro_doc": 0.954040404040404,
                        "F1_macro_doc": 0.943629191321499,
                        "P_macro_doc_std": 0.2480371663155733,
                        "R_macro_doc_std": 0.16593426465228733,
                        "F1_macro_doc_std": 0.13365572638426376
                    },
                    "exact": {
                        "correct": 101,
                        "incorrect": 2,
                        "partial": 0,
                        "missed": 7,
                        "spurious": 24,
                        "possible": 110,
                        "actual": 127,
                        "TP": 101,
                        "FP": 26,
                        "FN": 9,
                        "P_micro": 0.7952755905511811,
                        "R_micro": 0.9181818181818182,
                        "F1_micro": 0.8523206751054853,
                        "P_macro_doc": 0.8813200280112045,
                        "R_macro_doc": 0.9338383838383838,
                        "F1_macro_doc": 0.9231163708086786,
                        "P_macro_doc_std": 0.2712796640347744,
                        "R_macro_doc_std": 0.20519288980947767,
                        "F1_macro_doc_std": 0.17951168742664586
                    }
                },
                "PERS": {
                    "partial": {
                        "correct": 0,
                        "incorrect": 0,
                        "partial": 0,
                        "missed": 4,
                        "spurious": 2,
                        "possible": 4,
                        "actual": 2,
                        "TP": 0,
                        "FP": 2,
                        "FN": 4,
                        "P_micro": 0.0,
                        "R_micro": 0.0,
                        "F1_micro": 0,
                        "P_macro_doc": 0.0,
                        "R_macro_doc": 0.0,
                        "F1_macro_doc": null,
                        "P_macro_doc_std": 0.0,
                        "R_macro_doc_std": 0.0,
                        "F1_macro_doc_std": null
                    },
                    "strict": {
                        "correct": 0,
                        "incorrect": 0,
                        "partial": 0,
                        "missed": 4,
                        "spurious": 2,
                        "possible": 4,
                        "actual": 2,
                        "TP": 0,
                        "FP": 2,
                        "FN": 4,
                        "P_micro": 0.0,
                        "R_micro": 0.0,
                        "F1_micro": 0,
                        "P_macro_doc": 0.0,
                        "R_macro_doc": 0.0,
                        "F1_macro_doc": null,
                        "P_macro_doc_std": 0.0,
                        "R_macro_doc_std": 0.0,
                        "F1_macro_doc_std": null
                    },
                    "ent_type": {
                        "correct": 0,
                        "incorrect": 0,
                        "partial": 0,
                        "missed": 4,
                        "spurious": 2,
                        "possible": 4,
                        "actual": 2,
                        "TP": 0,
                        "FP": 2,
                        "FN": 4,
                        "P_micro": 0.0,
                        "R_micro": 0.0,
                        "F1_micro": 0,
                        "P_macro_doc": 0.0,
                        "R_macro_doc": 0.0,
                        "F1_macro_doc": null,
                        "P_macro_doc_std": 0.0,
                        "R_macro_doc_std": 0.0,
                        "F1_macro_doc_std": null
                    },
                    "exact": {
                        "correct": 0,
                        "incorrect": 0,
                        "partial": 0,
                        "missed": 4,
                        "spurious": 2,
                        "possible": 4,
                        "actual": 2,
                        "TP": 0,
                        "FP": 2,
                        "FN": 4,
                        "P_micro": 0.0,
                        "R_micro": 0.0,
                        "F1_micro": 0,
                        "P_macro_doc": 0.0,
                        "R_macro_doc": 0.0,
                        "F1_macro_doc": null,
                        "P_macro_doc_std": 0.0,
                        "R_macro_doc_std": 0.0,
                        "F1_macro_doc_std": null
                    }
                },
                "ALL": {
                    "partial": {
                        "correct": 101,
                        "incorrect": 0,
                        "partial": 2,
                        "missed": 11,
                        "spurious": 26,
                        "possible": 114,
                        "actual": 129,
                        "TP": 101,
                        "FP": 28,
                        "FN": 13,
                        "P_micro": 0.7906976744186046,
                        "R_micro": 0.8947368421052632,
                        "F1_micro": 0.8395061728395061,
                        "P_macro_doc": 0.8788690476190475,