{
    "NE-COARSE-LIT": {
        "TIME-ALL": {
            "LED-ALL": {
                "ORG": {
                    "partial": {
                        "correct": 22,
                        "incorrect": 0,
                        "partial": 0,
                        "missed": 1,
                        "spurious": 5,
                        "possible": 23,
                        "actual": 27,
                        "TP": 22,
                        "FP": 5,
                        "FN": 1,
                        "P_micro": 0.8148148148148148,
                        "R_micro": 0.9565217391304348,
                        "F1_micro": 0.8800000000000001,
                        "P_macro_doc": 0.875,
                        "R_macro_doc": 0.9333333333333333,
                        "F1_macro_doc": 1.0,
                        "P_macro_doc_std": 0.33071891388307384,
                        "R_macro_doc_std": 0.24944382578492946,
                        "F1_macro_doc_std": 0.0
                    },
                    "strict": {
                        "correct": 22,
                        "incorrect": 0,
                        "partial": 0,
                        "missed": 1,
                        "spurious": 5,
                        "possible": 23,
                        "actual": 27,
                        "TP": 22,
                        "FP": 5,
                        "FN": 1,
                        "P_micro": 0.8148148148148148,
                        "R_micro": 0.9565217391304348,
                        "F1_micro": 0.8800000000000001,
                        "P_macro_doc": 0.875,
                        "R_macro_doc": 0.9333333333333333,
                        "F1_macro_doc": 1.0,
                        "P_macro_doc_std": 0.33071891388307384,
                        "R_macro_doc_std": 0.24944382578492946,
                        "F1_macro_doc_std": 0.0
                    },
                    "ent_type": {
                        "correct": 22,
                        "incorrect": 0,
                        "partial": 0,
                        "missed": 1,
                        "spurious": 5,
                        "possible": 23,
                        "actual": 27,
                        "TP": 22,
                        "FP": 5,
                        "FN": 1,
                        "P_micro": 0.8148148148148148,
                        "R_micro": 0.9565217391304348,
                        "F1_micro": 0.8800000000000001,
                        "P_macro_doc": 0.875,
                        "R_macro_doc": 0.9333333333333333,
                        "F1_macro_doc": 1.0,
                        "P_macro_doc_std": 0.33071891388307384,
                        "R_macro_doc_std": 0.24944382578492946,
                        "F1_macro_doc_std": 0.0
                    },
                    "exact": {
                        "correct": 22,
                        "incorrect": 0,
                        "partial": 0,
                        "missed": 1,
                        "spurious": 5,
                        "possible": 23,
                        "actual": 27,
                        "TP": 22,
                        "FP": 5,
                        "FN": 1,
                        "P_micro": 0.8148148148148148,
                        "R_micro": 0.9565217391304348,
                        "F1_micro": 0.8800000000000001,
                        "P_macro_doc": 0.875,
                        "R_macro_doc": 0.9333333333333333,
                        "F1_macro_doc": 1.0,
                        "P_macro_doc_std": 0.33071891388307384,
                        "R_macro_doc_std": 0.24944382578492946,
                        "F1_macro_doc_std": 0.0
                    }
                },
                "PERS": {
                    "partial": {
                        "correct": 0,
                        "incorrect": 0,
                        "partial": 0,
                        "missed": 3,
                        "spurious": 5,
                        "possible": 3,
                        "actual": 5,
                        "TP": 0,
                        "FP": 5,
                        "FN": 3,
                        "P_micro": 0.0,
                        "R_micro": 0.0,
                        "F1_micro": 0,
                        "P_macro_doc": 0.0,
                        "R_macro_doc": 0.0,
                        "F1_macro_doc": 0.0,
                        "P_macro_doc_std": 0.0,
                        "R_macro_doc_std": 0.0,
                        "F1_macro_doc_std": 0.0
                    },
                    "strict": {
                        "correct": 0,
                        "incorrect": 0,
                        "partial": 0,
                        "missed": 3,
                        "spurious": 5,
                        "possible": 3,
                        "actual": 5,
                        "TP": 0,
                        "FP": 5,
                        "FN": 3,
                        "P_micro": 0.0,
                        "R_micro": 0.0,
                        "F1_micro": 0,
                        "P_macro_doc": 0.0,
                        "R_macro_doc": 0.0,
                        "F1_macro_doc": 0.0,
                        "P_macro_doc_std": 0.0,
                        "R_macro_doc_std": 0.0,
                        "F1_macro_doc_std": 0.0
                    },
                    "ent_type": {
                        "correct": 0,
                        "incorrect": 0,
                        "partial": 0,
                        "missed": 3,
                        "spurious": 5,
                        "possible": 3,
                        "actual": 5,
                        "TP": 0,
                        "FP": 5,
                        "FN": 3,
                        "P_micro": 0.0,
                        "R_micro": 0.0,
                        "F1_micro": 0,
                        "P_macro_doc": 0.0,
                        "R_macro_doc": 0.0,
                        "F1_macro_doc": 0.0,
                        "P_macro_doc_std": 0.0,
                        "R_macro_doc_std": 0.0,
                        "F1_macro_doc_std": 0.0
                    },
                    "exact": {
                        "correct": 0,
                        "incorrect": 0,
                        "partial": 0,
                        "missed": 3,
                        "spurious": 5,
                        "possible": 3,
                        "actual": 5,
                        "TP": 0,
                        "FP": 5,
                        "FN": 3,
                        "P_micro": 0.0,
                        "R_micro": 0.0,
                        "F1_micro": 0,
                        "P_macro_doc": 0.0,
                        "R_macro_doc": 0.0,
                        "F1_macro_doc": 0.0,
                        "P_macro_doc_std": 0.0,
                        "R_macro_doc_std": 0.0,
                        "F1_macro_doc_std": 0.0
                    }
                },
                "ALL": {
                    "partial": {
                        "correct": 22,
                        "incorrect": 0,
                        "partial": 0,
                        "missed": 4,
                        "spurious": 10,
                        "possible": 26,
                        "actual": 32,
                        "TP": 22,
                        "FP": 10,
                        "FN": 4,
                        "P_micro": 0.6875,
                        "R_micro": 0.8461538461538461,
                        "F1_micro": 0.7586206896551724,
                        "P_macro_doc": 0.75,
                        "R_macro_doc": 0.8229166666666666,
                        "F1_macro_doc": 0.9500000000000001,
                        "P_macro_doc_std": 0.4166666666666667,
                        "R_macro_doc_std": 0.34089725358236606,