{
    "NE-COARSE-LIT": {
        "TIME-ALL": {
            "LED-ALL": {
                "ORG": {
                    "partial": {
                        "correct": 98,
                        "incorrect": 0,
                        "partial": 2,
                        "missed": 10,
                        "spurious": 21,
                        "possible": 110,
                        "actual": 121,
                        "TP": 98,
                        "FP": 23,
                        "FN": 12,
                        "P_micro": 0.8181818181818182,
                        "R_micro": 0.9,
                        "F1_micro": 0.8571428571428572,
                        "P_macro_doc": 0.8916133617626154,
                        "R_macro_doc": 0.9227272727272728,
                        "F1_macro_doc": 0.9505210838544172,
                        "P_macro_doc_std": 0.26334756629274386,
                        "R_macro_doc_std": 0.22579146922037746,
                        "F1_macro_doc_std": 0.11586972019303798
                    },
                    "strict": {
                        "correct": 98,
                        "incorrect": 2,
                        "partial": 0,
                        "missed": 10,
                        "spurious": 21,
                        "possible": 110,
                        "actual": 121,
                        "TP": 98,
                        "FP": 23,
                        "FN": 12,
                        "P_micro": 0.8099173553719008,
                        "R_micro": 0.8909090909090909,
                        "F1_micro": 0.8484848484848484,
                        "P_macro_doc": 0.8816631130063965,
                        "R_macro_doc": 0.9126262626262627,
                        "F1_macro_doc": 0.9399390732724066,
                        "P_macro_doc_std": 0.28201736851238357,
                        "R_macro_doc_std": 0.24888743358488344,
                        "F1_macro_doc_std": 0.15966888710293692
                    },
                    "ent_type": {
                        "correct": 100,
                        "incorrect": 0,
                        "partial": 0,
                        "missed": 10,
                        "spurious": 21,
                        "possible": 110,
                        "actual": 121,
                        "TP": 100,
                        "FP": 21,
                        "FN": 10,
                        "P_micro": 0.8264462809917356,
                        "R_micro": 0.9090909090909091,
                        "F1_micro": 0.8658008658008658,
                        "P_macro_doc": 0.9015636105188343,
                        "R_macro_doc": 0.9328282828282829,
                        "F1_macro_doc": 0.9611030944364277,
                        "P_macro_doc_std": 0.25935293378881824,
                        "R_macro_doc_std": 0.2196180050822577,
                        "F1_macro_doc_std": 0.09975878338419798
                    },
                    "exact": {
                        "correct": 98,
                        "incorrect": 2,
                        "partial": 0,
                        "missed": 10,
                        "spurious": 21,
                        "possible": 110,
                        "actual": 121,
                        "TP": 98,
                        "FP": 23,
                        "FN": 12,
                        "P_micro": 0.8099173553719008,
                        "R_micro": 0.8909090909090909,
                        "F1_micro": 0.8484848484848484,
                        "P_macro_doc": 0.8816631130063965,
                        "R_macro_doc": 0.9126262626262627,
                        "F1_macro_doc": 0.9399390732724066,
                        "P_macro_doc_std": 0.28201736851238357,
                        "R_macro_doc_std": 0.24888743358488344,
                        "F1_macro_doc_std": 0.15966888710293692
                    }
                },
                "PERS": {
                    "partial": {
                        "correct": 2,
                        "incorrect": 0,
                        "partial": 0,
                        "missed": 2,
                        "spurious": 4,
                        "possible": 4,
                        "actual": 6,
                        "TP": 2,
                        "FP": 4,
                        "FN": 2,
                        "P_micro": 0.3333333333333333,
                        "R_micro": 0.5,
                        "F1_micro": 0.4,
                        "P_macro_doc": 0.3333333333333333,
                        "R_macro_doc": 0.5,
                        "F1_macro_doc": 0.8333333333333333,
                        "P_macro_doc_std": 0.4714045207910317,
                        "R_macro_doc_std": 0.408248290463863,
                        "F1_macro_doc_std": 0.16666666666666669
                    },
                    "strict": {
                        "correct": 2,
                        "incorrect": 0,
                        "partial": 0,
                        "missed": 2,
                        "spurious": 4,
                        "possible": 4,
                        "actual": 6,
                        "TP": 2,
                        "FP": 4,
                        "FN": 2,
                        "P_micro": 0.3333333333333333,
                        "R_micro": 0.5,
                        "F1_micro": 0.4,
                        "P_macro_doc": 0.3333333333333333,
                        "R_macro_doc": 0.5,
                        "F1_macro_doc": 0.8333333333333333,
                        "P_macro_doc_std": 0.4714045207910317,
                        "R_macro_doc_std": 0.408248290463863,
                        "F1_macro_doc_std": 0.16666666666666669
                    },
                    "ent_type": {
                        "correct": 2,
                        "incorrect": 0,
                        "partial": 0,
                        "missed": 2,
                        "spurious": 4,
                        "possible": 4,
                        "actual": 6,
                        "TP": 2,
                        "FP": 4,
                        "FN": 2,
                        "P_micro": 0.3333333333333333,
                        "R_micro": 0.5,
                        "F1_micro": 0.4,
                        "P_macro_doc": 0.3333333333333333,
                        "R_macro_doc": 0.5,
                        "F1_macro_doc": 0.8333333333333333,
                        "P_macro_doc_std": 0.4714045207910317,
                        "R_macro_doc_std": 0.408248290463863,
                        "F1_macro_doc_std": 0.16666666666666669
                    },
                    "exact": {
                        "correct": 2,
                        "incorrect": 0,
                        "partial": 0,
                        "missed": 2,
                        "spurious": 4,
                        "possible": 4,
                        "actual": 6,
                        "TP": 2,
                        "FP": 4,
                        "FN": 2,
                        "P_micro": 0.3333333333333333,
                        "R_micro": 0.5,
                        "F1_micro": 0.4,
                        "P_macro_doc": 0.3333333333333333,
                        "R_macro_doc": 0.5,
                        "F1_macro_doc": 0.8333333333333333,
                        "P_macro_doc_std": 0.4714045207910317,
                        "R_macro_doc_std": 0.408248290463863,
                        "F1_macro_doc_std": 0.16666666666666669
                    }
                },
                "ALL": {
                    "partial": {
                        "correct": 100,
                        "incorrect": 0,
                        "partial": 2,
                        "missed": 12,
                        "spurious": 25,
                        "possible": 114,
                        "actual": 127,