{
    "NE-COARSE-LIT": {
        "TIME-ALL": {
            "LED-ALL": {
                "ORG": {
                    "partial": {
                        "correct": 49,
                        "incorrect": 0,
                        "partial": 2,
                        "missed": 5,
                        "spurious": 6,
                        "possible": 56,
                        "actual": 57,
                        "TP": 49,
                        "FP": 8,
                        "FN": 7,
                        "P_micro": 0.8771929824561403,
                        "R_micro": 0.8928571428571429,
                        "F1_micro": 0.8849557522123894,
                        "P_macro_doc": 0.8360243055555556,
                        "R_macro_doc": 0.9558441558441559,
                        "F1_macro_doc": 0.9511121992656711,
                        "P_macro_doc_std": 0.32293028225103604,
                        "R_macro_doc_std": 0.09962190285484232,
                        "F1_macro_doc_std": 0.06650500501755555
                    },
                    "strict": {
                        "correct": 49,
                        "incorrect": 2,
                        "partial": 0,
                        "missed": 5,
                        "spurious": 6,
                        "possible": 56,
                        "actual": 57,
                        "TP": 49,
                        "FP": 8,
                        "FN": 7,
                        "P_micro": 0.8596491228070176,
                        "R_micro": 0.875,
                        "F1_micro": 0.8672566371681416,
                        "P_macro_doc": 0.8289930555555556,
                        "R_macro_doc": 0.9490259740259741,
                        "F1_macro_doc": 0.943781372198002,
                        "P_macro_doc_std": 0.32113827612112245,
                        "R_macro_doc_std": 0.1096600221537549,
                        "F1_macro_doc_std": 0.0772585311505777
                    },
                    "ent_type": {
                        "correct": 51,
                        "incorrect": 0,
                        "partial": 0,
                        "missed": 5,
                        "spurious": 6,
                        "possible": 56,
                        "actual": 57,
                        "TP": 51,
                        "FP": 6,
                        "FN": 5,
                        "P_micro": 0.8947368421052632,
                        "R_micro": 0.9107142857142857,
                        "F1_micro": 0.9026548672566371,
                        "P_macro_doc": 0.8430555555555556,
                        "R_macro_doc": 0.9626623376623377,
                        "F1_macro_doc": 0.9584430263333404,
                        "P_macro_doc_std": 0.3257914153201344,
                        "R_macro_doc_std": 0.09155901722210112,
                        "F1_macro_doc_std": 0.059349285698103556
                    },
                    "exact": {
                        "correct": 49,
                        "incorrect": 2,
                        "partial": 0,
                        "missed": 5,
                        "spurious": 6,
                        "possible": 56,
                        "actual": 57,
                        "TP": 49,
                        "FP": 8,
                        "FN": 7,
                        "P_micro": 0.8596491228070176,
                        "R_micro": 0.875,
                        "F1_micro": 0.8672566371681416,
                        "P_macro_doc": 0.8289930555555556,
                        "R_macro_doc": 0.9490259740259741,
                        "F1_macro_doc": 0.943781372198002,
                        "P_macro_doc_std": 0.32113827612112245,
                        "R_macro_doc_std": 0.1096600221537549,
                        "F1_macro_doc_std": 0.0772585311505777
                    }
                },
                "PERS": {
                    "partial": {
                        "correct": 0,
                        "incorrect": 0,
                        "partial": 0,
                        "missed": 2,
                        "spurious": 0,
                        "possible": 2,
                        "actual": 0,
                        "TP": 0,
                        "FP": 0,
                        "FN": 2,
                        "P_micro": 0,
                        "R_micro": 0.0,
                        "F1_micro": 0,
                        "P_macro_doc": null,
                        "R_macro_doc": 0.0,
                        "F1_macro_doc": null,
                        "P_macro_doc_std": null,
                        "R_macro_doc_std": 0.0,
                        "F1_macro_doc_std": null
                    },
                    "strict": {
                        "correct": 0,
                        "incorrect": 0,
                        "partial": 0,
                        "missed": 2,
                        "spurious": 0,
                        "possible": 2,
                        "actual": 0,
                        "TP": 0,
                        "FP": 0,
                        "FN": 2,
                        "P_micro": 0,
                        "R_micro": 0.0,
                        "F1_micro": 0,
                        "P_macro_doc": null,
                        "R_macro_doc": 0.0,
                        "F1_macro_doc": null,
                        "P_macro_doc_std": null,
                        "R_macro_doc_std": 0.0,
                        "F1_macro_doc_std": null
                    },
                    "ent_type": {
                        "correct": 0,
                        "incorrect": 0,
                        "partial": 0,
                        "missed": 2,
                        "spurious": 0,
                        "possible": 2,
                        "actual": 0,
                        "TP": 0,
                        "FP": 0,
                        "FN": 2,
                        "P_micro": 0,
                        "R_micro": 0.0,
                        "F1_micro": 0,
                        "P_macro_doc": null,
                        "R_macro_doc": 0.0,
                        "F1_macro_doc": null,
                        "P_macro_doc_std": null,
                        "R_macro_doc_std": 0.0,
                        "F1_macro_doc_std": null
                    },
                    "exact": {
                        "correct": 0,
                        "incorrect": 0,
                        "partial": 0,
                        "missed": 2,
                        "spurious": 0,
                        "possible": 2,
                        "actual": 0,
                        "TP": 0,
                        "FP": 0,
                        "FN": 2,
                        "P_micro": 0,
                        "R_micro": 0.0,
                        "F1_micro": 0,
                        "P_macro_doc": null,
                        "R_macro_doc": 0.0,
                        "F1_macro_doc": null,
                        "P_macro_doc_std": null,
                        "R_macro_doc_std": 0.0,
                        "F1_macro_doc_std": null
                    }
                },
                "ALL": {
                    "partial": {
                        "correct": 49,
                        "incorrect": 0,
                        "partial": 2,
                        "missed": 7,
                        "spurious": 6,
                        "possible": 58,
                        "actual": 57,
                        "TP": 49,
                        "FP": 8,
                        "FN": 9,
                        "P_micro": 0.8771929824561403,
                        "R_micro": 0.8620689655172413,
                        "F1_micro": 0.8695652173913043,
                        "P_macro_doc": 0.8360243055555556,
                        "R_macro_doc": 0.9082251082251082,