{
    "NE-COARSE-LIT": {
        "TIME-ALL": {
            "LED-ALL": {
                "ORG": {
                    "partial": {
                        "correct": 46,
                        "incorrect": 0,
                        "partial": 1,
                        "missed": 9,
                        "spurious": 6,
                        "possible": 56,
                        "actual": 53,
                        "TP": 46,
                        "FP": 7,
                        "FN": 10,
                        "P_micro": 0.8773584905660378,
                        "R_micro": 0.8303571428571429,
                        "F1_micro": 0.8532110091743119,
                        "P_macro_doc": 0.7950980392156862,
                        "R_macro_doc": 0.9303571428571429,
                        "F1_macro_doc": 0.9401915152025724,
                        "P_macro_doc_std": 0.37363103964607247,
                        "R_macro_doc_std": 0.1389304076264995,
                        "F1_macro_doc_std": 0.095170056415075
                    },
                    "strict": {
                        "correct": 46,
                        "incorrect": 1,
                        "partial": 0,
                        "missed": 9,
                        "spurious": 6,
                        "possible": 56,
                        "actual": 53,
                        "TP": 46,
                        "FP": 7,
                        "FN": 10,
                        "P_micro": 0.8679245283018868,
                        "R_micro": 0.8214285714285714,
                        "F1_micro": 0.8440366972477065,
                        "P_macro_doc": 0.7901960784313725,
                        "R_macro_doc": 0.9271103896103897,
                        "F1_macro_doc": 0.9359898345303035,
                        "P_macro_doc_std": 0.37254901960784315,
                        "R_macro_doc_std": 0.14910809284315862,
                        "F1_macro_doc_std": 0.1083980771702499
                    },
                    "ent_type": {
                        "correct": 47,
                        "incorrect": 0,
                        "partial": 0,
                        "missed": 9,
                        "spurious": 6,
                        "possible": 56,
                        "actual": 53,
                        "TP": 47,
                        "FP": 6,
                        "FN": 9,
                        "P_micro": 0.8867924528301887,
                        "R_micro": 0.8392857142857143,
                        "F1_micro": 0.8623853211009174,
                        "P_macro_doc": 0.7999999999999999,
                        "R_macro_doc": 0.933603896103896,
                        "F1_macro_doc": 0.9443931958748413,
                        "P_macro_doc_std": 0.3757345746510897,
                        "R_macro_doc_std": 0.12901228448479038,
                        "F1_macro_doc_std": 0.08260474123289982
                    },
                    "exact": {
                        "correct": 46,
                        "incorrect": 1,
                        "partial": 0,
                        "missed": 9,
                        "spurious": 6,
                        "possible": 56,
                        "actual": 53,
                        "TP": 46,
                        "FP": 7,
                        "FN": 10,
                        "P_micro": 0.8679245283018868,
                        "R_micro": 0.8214285714285714,
                        "F1_micro": 0.8440366972477065,
                        "P_macro_doc": 0.7901960784313725,
                        "R_macro_doc": 0.9271103896103897,
                        "F1_macro_doc": 0.9359898345303035,
                        "P_macro_doc_std": 0.37254901960784315,
                        "R_macro_doc_std": 0.14910809284315862,
                        "F1_macro_doc_std": 0.1083980771702499
                    }
                },
                "PERS": {
                    "partial": {
                        "correct": 0,
                        "incorrect": 0,
                        "partial": 0,
                        "missed": 2,
                        "spurious": 0,
                        "possible": 2,
                        "actual": 0,
                        "TP": 0,
                        "FP": 0,
                        "FN": 2,
                        "P_micro": 0,
                        "R_micro": 0.0,
                        "F1_micro": 0,
                        "P_macro_doc": null,
                        "R_macro_doc": 0.0,
                        "F1_macro_doc": null,
                        "P_macro_doc_std": null,
                        "R_macro_doc_std": 0.0,
                        "F1_macro_doc_std": null
                    },
                    "strict": {
                        "correct": 0,
                        "incorrect": 0,
                        "partial": 0,
                        "missed": 2,
                        "spurious": 0,
                        "possible": 2,
                        "actual": 0,
                        "TP": 0,
                        "FP": 0,
                        "FN": 2,
                        "P_micro": 0,
                        "R_micro": 0.0,
                        "F1_micro": 0,
                        "P_macro_doc": null,
                        "R_macro_doc": 0.0,
                        "F1_macro_doc": null,
                        "P_macro_doc_std": null,
                        "R_macro_doc_std": 0.0,
                        "F1_macro_doc_std": null
                    },
                    "ent_type": {
                        "correct": 0,
                        "incorrect": 0,
                        "partial": 0,
                        "missed": 2,
                        "spurious": 0,
                        "possible": 2,
                        "actual": 0,
                        "TP": 0,
                        "FP": 0,
                        "FN": 2,
                        "P_micro": 0,
                        "R_micro": 0.0,
                        "F1_micro": 0,
                        "P_macro_doc": null,
                        "R_macro_doc": 0.0,
                        "F1_macro_doc": null,
                        "P_macro_doc_std": null,
                        "R_macro_doc_std": 0.0,
                        "F1_macro_doc_std": null
                    },
                    "exact": {
                        "correct": 0,
                        "incorrect": 0,
                        "partial": 0,
                        "missed": 2,
                        "spurious": 0,
                        "possible": 2,
                        "actual": 0,
                        "TP": 0,
                        "FP": 0,
                        "FN": 2,
                        "P_micro": 0,
                        "R_micro": 0.0,
                        "F1_micro": 0,
                        "P_macro_doc": null,
                        "R_macro_doc": 0.0,
                        "F1_macro_doc": null,
                        "P_macro_doc_std": null,
                        "R_macro_doc_std": 0.0,
                        "F1_macro_doc_std": null
                    }
                },
                "ALL": {
                    "partial": {
                        "correct": 46,
                        "incorrect": 0,
                        "partial": 1,
                        "missed": 11,
                        "spurious": 6,
                        "possible": 58,
                        "actual": 53,
                        "TP": 46,
                        "FP": 7,
                        "FN": 12,
                        "P_micro": 0.8773584905660378,
                        "R_micro": 0.8017241379310345,
                        "F1_micro": 0.8378378378378378,
                        "P_macro_doc": 0.7950980392156862,