{"dev": {"global": [{"loss": 0.006524589578352942, "precision": 0.7289719626168224, "recall": 0.6964285714285714, "f1": 0.7123287671232876}, {"loss": 0.0050781996452836245, "precision": 0.7230769230769231, "recall": 0.8392857142857143, "f1": 0.7768595041322314}, {"loss": 0.003958415735018861, "precision": 0.725925925925926, "recall": 0.875, "f1": 0.7935222672064778}], "sent-level": [null, null, null], "token-level": ["                             precision    recall  f1-score   support\n\n    org.ent.pressagency.AFP     0.6364    1.0000    0.7778        14\n     org.ent.pressagency.AP     1.0000    0.6250    0.7692         8\norg.ent.pressagency.ATS-SDA     0.8500    0.7083    0.7727        24\n    org.ent.pressagency.DNB     0.0000    0.0000    0.0000         3\n  org.ent.pressagency.Extel     0.0000    0.0000    0.0000         1\n  org.ent.pressagency.Havas     0.6111    0.8462    0.7097        26\norg.ent.pressagency.Reuters     0.8947    0.8947    0.8947        19\norg.ent.pressagency.Stefani     0.0000    0.0000    0.0000         1\n org.ent.pressagency.UP-UPI     1.0000    0.2500    0.4000         4\n  org.ent.pressagency.Wolff     0.5000    0.6667    0.5714         3\n     org.ent.pressagency.ag     0.0000    0.0000    0.0000         1\n    org.ent.pressagency.unk     0.0000    0.0000    0.0000         4\n     pers.ind.articleauthor     0.0000    0.0000    0.0000         4\n\n                  micro avg     0.7290    0.6964    0.7123       112\n                  macro avg     0.4225    0.3839    0.3766       112\n               weighted avg     0.6759    0.6964    0.6639       112\n", "                             precision    recall  f1-score   support\n\n    org.ent.pressagency.AFP     0.5652    0.9286    0.7027        14\n     org.ent.pressagency.AP     1.0000    0.7500    0.8571         8\norg.ent.pressagency.ATS-SDA     0.8889    1.0000    0.9412        24\n    org.ent.pressagency.DNB     1.0000    0.3333    0.5000         3\n  org.ent.pressagency.Extel     0.0000    0.0000    0.0000         1\n  org.ent.pressagency.Havas     0.8065    0.9615    0.8772        26\norg.ent.pressagency.Reuters     0.7391    0.8947    0.8095        19\norg.ent.pressagency.Stefani     1.0000    1.0000    1.0000         1\n org.ent.pressagency.UP-UPI     0.5000    1.0000    0.6667         4\n  org.ent.pressagency.Wolff     0.6000    1.0000    0.7500         3\n     org.ent.pressagency.ag     0.0000    0.0000    0.0000         1\n    org.ent.pressagency.unk     0.0000    0.0000    0.0000         4\n     pers.ind.articleauthor     0.0000    0.0000    0.0000         4\n\n                  micro avg     0.7231    0.8393    0.7769       112\n                  macro avg     0.5461    0.6052    0.5465       112\n               weighted avg     0.7148    0.8393    0.7579       112\n", "                             precision    recall  f1-score   support\n\n    org.ent.pressagency.AFP     0.7000    1.0000    0.8235        14\n     org.ent.pressagency.AP     0.6667    0.7500    0.7059         8\norg.ent.pressagency.ATS-SDA     0.8276    1.0000    0.9057        24\n    org.ent.pressagency.DNB     0.3333    0.3333    0.3333         3\n    org.ent.pressagency.DPA     0.0000    0.0000    0.0000         0\n  org.ent.pressagency.Extel     0.0000    0.0000    0.0000         1\n  org.ent.pressagency.Havas     0.7353    0.9615    0.8333        26\norg.ent.pressagency.Reuters     0.9000    0.9474    0.9231        19\norg.ent.pressagency.Stefani     0.0000    0.0000    0.0000         1\n org.ent.pressagency.UP-UPI     1.0000    1.0000    1.0000         4\n  org.ent.pressagency.Wolff     0.6000    1.0000    0.7500         3\n     org.ent.pressagency.ag     0.0000    0.0000    0.0000         1\n    org.ent.pressagency.unk     0.3333    0.2500    0.2857         4\n     pers.ind.articleauthor     0.3333    0.5000    0.4000         4\n\n                  micro avg     0.7259    0.8750    0.7935       112\n                  macro avg     0.4593    0.5530    0.4972       112\n               weighted avg     0.7204    0.8750    0.7867       112\n"]}, "test": {"global": {"loss": 0.005526726471408282, "precision": 0.79375, "recall": 0.8037974683544303, "f1": 0.7987421383647798}, "token-level": "                             precision    recall  f1-score   support\n\n    org.ent.pressagency.AFP     0.9091    1.0000    0.9524        20\n   org.ent.pressagency.ANSA     0.0000    0.0000    0.0000         1\n     org.ent.pressagency.AP     0.7500    1.0000    0.8571         6\n    org.ent.pressagency.APA     0.0000    0.0000    0.0000         1\norg.ent.pressagency.ATS-SDA     0.9583    1.0000    0.9787        23\n    org.ent.pressagency.DNB     1.0000    0.3333    0.5000         3\n    org.ent.pressagency.DPA     0.6667    1.0000    0.8000         2\n  org.ent.pressagency.Havas     0.7317    0.9091    0.8108        33\n   org.ent.pressagency.Kipa     0.0000    0.0000    0.0000         1\norg.ent.pressagency.Reuters     0.8667    0.9286    0.8966        28\norg.ent.pressagency.Stefani     1.0000    1.0000    1.0000         2\n org.ent.pressagency.UP-UPI     1.0000    0.8571    0.9231        14\n  org.ent.pressagency.Wolff     0.7500    0.7500    0.7500         4\n org.ent.pressagency.Xinhua     0.0000    0.0000    0.0000         1\n     org.ent.pressagency.ag     0.0000    0.0000    0.0000         3\n    org.ent.pressagency.unk     0.2500    0.2857    0.2667         7\n     pers.ind.articleauthor     0.0000    0.0000    0.0000         9\n\n                  micro avg     0.7937    0.8038    0.7987       158\n                  macro avg     0.5225    0.5332    0.5138       158\n               weighted avg     0.7482    0.8038    0.7687       158\n"}}