{
    "NE-COARSE-LIT": {
        "TIME-ALL": {
            "LED-ALL": {
                "ORG": {
                    "partial": {
                        "correct": 95,
                        "incorrect": 0,
                        "partial": 11,
                        "missed": 48,
                        "spurious": 20,
                        "possible": 154,
                        "actual": 126,
                        "TP": 95,
                        "FP": 31,
                        "FN": 59,
                        "P_micro": 0.7976190476190477,
                        "R_micro": 0.6525974025974026,
                        "F1_micro": 0.717857142857143,
                        "P_macro_doc": 0.8173469387755101,
                        "R_macro_doc": 0.6905677655677656,
                        "F1_macro_doc": 0.8268492618492619,
                        "P_macro_doc_std": 0.32235873044552615,
                        "R_macro_doc_std": 0.3895154602615067,
                        "F1_macro_doc_std": 0.23821377220411227
                    },
                    "strict": {
                        "correct": 95,
                        "incorrect": 11,
                        "partial": 0,
                        "missed": 48,
                        "spurious": 20,
                        "possible": 154,
                        "actual": 126,
                        "TP": 95,
                        "FP": 31,
                        "FN": 59,
                        "P_micro": 0.753968253968254,
                        "R_micro": 0.6168831168831169,
                        "F1_micro": 0.6785714285714286,
                        "P_macro_doc": 0.7807823129251702,
                        "R_macro_doc": 0.6556318681318681,
                        "F1_macro_doc": 0.7869774669774668,
                        "P_macro_doc_std": 0.3698777850468513,
                        "R_macro_doc_std": 0.4184729587058613,
                        "F1_macro_doc_std": 0.30681901787381416
                    },
                    "ent_type": {
                        "correct": 106,
                        "incorrect": 0,
                        "partial": 0,
                        "missed": 48,
                        "spurious": 20,
                        "possible": 154,
                        "actual": 126,
                        "TP": 106,
                        "FP": 20,
                        "FN": 48,
                        "P_micro": 0.8412698412698413,
                        "R_micro": 0.6883116883116883,
                        "F1_micro": 0.7571428571428571,
                        "P_macro_doc": 0.8539115646258504,
                        "R_macro_doc": 0.725503663003663,
                        "F1_macro_doc": 0.8667210567210567,
                        "P_macro_doc_std": 0.30937935815970385,
                        "R_macro_doc_std": 0.39328728806570973,
                        "F1_macro_doc_std": 0.21607667624881163
                    },
                    "exact": {
                        "correct": 95,
                        "incorrect": 11,
                        "partial": 0,
                        "missed": 48,
                        "spurious": 20,
                        "possible": 154,
                        "actual": 126,
                        "TP": 95,
                        "FP": 31,
                        "FN": 59,
                        "P_micro": 0.753968253968254,
                        "R_micro": 0.6168831168831169,
                        "F1_micro": 0.6785714285714286,
                        "P_macro_doc": 0.7807823129251702,
                        "R_macro_doc": 0.6556318681318681,
                        "F1_macro_doc": 0.7869774669774668,
                        "P_macro_doc_std": 0.3698777850468513,
                        "R_macro_doc_std": 0.4184729587058613,
                        "F1_macro_doc_std": 0.30681901787381416
                    }
                },
                "PERS": {
                    "partial": {
                        "correct": 0,
                        "incorrect": 0,
                        "partial": 0,
                        "missed": 9,
                        "spurious": 1,
                        "possible": 9,
                        "actual": 1,
                        "TP": 0,
                        "FP": 1,
                        "FN": 9,
                        "P_micro": 0.0,
                        "R_micro": 0.0,
                        "F1_micro": 0,
                        "P_macro_doc": 0.0,
                        "R_macro_doc": 0.0,
                        "F1_macro_doc": null,
                        "P_macro_doc_std": 0.0,
                        "R_macro_doc_std": 0.0,
                        "F1_macro_doc_std": null
                    },
                    "strict": {
                        "correct": 0,
                        "incorrect": 0,
                        "partial": 0,
                        "missed": 9,
                        "spurious": 1,
                        "possible": 9,
                        "actual": 1,
                        "TP": 0,
                        "FP": 1,
                        "FN": 9,
                        "P_micro": 0.0,
                        "R_micro": 0.0,
                        "F1_micro": 0,
                        "P_macro_doc": 0.0,
                        "R_macro_doc": 0.0,
                        "F1_macro_doc": null,
                        "P_macro_doc_std": 0.0,
                        "R_macro_doc_std": 0.0,
                        "F1_macro_doc_std": null
                    },
                    "ent_type": {
                        "correct": 0,
                        "incorrect": 0,
                        "partial": 0,
                        "missed": 9,
                        "spurious": 1,
                        "possible": 9,
                        "actual": 1,
                        "TP": 0,
                        "FP": 1,
                        "FN": 9,
                        "P_micro": 0.0,
                        "R_micro": 0.0,
                        "F1_micro": 0,
                        "P_macro_doc": 0.0,
                        "R_macro_doc": 0.0,
                        "F1_macro_doc": null,
                        "P_macro_doc_std": 0.0,
                        "R_macro_doc_std": 0.0,
                        "F1_macro_doc_std": null
                    },
                    "exact": {
                        "correct": 0,
                        "incorrect": 0,
                        "partial": 0,
                        "missed": 9,
                        "spurious": 1,
                        "possible": 9,
                        "actual": 1,
                        "TP": 0,
                        "FP": 1,
                        "FN": 9,
                        "P_micro": 0.0,
                        "R_micro": 0.0,
                        "F1_micro": 0,
                        "P_macro_doc": 0.0,
                        "R_macro_doc": 0.0,
                        "F1_macro_doc": null,
                        "P_macro_doc_std": 0.0,
                        "R_macro_doc_std": 0.0,
                        "F1_macro_doc_std": null
                    }
                },
                "ALL": {
                    "partial": {
                        "correct": 95,
                        "incorrect": 0,
                        "partial": 11,
                        "missed": 57,
                        "spurious": 21,
                        "possible": 163,
                        "actual": 127,
                        "TP": 95,
                        "FP": 32,
                        "FN": 68,
                        "P_micro": 0.7913385826771654,
                        "R_micro": 0.6165644171779141,
                        "F1_micro": 0.693103448275862,
                        "P_macro_doc": 0.8058350100603622,