{
    "NE-COARSE-LIT": {
        "TIME-ALL": {
            "LED-ALL": {
                "ORG": {
                    "partial": {
                        "correct": 22,
                        "incorrect": 0,
                        "partial": 0,
                        "missed": 1,
                        "spurious": 11,
                        "possible": 23,
                        "actual": 33,
                        "TP": 22,
                        "FP": 11,
                        "FN": 1,
                        "P_micro": 0.6666666666666666,
                        "R_micro": 0.9565217391304348,
                        "F1_micro": 0.7857142857142856,
                        "P_macro_doc": 0.8235294117647058,
                        "R_macro_doc": 0.9333333333333333,
                        "F1_macro_doc": 1.0,
                        "P_macro_doc_std": 0.3812200410828153,
                        "R_macro_doc_std": 0.24944382578492946,
                        "F1_macro_doc_std": 0.0
                    },
                    "strict": {
                        "correct": 22,
                        "incorrect": 0,
                        "partial": 0,
                        "missed": 1,
                        "spurious": 11,
                        "possible": 23,
                        "actual": 33,
                        "TP": 22,
                        "FP": 11,
                        "FN": 1,
                        "P_micro": 0.6666666666666666,
                        "R_micro": 0.9565217391304348,
                        "F1_micro": 0.7857142857142856,
                        "P_macro_doc": 0.8235294117647058,
                        "R_macro_doc": 0.9333333333333333,
                        "F1_macro_doc": 1.0,
                        "P_macro_doc_std": 0.3812200410828153,
                        "R_macro_doc_std": 0.24944382578492946,
                        "F1_macro_doc_std": 0.0
                    },
                    "ent_type": {
                        "correct": 22,
                        "incorrect": 0,
                        "partial": 0,
                        "missed": 1,
                        "spurious": 11,
                        "possible": 23,
                        "actual": 33,
                        "TP": 22,
                        "FP": 11,
                        "FN": 1,
                        "P_micro": 0.6666666666666666,
                        "R_micro": 0.9565217391304348,
                        "F1_micro": 0.7857142857142856,
                        "P_macro_doc": 0.8235294117647058,
                        "R_macro_doc": 0.9333333333333333,
                        "F1_macro_doc": 1.0,
                        "P_macro_doc_std": 0.3812200410828153,
                        "R_macro_doc_std": 0.24944382578492946,
                        "F1_macro_doc_std": 0.0
                    },
                    "exact": {
                        "correct": 22,
                        "incorrect": 0,
                        "partial": 0,
                        "missed": 1,
                        "spurious": 11,
                        "possible": 23,
                        "actual": 33,
                        "TP": 22,
                        "FP": 11,
                        "FN": 1,
                        "P_micro": 0.6666666666666666,
                        "R_micro": 0.9565217391304348,
                        "F1_micro": 0.7857142857142856,
                        "P_macro_doc": 0.8235294117647058,
                        "R_macro_doc": 0.9333333333333333,
                        "F1_macro_doc": 1.0,
                        "P_macro_doc_std": 0.3812200410828153,
                        "R_macro_doc_std": 0.24944382578492946,
                        "F1_macro_doc_std": 0.0
                    }
                },
                "PERS": {
                    "partial": {
                        "correct": 0,
                        "incorrect": 0,
                        "partial": 0,
                        "missed": 3,
                        "spurious": 0,
                        "possible": 3,
                        "actual": 0,
                        "TP": 0,
                        "FP": 0,
                        "FN": 3,
                        "P_micro": 0,
                        "R_micro": 0.0,
                        "F1_micro": 0,
                        "P_macro_doc": null,
                        "R_macro_doc": 0.0,
                        "F1_macro_doc": null,
                        "P_macro_doc_std": null,
                        "R_macro_doc_std": 0.0,
                        "F1_macro_doc_std": null
                    },
                    "strict": {
                        "correct": 0,
                        "incorrect": 0,
                        "partial": 0,
                        "missed": 3,
                        "spurious": 0,
                        "possible": 3,
                        "actual": 0,
                        "TP": 0,
                        "FP": 0,
                        "FN": 3,
                        "P_micro": 0,
                        "R_micro": 0.0,
                        "F1_micro": 0,
                        "P_macro_doc": null,
                        "R_macro_doc": 0.0,
                        "F1_macro_doc": null,
                        "P_macro_doc_std": null,
                        "R_macro_doc_std": 0.0,
                        "F1_macro_doc_std": null
                    },
                    "ent_type": {
                        "correct": 0,
                        "incorrect": 0,
                        "partial": 0,
                        "missed": 3,
                        "spurious": 0,
                        "possible": 3,
                        "actual": 0,
                        "TP": 0,
                        "FP": 0,
                        "FN": 3,
                        "P_micro": 0,
                        "R_micro": 0.0,
                        "F1_micro": 0,
                        "P_macro_doc": null,
                        "R_macro_doc": 0.0,
                        "F1_macro_doc": null,
                        "P_macro_doc_std": null,
                        "R_macro_doc_std": 0.0,
                        "F1_macro_doc_std": null
                    },
                    "exact": {
                        "correct": 0,
                        "incorrect": 0,
                        "partial": 0,
                        "missed": 3,
                        "spurious": 0,
                        "possible": 3,
                        "actual": 0,
                        "TP": 0,
                        "FP": 0,
                        "FN": 3,
                        "P_micro": 0,
                        "R_micro": 0.0,
                        "F1_micro": 0,
                        "P_macro_doc": null,
                        "R_macro_doc": 0.0,
                        "F1_macro_doc": null,
                        "P_macro_doc_std": null,
                        "R_macro_doc_std": 0.0,
                        "F1_macro_doc_std": null
                    }
                },
                "ALL": {
                    "partial": {
                        "correct": 22,
                        "incorrect": 0,
                        "partial": 0,
                        "missed": 4,
                        "spurious": 11,
                        "possible": 26,
                        "actual": 33,
                        "TP": 22,
                        "FP": 11,
                        "FN": 4,
                        "P_micro": 0.6666666666666666,
                        "R_micro": 0.8461538461538461,
                        "F1_micro": 0.7457627118644068,
                        "P_macro_doc": 0.8235294117647058,
                        "R_macro_doc": 0.8229166666666666,
                        "F1_macro_doc": 0.9619047619047619,