{"dev": {"global": {"loss": 0.003976652705573082, "precision": 0.7103448275862069, "recall": 0.9196428571428571, "f1": 0.801556420233463}, "sent-level": null, "token-level": "                             precision    recall  f1-score   support\n\n    org.ent.pressagency.AFP     0.7368    1.0000    0.8485        14\n     org.ent.pressagency.AP     0.8750    0.8750    0.8750         8\norg.ent.pressagency.ATS-SDA     0.8571    1.0000    0.9231        24\n    org.ent.pressagency.DNB     0.5000    0.6667    0.5714         3\n    org.ent.pressagency.DPA     0.0000    0.0000    0.0000         0\n  org.ent.pressagency.Extel     0.0000    0.0000    0.0000         1\n  org.ent.pressagency.Havas     0.8333    0.9615    0.8929        26\norg.ent.pressagency.Reuters     0.7600    1.0000    0.8636        19\norg.ent.pressagency.Stefani     1.0000    1.0000    1.0000         1\n org.ent.pressagency.UP-UPI     0.6667    1.0000    0.8000         4\n  org.ent.pressagency.Wolff     0.5000    1.0000    0.6667         3\n     org.ent.pressagency.ag     0.5000    1.0000    0.6667         1\n    org.ent.pressagency.unk     0.0000    0.0000    0.0000         4\n     pers.ind.articleauthor     0.2500    0.7500    0.3750         4\n\n                  micro avg     0.7103    0.9196    0.8016       112\n                  macro avg     0.5342    0.7324    0.6059       112\n               weighted avg     0.7336    0.9196    0.8102       112\n"}, "test": {"global": {"loss": 0.005258763763636401, "precision": 0.845679012345679, "recall": 0.8616352201257862, "f1": 0.853582554517134}, "sent-level": null, "token-level": "                             precision    recall  f1-score   support\n\n    org.ent.pressagency.AFP     0.9524    1.0000    0.9756        20\n   org.ent.pressagency.ANSA     0.0000    0.0000    0.0000         1\n     org.ent.pressagency.AP     0.7500    1.0000    0.8571         6\n    org.ent.pressagency.APA     0.0000    0.0000    0.0000         1\norg.ent.pressagency.ATS-SDA     1.0000    1.0000    1.0000        23\n    org.ent.pressagency.DNB     1.0000    0.6667    0.8000         3\n    org.ent.pressagency.DPA     1.0000    1.0000    1.0000         2\n  org.ent.pressagency.Havas     0.8378    0.9118    0.8732        34\n   org.ent.pressagency.Kipa     1.0000    1.0000    1.0000         1\norg.ent.pressagency.Reuters     0.8621    0.8929    0.8772        28\norg.ent.pressagency.Stefani     1.0000    1.0000    1.0000         2\n org.ent.pressagency.UP-UPI     0.9333    1.0000    0.9655        14\n  org.ent.pressagency.Wolff     0.5000    1.0000    0.6667         4\n org.ent.pressagency.Xinhua     0.0000    0.0000    0.0000         1\n     org.ent.pressagency.ag     0.5000    1.0000    0.6667         3\n    org.ent.pressagency.unk     0.6000    0.4286    0.5000         7\n     pers.ind.articleauthor     0.3333    0.1111    0.1667         9\n\n                  micro avg     0.8457    0.8616    0.8536       159\n                  macro avg     0.6629    0.7065    0.6676       159\n               weighted avg     0.8235    0.8616    0.8333       159\n"}}