{
    "NE-COARSE-LIT": {
        "TIME-ALL": {
            "LED-ALL": {
                "ORG": {
                    "partial": {
                        "correct": 138,
                        "incorrect": 0,
                        "partial": 5,
                        "missed": 11,
                        "spurious": 16,
                        "possible": 154,
                        "actual": 159,
                        "TP": 138,
                        "FP": 21,
                        "FN": 16,
                        "P_micro": 0.8836477987421384,
                        "R_micro": 0.9123376623376623,
                        "F1_micro": 0.8977635782747605,
                        "P_macro_doc": 0.8724899598393573,
                        "R_macro_doc": 0.9328601953601955,
                        "F1_macro_doc": 0.9348745770823692,
                        "P_macro_doc_std": 0.3083882371060976,
                        "R_macro_doc_std": 0.19270731790725254,
                        "F1_macro_doc_std": 0.18248210230550313
                    },
                    "strict": {
                        "correct": 138,
                        "incorrect": 5,
                        "partial": 0,
                        "missed": 11,
                        "spurious": 16,
                        "possible": 154,
                        "actual": 159,
                        "TP": 138,
                        "FP": 21,
                        "FN": 16,
                        "P_micro": 0.8679245283018868,
                        "R_micro": 0.8961038961038961,
                        "F1_micro": 0.8817891373801917,
                        "P_macro_doc": 0.853413654618474,
                        "R_macro_doc": 0.9098901098901098,
                        "F1_macro_doc": 0.9135387700322766,
                        "P_macro_doc_std": 0.33944950154235504,
                        "R_macro_doc_std": 0.25463865564900995,
                        "F1_macro_doc_std": 0.2432457137733791
                    },
                    "ent_type": {
                        "correct": 143,
                        "incorrect": 0,
                        "partial": 0,
                        "missed": 11,
                        "spurious": 16,
                        "possible": 154,
                        "actual": 159,
                        "TP": 143,
                        "FP": 16,
                        "FN": 11,
                        "P_micro": 0.89937106918239,
                        "R_micro": 0.9285714285714286,
                        "F1_micro": 0.9137380191693292,
                        "P_macro_doc": 0.891566265060241,
                        "R_macro_doc": 0.9558302808302808,
                        "F1_macro_doc": 0.956210384132462,
                        "P_macro_doc_std": 0.2985728379890666,
                        "R_macro_doc_std": 0.169469133221757,
                        "F1_macro_doc_std": 0.15376970926305944
                    },
                    "exact": {
                        "correct": 138,
                        "incorrect": 5,
                        "partial": 0,
                        "missed": 11,
                        "spurious": 16,
                        "possible": 154,
                        "actual": 159,
                        "TP": 138,
                        "FP": 21,
                        "FN": 16,
                        "P_micro": 0.8679245283018868,
                        "R_micro": 0.8961038961038961,
                        "F1_micro": 0.8817891373801917,
                        "P_macro_doc": 0.853413654618474,
                        "R_macro_doc": 0.9098901098901098,
                        "F1_macro_doc": 0.9135387700322766,
                        "P_macro_doc_std": 0.33944950154235504,
                        "R_macro_doc_std": 0.25463865564900995,
                        "F1_macro_doc_std": 0.2432457137733791
                    }
                },
                "PERS": {
                    "partial": {
                        "correct": 1,
                        "incorrect": 0,
                        "partial": 0,
                        "missed": 8,
                        "spurious": 2,
                        "possible": 9,
                        "actual": 3,
                        "TP": 1,
                        "FP": 2,
                        "FN": 8,
                        "P_micro": 0.3333333333333333,
                        "R_micro": 0.1111111111111111,
                        "F1_micro": 0.16666666666666666,
                        "P_macro_doc": 0.3333333333333333,
                        "R_macro_doc": 0.1111111111111111,
                        "F1_macro_doc": 1.0,
                        "P_macro_doc_std": 0.4714045207910317,
                        "R_macro_doc_std": 0.31426968052735443,
                        "F1_macro_doc_std": 0.0
                    },
                    "strict": {
                        "correct": 1,
                        "incorrect": 0,
                        "partial": 0,
                        "missed": 8,
                        "spurious": 2,
                        "possible": 9,
                        "actual": 3,
                        "TP": 1,
                        "FP": 2,
                        "FN": 8,
                        "P_micro": 0.3333333333333333,
                        "R_micro": 0.1111111111111111,
                        "F1_micro": 0.16666666666666666,
                        "P_macro_doc": 0.3333333333333333,
                        "R_macro_doc": 0.1111111111111111,
                        "F1_macro_doc": 1.0,
                        "P_macro_doc_std": 0.4714045207910317,
                        "R_macro_doc_std": 0.31426968052735443,
                        "F1_macro_doc_std": 0.0
                    },
                    "ent_type": {
                        "correct": 1,
                        "incorrect": 0,
                        "partial": 0,
                        "missed": 8,
                        "spurious": 2,
                        "possible": 9,
                        "actual": 3,
                        "TP": 1,
                        "FP": 2,
                        "FN": 8,
                        "P_micro": 0.3333333333333333,
                        "R_micro": 0.1111111111111111,
                        "F1_micro": 0.16666666666666666,
                        "P_macro_doc": 0.3333333333333333,
                        "R_macro_doc": 0.1111111111111111,
                        "F1_macro_doc": 1.0,
                        "P_macro_doc_std": 0.4714045207910317,
                        "R_macro_doc_std": 0.31426968052735443,
                        "F1_macro_doc_std": 0.0
                    },
                    "exact": {
                        "correct": 1,
                        "incorrect": 0,
                        "partial": 0,
                        "missed": 8,
                        "spurious": 2,
                        "possible": 9,
                        "actual": 3,
                        "TP": 1,
                        "FP": 2,
                        "FN": 8,
                        "P_micro": 0.3333333333333333,
                        "R_micro": 0.1111111111111111,
                        "F1_micro": 0.16666666666666666,
                        "P_macro_doc": 0.3333333333333333,
                        "R_macro_doc": 0.1111111111111111,
                        "F1_macro_doc": 1.0,
                        "P_macro_doc_std": 0.4714045207910317,
                        "R_macro_doc_std": 0.31426968052735443,
                        "F1_macro_doc_std": 0.0
                    }
                },
                "ALL": {
                    "partial": {
                        "correct": 139,
                        "incorrect": 0,
                        "partial": 5,
                        "missed": 19,
                        "spurious": 18,