{
    "NE-COARSE-LIT": {
        "TIME-ALL": {
            "LED-ALL": {
                "ORG": {
                    "partial": {
                        "correct": 100,
                        "incorrect": 0,
                        "partial": 5,
                        "missed": 5,
                        "spurious": 28,
                        "possible": 110,
                        "actual": 133,
                        "TP": 100,
                        "FP": 33,
                        "FN": 10,
                        "P_micro": 0.7706766917293233,
                        "R_micro": 0.9318181818181818,
                        "F1_micro": 0.8436213991769547,
                        "P_macro_doc": 0.8667184265010351,
                        "R_macro_doc": 0.9474747474747475,
                        "F1_macro_doc": 0.929273803119957,
                        "P_macro_doc_std": 0.2710107231036148,
                        "R_macro_doc_std": 0.16634419369623754,
                        "F1_macro_doc_std": 0.1384708153245577
                    },
                    "strict": {
                        "correct": 100,
                        "incorrect": 5,
                        "partial": 0,
                        "missed": 5,
                        "spurious": 28,
                        "possible": 110,
                        "actual": 133,
                        "TP": 100,
                        "FP": 33,
                        "FN": 10,
                        "P_micro": 0.7518796992481203,
                        "R_micro": 0.9090909090909091,
                        "F1_micro": 0.823045267489712,
                        "P_macro_doc": 0.8486024844720497,
                        "R_macro_doc": 0.9282828282828283,
                        "F1_macro_doc": 0.9099264837726376,
                        "P_macro_doc_std": 0.2941193096599354,
                        "R_macro_doc_std": 0.20987750349384493,
                        "F1_macro_doc_std": 0.1878525879363929
                    },
                    "ent_type": {
                        "correct": 105,
                        "incorrect": 0,
                        "partial": 0,
                        "missed": 5,
                        "spurious": 28,
                        "possible": 110,
                        "actual": 133,
                        "TP": 105,
                        "FP": 28,
                        "FN": 5,
                        "P_micro": 0.7894736842105263,
                        "R_micro": 0.9545454545454546,
                        "F1_micro": 0.8641975308641975,
                        "P_macro_doc": 0.8848343685300207,
                        "R_macro_doc": 0.9666666666666667,
                        "F1_macro_doc": 0.9486211224672764,
                        "P_macro_doc_std": 0.26759500647336476,
                        "R_macro_doc_std": 0.1518682753703783,
                        "F1_macro_doc_std": 0.1223051700607356
                    },
                    "exact": {
                        "correct": 100,
                        "incorrect": 5,
                        "partial": 0,
                        "missed": 5,
                        "spurious": 28,
                        "possible": 110,
                        "actual": 133,
                        "TP": 100,
                        "FP": 33,
                        "FN": 10,
                        "P_micro": 0.7518796992481203,
                        "R_micro": 0.9090909090909091,
                        "F1_micro": 0.823045267489712,
                        "P_macro_doc": 0.8486024844720497,
                        "R_macro_doc": 0.9282828282828283,
                        "F1_macro_doc": 0.9099264837726376,
                        "P_macro_doc_std": 0.2941193096599354,
                        "R_macro_doc_std": 0.20987750349384493,
                        "F1_macro_doc_std": 0.1878525879363929
                    }
                },
                "PERS": {
                    "partial": {
                        "correct": 3,
                        "incorrect": 0,
                        "partial": 0,
                        "missed": 1,
                        "spurious": 9,
                        "possible": 4,
                        "actual": 12,
                        "TP": 3,
                        "FP": 9,
                        "FN": 1,
                        "P_micro": 0.25,
                        "R_micro": 0.75,
                        "F1_micro": 0.375,
                        "P_macro_doc": 0.2,
                        "R_macro_doc": 0.6666666666666666,
                        "F1_macro_doc": 1.0,
                        "P_macro_doc_std": 0.4000000000000001,
                        "R_macro_doc_std": 0.4714045207910317,
                        "F1_macro_doc_std": 0.0
                    },
                    "strict": {
                        "correct": 3,
                        "incorrect": 0,
                        "partial": 0,
                        "missed": 1,
                        "spurious": 9,
                        "possible": 4,
                        "actual": 12,
                        "TP": 3,
                        "FP": 9,
                        "FN": 1,
                        "P_micro": 0.25,
                        "R_micro": 0.75,
                        "F1_micro": 0.375,
                        "P_macro_doc": 0.2,
                        "R_macro_doc": 0.6666666666666666,
                        "F1_macro_doc": 1.0,
                        "P_macro_doc_std": 0.4000000000000001,
                        "R_macro_doc_std": 0.4714045207910317,
                        "F1_macro_doc_std": 0.0
                    },
                    "ent_type": {
                        "correct": 3,
                        "incorrect": 0,
                        "partial": 0,
                        "missed": 1,
                        "spurious": 9,
                        "possible": 4,
                        "actual": 12,
                        "TP": 3,
                        "FP": 9,
                        "FN": 1,
                        "P_micro": 0.25,
                        "R_micro": 0.75,
                        "F1_micro": 0.375,
                        "P_macro_doc": 0.2,
                        "R_macro_doc": 0.6666666666666666,
                        "F1_macro_doc": 1.0,
                        "P_macro_doc_std": 0.4000000000000001,
                        "R_macro_doc_std": 0.4714045207910317,
                        "F1_macro_doc_std": 0.0
                    },
                    "exact": {
                        "correct": 3,
                        "incorrect": 0,
                        "partial": 0,
                        "missed": 1,
                        "spurious": 9,
                        "possible": 4,
                        "actual": 12,
                        "TP": 3,
                        "FP": 9,
                        "FN": 1,
                        "P_micro": 0.25,
                        "R_micro": 0.75,
                        "F1_micro": 0.375,
                        "P_macro_doc": 0.2,
                        "R_macro_doc": 0.6666666666666666,
                        "F1_macro_doc": 1.0,
                        "P_macro_doc_std": 0.4000000000000001,
                        "R_macro_doc_std": 0.4714045207910317,
                        "F1_macro_doc_std": 0.0
                    }
                },
                "ALL": {
                    "partial": {
                        "correct": 103,
                        "incorrect": 0,
                        "partial": 5,
                        "missed": 6,
                        "spurious": 37,
                        "possible": 114,
                        "actual": 145,
                        "TP": 103,
                        "FP": 42,
                        "FN": 11,
                        "P_micro": 0.7275862068965517,