{
    "NE-COARSE-LIT": {
        "TIME-ALL": {
            "LED-ALL": {
                "ORG": {
                    "partial": {
                        "correct": 98,
                        "incorrect": 0,
                        "partial": 4,
                        "missed": 8,
                        "spurious": 23,
                        "possible": 110,
                        "actual": 125,
                        "TP": 98,
                        "FP": 27,
                        "FN": 12,
                        "P_micro": 0.8,
                        "R_micro": 0.9090909090909091,
                        "F1_micro": 0.8510638297872342,
                        "P_macro_doc": 0.8554606625258799,
                        "R_macro_doc": 0.9085858585858586,
                        "F1_macro_doc": 0.9329645662978996,
                        "P_macro_doc_std": 0.30696400219969955,
                        "R_macro_doc_std": 0.24150974397116373,
                        "F1_macro_doc_std": 0.1467510649893355
                    },
                    "strict": {
                        "correct": 98,
                        "incorrect": 4,
                        "partial": 0,
                        "missed": 8,
                        "spurious": 23,
                        "possible": 110,
                        "actual": 125,
                        "TP": 98,
                        "FP": 27,
                        "FN": 12,
                        "P_micro": 0.784,
                        "R_micro": 0.8909090909090909,
                        "F1_micro": 0.8340425531914893,
                        "P_macro_doc": 0.8376466528640443,
                        "R_macro_doc": 0.8883838383838384,
                        "F1_macro_doc": 0.9130030463363795,
                        "P_macro_doc_std": 0.3361678935210522,
                        "R_macro_doc_std": 0.2819181785591377,
                        "F1_macro_doc_std": 0.21283513566699197
                    },
                    "ent_type": {
                        "correct": 102,
                        "incorrect": 0,
                        "partial": 0,
                        "missed": 8,
                        "spurious": 23,
                        "possible": 110,
                        "actual": 125,
                        "TP": 102,
                        "FP": 23,
                        "FN": 8,
                        "P_micro": 0.816,
                        "R_micro": 0.9272727272727272,
                        "F1_micro": 0.8680851063829788,
                        "P_macro_doc": 0.8732746721877156,
                        "R_macro_doc": 0.9287878787878787,
                        "F1_macro_doc": 0.9529260862594195,
                        "P_macro_doc_std": 0.30036877004443113,
                        "R_macro_doc_std": 0.2306400378478625,
                        "F1_macro_doc_std": 0.11829304546415273
                    },
                    "exact": {
                        "correct": 98,
                        "incorrect": 4,
                        "partial": 0,
                        "missed": 8,
                        "spurious": 23,
                        "possible": 110,
                        "actual": 125,
                        "TP": 98,
                        "FP": 27,
                        "FN": 12,
                        "P_micro": 0.784,
                        "R_micro": 0.8909090909090909,
                        "F1_micro": 0.8340425531914893,
                        "P_macro_doc": 0.8376466528640443,
                        "R_macro_doc": 0.8883838383838384,
                        "F1_macro_doc": 0.9130030463363795,
                        "P_macro_doc_std": 0.3361678935210522,
                        "R_macro_doc_std": 0.2819181785591377,
                        "F1_macro_doc_std": 0.21283513566699197
                    }
                },
                "PERS": {
                    "partial": {
                        "correct": 0,
                        "incorrect": 0,
                        "partial": 1,
                        "missed": 3,
                        "spurious": 3,
                        "possible": 4,
                        "actual": 4,
                        "TP": 0,
                        "FP": 4,
                        "FN": 4,
                        "P_micro": 0.125,
                        "R_micro": 0.125,
                        "F1_micro": 0.125,
                        "P_macro_doc": 0.125,
                        "R_macro_doc": 0.08333333333333333,
                        "F1_macro_doc": 0.3333333333333333,
                        "P_macro_doc_std": 0.21650635094610965,
                        "R_macro_doc_std": 0.11785113019775792,
                        "F1_macro_doc_std": 0.0
                    },
                    "strict": {
                        "correct": 0,
                        "incorrect": 1,
                        "partial": 0,
                        "missed": 3,
                        "spurious": 3,
                        "possible": 4,
                        "actual": 4,
                        "TP": 0,
                        "FP": 4,
                        "FN": 4,
                        "P_micro": 0.0,
                        "R_micro": 0.0,
                        "F1_micro": 0,
                        "P_macro_doc": 0.0,
                        "R_macro_doc": 0.0,
                        "F1_macro_doc": 0.0,
                        "P_macro_doc_std": 0.0,
                        "R_macro_doc_std": 0.0,
                        "F1_macro_doc_std": 0.0
                    },
                    "ent_type": {
                        "correct": 1,
                        "incorrect": 0,
                        "partial": 0,
                        "missed": 3,
                        "spurious": 3,
                        "possible": 4,
                        "actual": 4,
                        "TP": 1,
                        "FP": 3,
                        "FN": 3,
                        "P_micro": 0.25,
                        "R_micro": 0.25,
                        "F1_micro": 0.25,
                        "P_macro_doc": 0.25,
                        "R_macro_doc": 0.16666666666666666,
                        "F1_macro_doc": 0.6666666666666666,
                        "P_macro_doc_std": 0.4330127018922193,
                        "R_macro_doc_std": 0.23570226039551584,
                        "F1_macro_doc_std": 0.0
                    },
                    "exact": {
                        "correct": 0,
                        "incorrect": 1,
                        "partial": 0,
                        "missed": 3,
                        "spurious": 3,
                        "possible": 4,
                        "actual": 4,
                        "TP": 0,
                        "FP": 4,
                        "FN": 4,
                        "P_micro": 0.0,
                        "R_micro": 0.0,
                        "F1_micro": 0,
                        "P_macro_doc": 0.0,
                        "R_macro_doc": 0.0,
                        "F1_macro_doc": 0.0,
                        "P_macro_doc_std": 0.0,
                        "R_macro_doc_std": 0.0,
                        "F1_macro_doc_std": 0.0
                    }
                },
                "ALL": {
                    "partial": {
                        "correct": 98,
                        "incorrect": 0,
                        "partial": 5,
                        "missed": 11,
                        "spurious": 26,
                        "possible": 114,
                        "actual": 129,
                        "TP": 98,
                        "FP": 31,
                        "FN": 16,
                        "P_micro": 0.7790697674418605,
                        "R_micro": 0.881578947368421,
                        "F1_micro": 0.8271604938271606,