{
    "NE-COARSE-LIT": {
        "TIME-ALL": {
            "LED-ALL": {
                "ORG": {
                    "partial": {
                        "correct": 96,
                        "incorrect": 0,
                        "partial": 5,
                        "missed": 9,
                        "spurious": 19,
                        "possible": 110,
                        "actual": 120,
                        "TP": 96,
                        "FP": 24,
                        "FN": 14,
                        "P_micro": 0.8208333333333333,
                        "R_micro": 0.8954545454545455,
                        "F1_micro": 0.8565217391304347,
                        "P_macro_doc": 0.9021794871794871,
                        "R_macro_doc": 0.9118686868686869,
                        "F1_macro_doc": 0.93482905982906,
                        "P_macro_doc_std": 0.2364276371607436,
                        "R_macro_doc_std": 0.23180896638886875,
                        "F1_macro_doc_std": 0.14911096546713645
                    },
                    "strict": {
                        "correct": 96,
                        "incorrect": 5,
                        "partial": 0,
                        "missed": 9,
                        "spurious": 19,
                        "possible": 110,
                        "actual": 120,
                        "TP": 96,
                        "FP": 24,
                        "FN": 14,
                        "P_micro": 0.8,
                        "R_micro": 0.8727272727272727,
                        "F1_micro": 0.8347826086956521,
                        "P_macro_doc": 0.883974358974359,
                        "R_macro_doc": 0.8878787878787879,
                        "F1_macro_doc": 0.9137973137973138,
                        "P_macro_doc_std": 0.2761158700645657,
                        "R_macro_doc_std": 0.2775334094995227,
                        "F1_macro_doc_std": 0.2144924194969371
                    },
                    "ent_type": {
                        "correct": 101,
                        "incorrect": 0,
                        "partial": 0,
                        "missed": 9,
                        "spurious": 19,
                        "possible": 110,
                        "actual": 120,
                        "TP": 101,
                        "FP": 19,
                        "FN": 9,
                        "P_micro": 0.8416666666666667,
                        "R_micro": 0.9181818181818182,
                        "F1_micro": 0.8782608695652174,
                        "P_macro_doc": 0.9203846153846155,
                        "R_macro_doc": 0.9358585858585858,
                        "F1_macro_doc": 0.9558608058608059,
                        "P_macro_doc_std": 0.21569818444266195,
                        "R_macro_doc_std": 0.2191436198705925,
                        "F1_macro_doc_std": 0.10811126384130401
                    },
                    "exact": {
                        "correct": 96,
                        "incorrect": 5,
                        "partial": 0,
                        "missed": 9,
                        "spurious": 19,
                        "possible": 110,
                        "actual": 120,
                        "TP": 96,
                        "FP": 24,
                        "FN": 14,
                        "P_micro": 0.8,
                        "R_micro": 0.8727272727272727,
                        "F1_micro": 0.8347826086956521,
                        "P_macro_doc": 0.883974358974359,
                        "R_macro_doc": 0.8878787878787879,
                        "F1_macro_doc": 0.9137973137973138,
                        "P_macro_doc_std": 0.2761158700645657,
                        "R_macro_doc_std": 0.2775334094995227,
                        "F1_macro_doc_std": 0.2144924194969371
                    }
                },
                "PERS": {
                    "partial": {
                        "correct": 1,
                        "incorrect": 0,
                        "partial": 0,
                        "missed": 3,
                        "spurious": 5,
                        "possible": 4,
                        "actual": 6,
                        "TP": 1,
                        "FP": 5,
                        "FN": 3,
                        "P_micro": 0.16666666666666666,
                        "R_micro": 0.25,
                        "F1_micro": 0.2,
                        "P_macro_doc": 0.16666666666666666,
                        "R_macro_doc": 0.16666666666666666,
                        "F1_macro_doc": 0.6666666666666666,
                        "P_macro_doc_std": 0.372677996249965,
                        "R_macro_doc_std": 0.23570226039551584,
                        "F1_macro_doc_std": 0.0
                    },
                    "strict": {
                        "correct": 1,
                        "incorrect": 0,
                        "partial": 0,
                        "missed": 3,
                        "spurious": 5,
                        "possible": 4,
                        "actual": 6,
                        "TP": 1,
                        "FP": 5,
                        "FN": 3,
                        "P_micro": 0.16666666666666666,
                        "R_micro": 0.25,
                        "F1_micro": 0.2,
                        "P_macro_doc": 0.16666666666666666,
                        "R_macro_doc": 0.16666666666666666,
                        "F1_macro_doc": 0.6666666666666666,
                        "P_macro_doc_std": 0.372677996249965,
                        "R_macro_doc_std": 0.23570226039551584,
                        "F1_macro_doc_std": 0.0
                    },
                    "ent_type": {
                        "correct": 1,
                        "incorrect": 0,
                        "partial": 0,
                        "missed": 3,
                        "spurious": 5,
                        "possible": 4,
                        "actual": 6,
                        "TP": 1,
                        "FP": 5,
                        "FN": 3,
                        "P_micro": 0.16666666666666666,
                        "R_micro": 0.25,
                        "F1_micro": 0.2,
                        "P_macro_doc": 0.16666666666666666,
                        "R_macro_doc": 0.16666666666666666,
                        "F1_macro_doc": 0.6666666666666666,
                        "P_macro_doc_std": 0.372677996249965,
                        "R_macro_doc_std": 0.23570226039551584,
                        "F1_macro_doc_std": 0.0
                    },
                    "exact": {
                        "correct": 1,
                        "incorrect": 0,
                        "partial": 0,
                        "missed": 3,
                        "spurious": 5,
                        "possible": 4,
                        "actual": 6,
                        "TP": 1,
                        "FP": 5,
                        "FN": 3,
                        "P_micro": 0.16666666666666666,
                        "R_micro": 0.25,
                        "F1_micro": 0.2,
                        "P_macro_doc": 0.16666666666666666,
                        "R_macro_doc": 0.16666666666666666,
                        "F1_macro_doc": 0.6666666666666666,
                        "P_macro_doc_std": 0.372677996249965,
                        "R_macro_doc_std": 0.23570226039551584,
                        "F1_macro_doc_std": 0.0
                    }
                },
                "ALL": {
                    "partial": {
                        "correct": 97,
                        "incorrect": 0,
                        "partial": 5,
                        "missed": 12,
                        "spurious": 24,
                        "possible": 114,
                        "actual": 126,