{"dev": {"global": [{"loss": 0.011352980658026108, "precision": 0.6236559139784946, "recall": 0.5420560747663551, "f1": 0.58}, {"loss": 0.009000059458710975, "precision": 0.6019417475728155, "recall": 0.5794392523364486, "f1": 0.5904761904761904}, {"loss": 0.008245688189275457, "precision": 0.6576576576576577, "recall": 0.6822429906542056, "f1": 0.6697247706422017}], "sent-level": [null, null, null], "token-level": ["                             precision    recall  f1-score   support\n\n    org.ent.pressagency.AFP     0.6667    0.7143    0.6897        14\n     org.ent.pressagency.AP     0.7500    0.3750    0.5000         8\norg.ent.pressagency.ATS-SDA     0.5882    0.4167    0.4878        24\n    org.ent.pressagency.DNB     0.0000    0.0000    0.0000         3\n  org.ent.pressagency.Extel     0.0000    0.0000    0.0000         1\n  org.ent.pressagency.Havas     0.5714    0.8000    0.6667        25\norg.ent.pressagency.Reuters     0.8125    0.8125    0.8125        16\norg.ent.pressagency.Stefani     0.0000    0.0000    0.0000         1\n org.ent.pressagency.UP-UPI     0.0000    0.0000    0.0000         3\n  org.ent.pressagency.Wolff     0.3333    0.6667    0.4444         3\n     org.ent.pressagency.ag     0.0000    0.0000    0.0000         1\n    org.ent.pressagency.unk     0.0000    0.0000    0.0000         4\n     pers.ind.articleauthor     0.0000    0.0000    0.0000         4\n\n                  micro avg     0.6237    0.5421    0.5800       107\n                  macro avg     0.2863    0.2912    0.2770       107\n               weighted avg     0.5396    0.5421    0.5268       107\n", "                             precision    recall  f1-score   support\n\n    org.ent.pressagency.AFP     0.7333    0.7857    0.7586        14\n     org.ent.pressagency.AP     1.0000    0.5000    0.6667         8\norg.ent.pressagency.ATS-SDA     0.5122    0.8750    0.6462        24\n    org.ent.pressagency.DNB     0.0000    0.0000    0.0000         3\n  org.ent.pressagency.Extel     0.0000    0.0000    0.0000         1\n  org.ent.pressagency.Havas     0.6061    0.8000    0.6897        25\norg.ent.pressagency.Reuters     0.7500    0.3750    0.5000        16\norg.ent.pressagency.Stefani     0.0000    0.0000    0.0000         1\n org.ent.pressagency.UP-UPI     0.0000    0.0000    0.0000         3\n  org.ent.pressagency.Wolff     0.0000    0.0000    0.0000         3\n     org.ent.pressagency.ag     0.0000    0.0000    0.0000         1\n    org.ent.pressagency.unk     0.0000    0.0000    0.0000         4\n     pers.ind.articleauthor     0.0000    0.0000    0.0000         4\n\n                  micro avg     0.6019    0.5794    0.5905       107\n                  macro avg     0.2770    0.2566    0.2509       107\n               weighted avg     0.5394    0.5794    0.5299       107\n", "                             precision    recall  f1-score   support\n\n    org.ent.pressagency.AFP     0.6500    0.9286    0.7647        14\n     org.ent.pressagency.AP     1.0000    0.6250    0.7692         8\norg.ent.pressagency.ATS-SDA     0.6400    0.6667    0.6531        24\n    org.ent.pressagency.DNB     0.0000    0.0000    0.0000         3\n    org.ent.pressagency.DPA     0.0000    0.0000    0.0000         0\n  org.ent.pressagency.Extel     0.0000    0.0000    0.0000         1\n  org.ent.pressagency.Havas     0.7407    0.8000    0.7692        25\norg.ent.pressagency.Reuters     0.7895    0.9375    0.8571        16\norg.ent.pressagency.Stefani     1.0000    1.0000    1.0000         1\n org.ent.pressagency.UP-UPI     0.4000    0.6667    0.5000         3\n  org.ent.pressagency.Wolff     0.2500    0.3333    0.2857         3\n     org.ent.pressagency.ag     0.0000    0.0000    0.0000         1\n    org.ent.pressagency.unk     0.0000    0.0000    0.0000         4\n     pers.ind.articleauthor     0.0000    0.0000    0.0000         4\n\n                  micro avg     0.6577    0.6822    0.6697       107\n                  macro avg     0.3907    0.4256    0.3999       107\n               weighted avg     0.6221    0.6822    0.6433       107\n"]}, "test": {"global": {"loss": 0.012519440961154213, "precision": 0.6906474820143885, "recall": 0.6442953020134228, "f1": 0.6666666666666666}, "token-level": "                             precision    recall  f1-score   support\n\n    org.ent.pressagency.AFP     0.6667    0.8889    0.7619        18\n   org.ent.pressagency.ANSA     0.0000    0.0000    0.0000         1\n     org.ent.pressagency.AP     0.6667    1.0000    0.8000         6\n    org.ent.pressagency.APA     0.0000    0.0000    0.0000         1\norg.ent.pressagency.ATS-SDA     0.6774    0.9130    0.7778        23\n    org.ent.pressagency.DNB     0.0000    0.0000    0.0000         3\n    org.ent.pressagency.DPA     0.3333    0.5000    0.4000         2\n  org.ent.pressagency.Havas     0.7333    0.7097    0.7213        31\n   org.ent.pressagency.Kipa     0.0000    0.0000    0.0000         1\norg.ent.pressagency.Reuters     0.7692    0.7407    0.7547        27\norg.ent.pressagency.Stefani     1.0000    0.5000    0.6667         2\n org.ent.pressagency.UP-UPI     0.7778    0.5385    0.6364        13\n  org.ent.pressagency.Wolff     0.6667    0.6667    0.6667         3\n org.ent.pressagency.Xinhua     0.0000    0.0000    0.0000         1\n     org.ent.pressagency.ag     0.0000    0.0000    0.0000         3\n    org.ent.pressagency.unk     0.0000    0.0000    0.0000         6\n     pers.ind.articleauthor     0.0000    0.0000    0.0000         8\n\n                  micro avg     0.6906    0.6443    0.6667       149\n                  macro avg     0.3701    0.3799    0.3638       149\n               weighted avg     0.6031    0.6443    0.6144       149\n"}}