{
    "NE-COARSE-LIT": {
        "TIME-ALL": {
            "LED-ALL": {
                "ORG": {
                    "partial": {
                        "correct": 136,
                        "incorrect": 0,
                        "partial": 4,
                        "missed": 14,
                        "spurious": 18,
                        "possible": 154,
                        "actual": 158,
                        "TP": 136,
                        "FP": 22,
                        "FN": 18,
                        "P_micro": 0.8734177215189873,
                        "R_micro": 0.8961038961038961,
                        "F1_micro": 0.8846153846153846,
                        "P_macro_doc": 0.8951298701298703,
                        "R_macro_doc": 0.9009310134310134,
                        "F1_macro_doc": 0.9292076167076168,
                        "P_macro_doc_std": 0.2676097725210284,
                        "R_macro_doc_std": 0.2623866589647581,
                        "F1_macro_doc_std": 0.1833199285534996
                    },
                    "strict": {
                        "correct": 135,
                        "incorrect": 5,
                        "partial": 0,
                        "missed": 14,
                        "spurious": 18,
                        "possible": 154,
                        "actual": 158,
                        "TP": 135,
                        "FP": 23,
                        "FN": 19,
                        "P_micro": 0.8544303797468354,
                        "R_micro": 0.8766233766233766,
                        "F1_micro": 0.8653846153846154,
                        "P_macro_doc": 0.8854978354978356,
                        "R_macro_doc": 0.8877899877899879,
                        "F1_macro_doc": 0.9178542178542178,
                        "P_macro_doc_std": 0.2827834063404708,
                        "R_macro_doc_std": 0.28313404483455273,
                        "F1_macro_doc_std": 0.2103898970013134
                    },
                    "ent_type": {
                        "correct": 139,
                        "incorrect": 1,
                        "partial": 0,
                        "missed": 14,
                        "spurious": 18,
                        "possible": 154,
                        "actual": 158,
                        "TP": 139,
                        "FP": 19,
                        "FN": 15,
                        "P_micro": 0.879746835443038,
                        "R_micro": 0.9025974025974026,
                        "F1_micro": 0.8910256410256411,
                        "P_macro_doc": 0.8995670995670998,
                        "R_macro_doc": 0.9089438339438339,
                        "F1_macro_doc": 0.9351556101556103,
                        "P_macro_doc_std": 0.2606321268119265,
                        "R_macro_doc_std": 0.25920861826346836,
                        "F1_macro_doc_std": 0.17199093370799695
                    },
                    "exact": {
                        "correct": 136,
                        "incorrect": 4,
                        "partial": 0,
                        "missed": 14,
                        "spurious": 18,
                        "possible": 154,
                        "actual": 158,
                        "TP": 136,
                        "FP": 22,
                        "FN": 18,
                        "P_micro": 0.8607594936708861,
                        "R_micro": 0.8831168831168831,
                        "F1_micro": 0.8717948717948718,
                        "P_macro_doc": 0.888095238095238,
                        "R_macro_doc": 0.8903540903540903,
                        "F1_macro_doc": 0.9205569205569206,
                        "P_macro_doc_std": 0.28106241883574107,
                        "R_macro_doc_std": 0.2814165722625537,
                        "F1_macro_doc_std": 0.20755484526154647
                    }
                },
                "PERS": {
                    "partial": {
                        "correct": 3,
                        "incorrect": 0,
                        "partial": 2,
                        "missed": 4,
                        "spurious": 3,
                        "possible": 9,
                        "actual": 8,
                        "TP": 3,
                        "FP": 5,
                        "FN": 6,
                        "P_micro": 0.5,
                        "R_micro": 0.4444444444444444,
                        "F1_micro": 0.47058823529411764,
                        "P_macro_doc": 0.5,
                        "R_macro_doc": 0.4444444444444444,
                        "F1_macro_doc": 0.8,
                        "P_macro_doc_std": 0.4330127018922193,
                        "R_macro_doc_std": 0.43744488188954506,
                        "F1_macro_doc_std": 0.2449489742783178
                    },
                    "strict": {
                        "correct": 3,
                        "incorrect": 2,
                        "partial": 0,
                        "missed": 4,
                        "spurious": 3,
                        "possible": 9,
                        "actual": 8,
                        "TP": 3,
                        "FP": 5,
                        "FN": 6,
                        "P_micro": 0.375,
                        "R_micro": 0.3333333333333333,
                        "F1_micro": 0.35294117647058826,
                        "P_macro_doc": 0.375,
                        "R_macro_doc": 0.3333333333333333,
                        "F1_macro_doc": 0.6,
                        "P_macro_doc_std": 0.4841229182759271,
                        "R_macro_doc_std": 0.4714045207910317,
                        "F1_macro_doc_std": 0.48989794855663565
                    },
                    "ent_type": {
                        "correct": 3,
                        "incorrect": 2,
                        "partial": 0,
                        "missed": 4,
                        "spurious": 3,
                        "possible": 9,
                        "actual": 8,
                        "TP": 3,
                        "FP": 5,
                        "FN": 6,
                        "P_micro": 0.375,
                        "R_micro": 0.3333333333333333,
                        "F1_micro": 0.35294117647058826,
                        "P_macro_doc": 0.375,
                        "R_macro_doc": 0.3333333333333333,
                        "F1_macro_doc": 0.6,
                        "P_macro_doc_std": 0.4841229182759271,
                        "R_macro_doc_std": 0.4714045207910317,
                        "F1_macro_doc_std": 0.48989794855663565
                    },
                    "exact": {
                        "correct": 3,
                        "incorrect": 2,
                        "partial": 0,
                        "missed": 4,
                        "spurious": 3,
                        "possible": 9,
                        "actual": 8,
                        "TP": 3,
                        "FP": 5,
                        "FN": 6,
                        "P_micro": 0.375,
                        "R_micro": 0.3333333333333333,
                        "F1_micro": 0.35294117647058826,
                        "P_macro_doc": 0.375,
                        "R_macro_doc": 0.3333333333333333,
                        "F1_macro_doc": 0.6,
                        "P_macro_doc_std": 0.4841229182759271,
                        "R_macro_doc_std": 0.4714045207910317,
                        "F1_macro_doc_std": 0.48989794855663565
                    }
                },
                "ALL": {
                    "partial": {
                        "correct": 139,
                        "incorrect": 0,
                        "partial": 6,
                        "missed": 18,
                        "spurious": 21,
                        "possible": 163,