{
    "NE-COARSE-LIT": {
        "TIME-ALL": {
            "LED-ALL": {
                "ORG": {
                    "partial": {
                        "correct": 98,
                        "incorrect": 0,
                        "partial": 9,
                        "missed": 47,
                        "spurious": 20,
                        "possible": 154,
                        "actual": 127,
                        "TP": 98,
                        "FP": 29,
                        "FN": 56,
                        "P_micro": 0.8070866141732284,
                        "R_micro": 0.6655844155844156,
                        "F1_micro": 0.7295373665480428,
                        "P_macro_doc": 0.8019047619047619,
                        "R_macro_doc": 0.7019764957264957,
                        "F1_macro_doc": 0.8231749311294766,
                        "P_macro_doc_std": 0.3240069426203907,
                        "R_macro_doc_std": 0.3865479769150067,
                        "F1_macro_doc_std": 0.25471460318022127
                    },
                    "strict": {
                        "correct": 98,
                        "incorrect": 9,
                        "partial": 0,
                        "missed": 47,
                        "spurious": 20,
                        "possible": 154,
                        "actual": 127,
                        "TP": 98,
                        "FP": 29,
                        "FN": 56,
                        "P_micro": 0.7716535433070866,
                        "R_micro": 0.6363636363636364,
                        "F1_micro": 0.697508896797153,
                        "P_macro_doc": 0.7578571428571428,
                        "R_macro_doc": 0.6603632478632478,
                        "F1_macro_doc": 0.7760068214613669,
                        "P_macro_doc_std": 0.38623869407166583,
                        "R_macro_doc_std": 0.4283898980019229,
                        "F1_macro_doc_std": 0.339086336537689
                    },
                    "ent_type": {
                        "correct": 107,
                        "incorrect": 0,
                        "partial": 0,
                        "missed": 47,
                        "spurious": 20,
                        "possible": 154,
                        "actual": 127,
                        "TP": 107,
                        "FP": 20,
                        "FN": 47,
                        "P_micro": 0.84251968503937,
                        "R_micro": 0.6948051948051948,
                        "F1_micro": 0.7615658362989324,
                        "P_macro_doc": 0.845952380952381,
                        "R_macro_doc": 0.7435897435897436,
                        "F1_macro_doc": 0.8703430407975863,
                        "P_macro_doc_std": 0.30917755357915006,
                        "R_macro_doc_std": 0.388398788696665,
                        "F1_macro_doc_std": 0.22894142150955762
                    },
                    "exact": {
                        "correct": 98,
                        "incorrect": 9,
                        "partial": 0,
                        "missed": 47,
                        "spurious": 20,
                        "possible": 154,
                        "actual": 127,
                        "TP": 98,
                        "FP": 29,
                        "FN": 56,
                        "P_micro": 0.7716535433070866,
                        "R_micro": 0.6363636363636364,
                        "F1_micro": 0.697508896797153,
                        "P_macro_doc": 0.7578571428571428,
                        "R_macro_doc": 0.6603632478632478,
                        "F1_macro_doc": 0.7760068214613669,
                        "P_macro_doc_std": 0.38623869407166583,
                        "R_macro_doc_std": 0.4283898980019229,
                        "F1_macro_doc_std": 0.339086336537689
                    }
                },
                "PERS": {
                    "partial": {
                        "correct": 0,
                        "incorrect": 0,
                        "partial": 0,
                        "missed": 9,
                        "spurious": 2,
                        "possible": 9,
                        "actual": 2,
                        "TP": 0,
                        "FP": 2,
                        "FN": 9,
                        "P_micro": 0.0,
                        "R_micro": 0.0,
                        "F1_micro": 0,
                        "P_macro_doc": 0.0,
                        "R_macro_doc": 0.0,
                        "F1_macro_doc": null,
                        "P_macro_doc_std": 0.0,
                        "R_macro_doc_std": 0.0,
                        "F1_macro_doc_std": null
                    },
                    "strict": {
                        "correct": 0,
                        "incorrect": 0,
                        "partial": 0,
                        "missed": 9,
                        "spurious": 2,
                        "possible": 9,
                        "actual": 2,
                        "TP": 0,
                        "FP": 2,
                        "FN": 9,
                        "P_micro": 0.0,
                        "R_micro": 0.0,
                        "F1_micro": 0,
                        "P_macro_doc": 0.0,
                        "R_macro_doc": 0.0,
                        "F1_macro_doc": null,
                        "P_macro_doc_std": 0.0,
                        "R_macro_doc_std": 0.0,
                        "F1_macro_doc_std": null
                    },
                    "ent_type": {
                        "correct": 0,
                        "incorrect": 0,
                        "partial": 0,
                        "missed": 9,
                        "spurious": 2,
                        "possible": 9,
                        "actual": 2,
                        "TP": 0,
                        "FP": 2,
                        "FN": 9,
                        "P_micro": 0.0,
                        "R_micro": 0.0,
                        "F1_micro": 0,
                        "P_macro_doc": 0.0,
                        "R_macro_doc": 0.0,
                        "F1_macro_doc": null,
                        "P_macro_doc_std": 0.0,
                        "R_macro_doc_std": 0.0,
                        "F1_macro_doc_std": null
                    },
                    "exact": {
                        "correct": 0,
                        "incorrect": 0,
                        "partial": 0,
                        "missed": 9,
                        "spurious": 2,
                        "possible": 9,
                        "actual": 2,
                        "TP": 0,
                        "FP": 2,
                        "FN": 9,
                        "P_micro": 0.0,
                        "R_micro": 0.0,
                        "F1_micro": 0,
                        "P_macro_doc": 0.0,
                        "R_macro_doc": 0.0,
                        "F1_macro_doc": null,
                        "P_macro_doc_std": 0.0,
                        "R_macro_doc_std": 0.0,
                        "F1_macro_doc_std": null
                    }
                },
                "ALL": {
                    "partial": {
                        "correct": 98,
                        "incorrect": 0,
                        "partial": 9,
                        "missed": 56,
                        "spurious": 22,
                        "possible": 163,
                        "actual": 129,
                        "TP": 98,
                        "FP": 31,
                        "FN": 65,
                        "P_micro": 0.7945736434108527,
                        "R_micro": 0.6288343558282209,
                        "F1_micro": 0.702054794520548,
                        "P_macro_doc": 0.7796296296296297,