{
    "NE-COARSE-LIT": {
        "TIME-ALL": {
            "LED-ALL": {
                "ORG": {
                    "partial": {
                        "correct": 48,
                        "incorrect": 0,
                        "partial": 4,
                        "missed": 4,
                        "spurious": 6,
                        "possible": 56,
                        "actual": 58,
                        "TP": 48,
                        "FP": 10,
                        "FN": 8,
                        "P_micro": 0.8620689655172413,
                        "R_micro": 0.8928571428571429,
                        "F1_micro": 0.8771929824561403,
                        "P_macro_doc": 0.786029411764706,
                        "R_macro_doc": 0.9582792207792208,
                        "F1_macro_doc": 0.9532372598162072,
                        "P_macro_doc_std": 0.3709557001690219,
                        "R_macro_doc_std": 0.10727522814763513,
                        "F1_macro_doc_std": 0.08482934127913594
                    },
                    "strict": {
                        "correct": 48,
                        "incorrect": 4,
                        "partial": 0,
                        "missed": 4,
                        "spurious": 6,
                        "possible": 56,
                        "actual": 58,
                        "TP": 48,
                        "FP": 10,
                        "FN": 8,
                        "P_micro": 0.8275862068965517,
                        "R_micro": 0.8571428571428571,
                        "F1_micro": 0.8421052631578947,
                        "P_macro_doc": 0.7720588235294118,
                        "R_macro_doc": 0.9449675324675325,
                        "F1_macro_doc": 0.9383876357560569,
                        "P_macro_doc_std": 0.3715906144873502,
                        "R_macro_doc_std": 0.14160953519122715,
                        "F1_macro_doc_std": 0.12258156636730799
                    },
                    "ent_type": {
                        "correct": 52,
                        "incorrect": 0,
                        "partial": 0,
                        "missed": 4,
                        "spurious": 6,
                        "possible": 56,
                        "actual": 58,
                        "TP": 52,
                        "FP": 6,
                        "FN": 4,
                        "P_micro": 0.896551724137931,
                        "R_micro": 0.9285714285714286,
                        "F1_micro": 0.912280701754386,
                        "P_macro_doc": 0.7999999999999999,
                        "R_macro_doc": 0.9715909090909091,
                        "F1_macro_doc": 0.9680868838763577,
                        "P_macro_doc_std": 0.3757345746510897,
                        "R_macro_doc_std": 0.07497908996195551,
                        "F1_macro_doc_std": 0.05332400468663127
                    },
                    "exact": {
                        "correct": 48,
                        "incorrect": 4,
                        "partial": 0,
                        "missed": 4,
                        "spurious": 6,
                        "possible": 56,
                        "actual": 58,
                        "TP": 48,
                        "FP": 10,
                        "FN": 8,
                        "P_micro": 0.8275862068965517,
                        "R_micro": 0.8571428571428571,
                        "F1_micro": 0.8421052631578947,
                        "P_macro_doc": 0.7720588235294118,
                        "R_macro_doc": 0.9449675324675325,
                        "F1_macro_doc": 0.9383876357560569,
                        "P_macro_doc_std": 0.3715906144873502,
                        "R_macro_doc_std": 0.14160953519122715,
                        "F1_macro_doc_std": 0.12258156636730799
                    }
                },
                "PERS": {
                    "partial": {
                        "correct": 0,
                        "incorrect": 0,
                        "partial": 0,
                        "missed": 2,
                        "spurious": 0,
                        "possible": 2,
                        "actual": 0,
                        "TP": 0,
                        "FP": 0,
                        "FN": 2,
                        "P_micro": 0,
                        "R_micro": 0.0,
                        "F1_micro": 0,
                        "P_macro_doc": null,
                        "R_macro_doc": 0.0,
                        "F1_macro_doc": null,
                        "P_macro_doc_std": null,
                        "R_macro_doc_std": 0.0,
                        "F1_macro_doc_std": null
                    },
                    "strict": {
                        "correct": 0,
                        "incorrect": 0,
                        "partial": 0,
                        "missed": 2,
                        "spurious": 0,
                        "possible": 2,
                        "actual": 0,
                        "TP": 0,
                        "FP": 0,
                        "FN": 2,
                        "P_micro": 0,
                        "R_micro": 0.0,
                        "F1_micro": 0,
                        "P_macro_doc": null,
                        "R_macro_doc": 0.0,
                        "F1_macro_doc": null,
                        "P_macro_doc_std": null,
                        "R_macro_doc_std": 0.0,
                        "F1_macro_doc_std": null
                    },
                    "ent_type": {
                        "correct": 0,
                        "incorrect": 0,
                        "partial": 0,
                        "missed": 2,
                        "spurious": 0,
                        "possible": 2,
                        "actual": 0,
                        "TP": 0,
                        "FP": 0,
                        "FN": 2,
                        "P_micro": 0,
                        "R_micro": 0.0,
                        "F1_micro": 0,
                        "P_macro_doc": null,
                        "R_macro_doc": 0.0,
                        "F1_macro_doc": null,
                        "P_macro_doc_std": null,
                        "R_macro_doc_std": 0.0,
                        "F1_macro_doc_std": null
                    },
                    "exact": {
                        "correct": 0,
                        "incorrect": 0,
                        "partial": 0,
                        "missed": 2,
                        "spurious": 0,
                        "possible": 2,
                        "actual": 0,
                        "TP": 0,
                        "FP": 0,
                        "FN": 2,
                        "P_micro": 0,
                        "R_micro": 0.0,
                        "F1_micro": 0,
                        "P_macro_doc": null,
                        "R_macro_doc": 0.0,
                        "F1_macro_doc": null,
                        "P_macro_doc_std": null,
                        "R_macro_doc_std": 0.0,
                        "F1_macro_doc_std": null
                    }
                },
                "ALL": {
                    "partial": {
                        "correct": 48,
                        "incorrect": 0,
                        "partial": 4,
                        "missed": 6,
                        "spurious": 6,
                        "possible": 58,
                        "actual": 58,
                        "TP": 48,
                        "FP": 10,
                        "FN": 10,
                        "P_micro": 0.8620689655172413,
                        "R_micro": 0.8620689655172413,
                        "F1_micro": 0.8620689655172413,
                        "P_macro_doc": 0.786029411764706,
                        "R_macro_doc": 0.9106601731601732,