{"dev": {"global": [{"loss": 0.005948351560588246, "precision": 0.7413793103448276, "recall": 0.7678571428571429, "f1": 0.7543859649122806}, {"loss": 0.0047730006619449445, "precision": 0.6666666666666666, "recall": 0.8571428571428571, "f1": 0.75}, {"loss": 0.0035583205409249093, "precision": 0.7101449275362319, "recall": 0.875, "f1": 0.7839999999999999}], "sent-level": [null, null, null], "token-level": ["                             precision    recall  f1-score   support\n\n    org.ent.pressagency.AFP     0.6667    1.0000    0.8000        14\n     org.ent.pressagency.AP     1.0000    0.3750    0.5455         8\norg.ent.pressagency.ATS-SDA     0.8846    0.9583    0.9200        24\n    org.ent.pressagency.DNB     0.0000    0.0000    0.0000         3\n  org.ent.pressagency.Extel     0.0000    0.0000    0.0000         1\n  org.ent.pressagency.Havas     0.6970    0.8846    0.7797        26\norg.ent.pressagency.Reuters     0.8261    1.0000    0.9048        19\norg.ent.pressagency.Stefani     0.0000    0.0000    0.0000         1\n org.ent.pressagency.UP-UPI     0.5000    0.5000    0.5000         4\n  org.ent.pressagency.Wolff     0.6667    0.6667    0.6667         3\n     org.ent.pressagency.ag     0.0000    0.0000    0.0000         1\n    org.ent.pressagency.unk     0.0000    0.0000    0.0000         4\n     pers.ind.articleauthor     0.0000    0.0000    0.0000         4\n\n                  micro avg     0.7414    0.7679    0.7544       112\n                  macro avg     0.4032    0.4142    0.3936       112\n               weighted avg     0.6820    0.7679    0.7063       112\n", "                             precision    recall  f1-score   support\n\n    org.ent.pressagency.AFP     0.6667    1.0000    0.8000        14\n     org.ent.pressagency.AP     1.0000    0.7500    0.8571         8\norg.ent.pressagency.ATS-SDA     0.8889    1.0000    0.9412        24\n    org.ent.pressagency.DNB     1.0000    0.3333    0.5000         3\n  org.ent.pressagency.Extel     0.0000    0.0000    0.0000         1\n  org.ent.pressagency.Havas     0.6389    0.8846    0.7419        26\norg.ent.pressagency.Reuters     0.8261    1.0000    0.9048        19\norg.ent.pressagency.Stefani     1.0000    1.0000    1.0000         1\n org.ent.pressagency.UP-UPI     0.6667    1.0000    0.8000         4\n  org.ent.pressagency.Wolff     0.4286    1.0000    0.6000         3\n     org.ent.pressagency.ag     0.0000    0.0000    0.0000         1\n    org.ent.pressagency.unk     0.0000    0.0000    0.0000         4\n     pers.ind.articleauthor     0.1111    0.2500    0.1538         4\n\n                  micro avg     0.6667    0.8571    0.7500       112\n                  macro avg     0.5559    0.6321    0.5615       112\n               weighted avg     0.7087    0.8571    0.7611       112\n", "                             precision    recall  f1-score   support\n\n    org.ent.pressagency.AFP     0.7368    1.0000    0.8485        14\n     org.ent.pressagency.AP     1.0000    0.7500    0.8571         8\norg.ent.pressagency.ATS-SDA     0.8571    1.0000    0.9231        24\n    org.ent.pressagency.DNB     0.2500    0.3333    0.2857         3\n  org.ent.pressagency.Extel     0.0000    0.0000    0.0000         1\n  org.ent.pressagency.Havas     0.7353    0.9615    0.8333        26\norg.ent.pressagency.Reuters     0.9048    1.0000    0.9500        19\norg.ent.pressagency.Stefani     1.0000    1.0000    1.0000         1\n org.ent.pressagency.UP-UPI     1.0000    1.0000    1.0000         4\n  org.ent.pressagency.Wolff     0.4286    1.0000    0.6000         3\n     org.ent.pressagency.ag     0.0000    0.0000    0.0000         1\n    org.ent.pressagency.unk     0.1667    0.2500    0.2000         4\n     pers.ind.articleauthor     0.0000    0.0000    0.0000         4\n\n                  micro avg     0.7101    0.8750    0.7840       112\n                  macro avg     0.5446    0.6381    0.5768       112\n               weighted avg     0.7402    0.8750    0.7952       112\n"]}, "test": {"global": {"loss": 0.004757426297337538, "precision": 0.8343949044585988, "recall": 0.8238993710691824, "f1": 0.829113924050633}, "token-level": "                             precision    recall  f1-score   support\n\n    org.ent.pressagency.AFP     1.0000    0.9500    0.9744        20\n   org.ent.pressagency.ANSA     0.0000    0.0000    0.0000         1\n     org.ent.pressagency.AP     0.8571    1.0000    0.9231         6\n    org.ent.pressagency.APA     0.0000    0.0000    0.0000         1\norg.ent.pressagency.ATS-SDA     1.0000    1.0000    1.0000        23\n    org.ent.pressagency.DNB     1.0000    0.6667    0.8000         3\n    org.ent.pressagency.DPA     1.0000    1.0000    1.0000         2\n  org.ent.pressagency.Havas     0.7949    0.9118    0.8493        34\n   org.ent.pressagency.Kipa     1.0000    1.0000    1.0000         1\norg.ent.pressagency.Reuters     0.8667    0.9286    0.8966        28\norg.ent.pressagency.Stefani     1.0000    1.0000    1.0000         2\n org.ent.pressagency.UP-UPI     1.0000    0.9286    0.9630        14\n  org.ent.pressagency.Wolff     0.5000    0.7500    0.6000         4\n org.ent.pressagency.Xinhua     0.0000    0.0000    0.0000         1\n     org.ent.pressagency.ag     0.0000    0.0000    0.0000         3\n    org.ent.pressagency.unk     0.3000    0.4286    0.3529         7\n     pers.ind.articleauthor     0.0000    0.0000    0.0000         9\n\n                  micro avg     0.8344    0.8239    0.8291       159\n                  macro avg     0.6070    0.6214    0.6094       159\n               weighted avg     0.7895    0.8239    0.8035       159\n"}}