{
    "NE-COARSE-LIT": {
        "TIME-ALL": {
            "LED-ALL": {
                "ORG": {
                    "partial": {
                        "correct": 44,
                        "incorrect": 0,
                        "partial": 2,
                        "missed": 10,
                        "spurious": 10,
                        "possible": 56,
                        "actual": 56,
                        "TP": 44,
                        "FP": 12,
                        "FN": 12,
                        "P_micro": 0.8035714285714286,
                        "R_micro": 0.8035714285714286,
                        "F1_micro": 0.8035714285714286,
                        "P_macro_doc": 0.649264705882353,
                        "R_macro_doc": 0.7785714285714286,
                        "F1_macro_doc": 0.90926970203286,
                        "P_macro_doc_std": 0.43038266549005577,
                        "R_macro_doc_std": 0.34831958114961736,
                        "F1_macro_doc_std": 0.1254561939887037
                    },
                    "strict": {
                        "correct": 44,
                        "incorrect": 2,
                        "partial": 0,
                        "missed": 10,
                        "spurious": 10,
                        "possible": 56,
                        "actual": 56,
                        "TP": 44,
                        "FP": 12,
                        "FN": 12,
                        "P_micro": 0.7857142857142857,
                        "R_micro": 0.7857142857142857,
                        "F1_micro": 0.7857142857142857,
                        "P_macro_doc": 0.6308823529411764,
                        "R_macro_doc": 0.7574675324675325,
                        "F1_macro_doc": 0.884050403787246,
                        "P_macro_doc_std": 0.4307593681140238,
                        "R_macro_doc_std": 0.3582210701960454,
                        "F1_macro_doc_std": 0.1734249668088049
                    },
                    "ent_type": {
                        "correct": 46,
                        "incorrect": 0,
                        "partial": 0,
                        "missed": 10,
                        "spurious": 10,
                        "possible": 56,
                        "actual": 56,
                        "TP": 46,
                        "FP": 10,
                        "FN": 10,
                        "P_micro": 0.8214285714285714,
                        "R_micro": 0.8214285714285714,
                        "F1_micro": 0.8214285714285714,
                        "P_macro_doc": 0.6676470588235294,
                        "R_macro_doc": 0.7996753246753247,
                        "F1_macro_doc": 0.9344890002784739,
                        "P_macro_doc_std": 0.4382254242868041,
                        "R_macro_doc_std": 0.3502337905531126,
                        "F1_macro_doc_std": 0.10492194853019943
                    },
                    "exact": {
                        "correct": 44,
                        "incorrect": 2,
                        "partial": 0,
                        "missed": 10,
                        "spurious": 10,
                        "possible": 56,
                        "actual": 56,
                        "TP": 44,
                        "FP": 12,
                        "FN": 12,
                        "P_micro": 0.7857142857142857,
                        "R_micro": 0.7857142857142857,
                        "F1_micro": 0.7857142857142857,
                        "P_macro_doc": 0.6308823529411764,
                        "R_macro_doc": 0.7574675324675325,
                        "F1_macro_doc": 0.884050403787246,
                        "P_macro_doc_std": 0.4307593681140238,
                        "R_macro_doc_std": 0.3582210701960454,
                        "F1_macro_doc_std": 0.1734249668088049
                    }
                },
                "PERS": {
                    "partial": {
                        "correct": 0,
                        "incorrect": 0,
                        "partial": 0,
                        "missed": 2,
                        "spurious": 0,
                        "possible": 2,
                        "actual": 0,
                        "TP": 0,
                        "FP": 0,
                        "FN": 2,
                        "P_micro": 0,
                        "R_micro": 0.0,
                        "F1_micro": 0,
                        "P_macro_doc": null,
                        "R_macro_doc": 0.0,
                        "F1_macro_doc": null,
                        "P_macro_doc_std": null,
                        "R_macro_doc_std": 0.0,
                        "F1_macro_doc_std": null
                    },
                    "strict": {
                        "correct": 0,
                        "incorrect": 0,
                        "partial": 0,
                        "missed": 2,
                        "spurious": 0,
                        "possible": 2,
                        "actual": 0,
                        "TP": 0,
                        "FP": 0,
                        "FN": 2,
                        "P_micro": 0,
                        "R_micro": 0.0,
                        "F1_micro": 0,
                        "P_macro_doc": null,
                        "R_macro_doc": 0.0,
                        "F1_macro_doc": null,
                        "P_macro_doc_std": null,
                        "R_macro_doc_std": 0.0,
                        "F1_macro_doc_std": null
                    },
                    "ent_type": {
                        "correct": 0,
                        "incorrect": 0,
                        "partial": 0,
                        "missed": 2,
                        "spurious": 0,
                        "possible": 2,
                        "actual": 0,
                        "TP": 0,
                        "FP": 0,
                        "FN": 2,
                        "P_micro": 0,
                        "R_micro": 0.0,
                        "F1_micro": 0,
                        "P_macro_doc": null,
                        "R_macro_doc": 0.0,
                        "F1_macro_doc": null,
                        "P_macro_doc_std": null,
                        "R_macro_doc_std": 0.0,
                        "F1_macro_doc_std": null
                    },
                    "exact": {
                        "correct": 0,
                        "incorrect": 0,
                        "partial": 0,
                        "missed": 2,
                        "spurious": 0,
                        "possible": 2,
                        "actual": 0,
                        "TP": 0,
                        "FP": 0,
                        "FN": 2,
                        "P_micro": 0,
                        "R_micro": 0.0,
                        "F1_micro": 0,
                        "P_macro_doc": null,
                        "R_macro_doc": 0.0,
                        "F1_macro_doc": null,
                        "P_macro_doc_std": null,
                        "R_macro_doc_std": 0.0,
                        "F1_macro_doc_std": null
                    }
                },
                "ALL": {
                    "partial": {
                        "correct": 44,
                        "incorrect": 0,
                        "partial": 2,
                        "missed": 12,
                        "spurious": 10,
                        "possible": 58,
                        "actual": 56,
                        "TP": 44,
                        "FP": 12,
                        "FN": 14,
                        "P_micro": 0.8035714285714286,
                        "R_micro": 0.7758620689655172,
                        "F1_micro": 0.7894736842105263,
                        "P_macro_doc": 0.649264705882353,