{
    "NE-COARSE-LIT": {
        "TIME-ALL": {
            "LED-ALL": {
                "ORG": {
                    "partial": {
                        "correct": 137,
                        "incorrect": 0,
                        "partial": 6,
                        "missed": 11,
                        "spurious": 16,
                        "possible": 154,
                        "actual": 159,
                        "TP": 137,
                        "FP": 22,
                        "FN": 17,
                        "P_micro": 0.8805031446540881,
                        "R_micro": 0.9090909090909091,
                        "F1_micro": 0.8945686900958466,
                        "P_macro_doc": 0.8919831223628693,
                        "R_macro_doc": 0.9220543345543345,
                        "F1_macro_doc": 0.927963702963703,
                        "P_macro_doc_std": 0.26799328191683736,
                        "R_macro_doc_std": 0.21857261601508135,
                        "F1_macro_doc_std": 0.18680852463514724
                    },
                    "strict": {
                        "correct": 137,
                        "incorrect": 6,
                        "partial": 0,
                        "missed": 11,
                        "spurious": 16,
                        "possible": 154,
                        "actual": 159,
                        "TP": 137,
                        "FP": 22,
                        "FN": 17,
                        "P_micro": 0.8616352201257862,
                        "R_micro": 0.8896103896103896,
                        "F1_micro": 0.8753993610223644,
                        "P_macro_doc": 0.8708860759493671,
                        "R_macro_doc": 0.8978021978021977,
                        "F1_macro_doc": 0.9051509893615158,
                        "P_macro_doc_std": 0.3067050557795225,
                        "R_macro_doc_std": 0.27405567563594,
                        "F1_macro_doc_std": 0.24722449308350705
                    },
                    "ent_type": {
                        "correct": 143,
                        "incorrect": 0,
                        "partial": 0,
                        "missed": 11,
                        "spurious": 16,
                        "possible": 154,
                        "actual": 159,
                        "TP": 143,
                        "FP": 16,
                        "FN": 11,
                        "P_micro": 0.89937106918239,
                        "R_micro": 0.9285714285714286,
                        "F1_micro": 0.9137380191693292,
                        "P_macro_doc": 0.9130801687763712,
                        "R_macro_doc": 0.9463064713064713,
                        "F1_macro_doc": 0.9507764165658903,
                        "P_macro_doc_std": 0.25397917461826397,
                        "R_macro_doc_std": 0.1996627219739913,
                        "F1_macro_doc_std": 0.1587497031715721
                    },
                    "exact": {
                        "correct": 137,
                        "incorrect": 6,
                        "partial": 0,
                        "missed": 11,
                        "spurious": 16,
                        "possible": 154,
                        "actual": 159,
                        "TP": 137,
                        "FP": 22,
                        "FN": 17,
                        "P_micro": 0.8616352201257862,
                        "R_micro": 0.8896103896103896,
                        "F1_micro": 0.8753993610223644,
                        "P_macro_doc": 0.8708860759493671,
                        "R_macro_doc": 0.8978021978021977,
                        "F1_macro_doc": 0.9051509893615158,
                        "P_macro_doc_std": 0.3067050557795225,
                        "R_macro_doc_std": 0.27405567563594,
                        "F1_macro_doc_std": 0.24722449308350705
                    }
                },
                "PERS": {
                    "partial": {
                        "correct": 1,
                        "incorrect": 0,
                        "partial": 0,
                        "missed": 8,
                        "spurious": 1,
                        "possible": 9,
                        "actual": 2,
                        "TP": 1,
                        "FP": 1,
                        "FN": 8,
                        "P_micro": 0.5,
                        "R_micro": 0.1111111111111111,
                        "F1_micro": 0.1818181818181818,
                        "P_macro_doc": 0.5,
                        "R_macro_doc": 0.1111111111111111,
                        "F1_macro_doc": 1.0,
                        "P_macro_doc_std": 0.5,
                        "R_macro_doc_std": 0.31426968052735443,
                        "F1_macro_doc_std": 0.0
                    },
                    "strict": {
                        "correct": 1,
                        "incorrect": 0,
                        "partial": 0,
                        "missed": 8,
                        "spurious": 1,
                        "possible": 9,
                        "actual": 2,
                        "TP": 1,
                        "FP": 1,
                        "FN": 8,
                        "P_micro": 0.5,
                        "R_micro": 0.1111111111111111,
                        "F1_micro": 0.1818181818181818,
                        "P_macro_doc": 0.5,
                        "R_macro_doc": 0.1111111111111111,
                        "F1_macro_doc": 1.0,
                        "P_macro_doc_std": 0.5,
                        "R_macro_doc_std": 0.31426968052735443,
                        "F1_macro_doc_std": 0.0
                    },
                    "ent_type": {
                        "correct": 1,
                        "incorrect": 0,
                        "partial": 0,
                        "missed": 8,
                        "spurious": 1,
                        "possible": 9,
                        "actual": 2,
                        "TP": 1,
                        "FP": 1,
                        "FN": 8,
                        "P_micro": 0.5,
                        "R_micro": 0.1111111111111111,
                        "F1_micro": 0.1818181818181818,
                        "P_macro_doc": 0.5,
                        "R_macro_doc": 0.1111111111111111,
                        "F1_macro_doc": 1.0,
                        "P_macro_doc_std": 0.5,
                        "R_macro_doc_std": 0.31426968052735443,
                        "F1_macro_doc_std": 0.0
                    },
                    "exact": {
                        "correct": 1,
                        "incorrect": 0,
                        "partial": 0,
                        "missed": 8,
                        "spurious": 1,
                        "possible": 9,
                        "actual": 2,
                        "TP": 1,
                        "FP": 1,
                        "FN": 8,
                        "P_micro": 0.5,
                        "R_micro": 0.1111111111111111,
                        "F1_micro": 0.1818181818181818,
                        "P_macro_doc": 0.5,
                        "R_macro_doc": 0.1111111111111111,
                        "F1_macro_doc": 1.0,
                        "P_macro_doc_std": 0.5,
                        "R_macro_doc_std": 0.31426968052735443,
                        "F1_macro_doc_std": 0.0
                    }
                },
                "ALL": {
                    "partial": {
                        "correct": 138,
                        "incorrect": 0,
                        "partial": 6,
                        "missed": 19,
                        "spurious": 17,
                        "possible": 163,
                        "actual": 161,
                        "TP": 138,
                        "FP": 23,
                        "FN": 25,