{"dev": {"global": [{"loss": 0.007274444401264191, "precision": 0.7647058823529411, "recall": 0.5, "f1": 0.6046511627906976}, {"loss": 0.0044641014372505845, "precision": 0.6896551724137931, "recall": 0.7692307692307693, "f1": 0.7272727272727274}, {"loss": 0.006678201469912892, "precision": 0.5882352941176471, "recall": 0.7692307692307693, "f1": 0.6666666666666667}], "sent-level": [null, null, null], "token-level": ["                                 precision    recall  f1-score   support\n\n        org.ent.pressagency.AFP     1.0000    1.0000    1.0000         7\n         org.ent.pressagency.AP     0.0000    0.0000    0.0000         2\n    org.ent.pressagency.ATS-SDA     0.0000    0.0000    0.0000         1\n        org.ent.pressagency.DNB     0.0000    0.0000    0.0000         1\norg.ent.pressagency.Europapress     0.0000    0.0000    0.0000         1\n      org.ent.pressagency.Extel     0.0000    0.0000    0.0000         1\n      org.ent.pressagency.Havas     0.0000    0.0000    0.0000         1\n    org.ent.pressagency.Reuters     0.6667    0.6667    0.6667         3\n     org.ent.pressagency.UP-UPI     0.5000    1.0000    0.6667         3\n      org.ent.pressagency.Wolff     0.0000    0.0000    0.0000         1\n         org.ent.pressagency.ag     1.0000    1.0000    1.0000         1\n        org.ent.pressagency.unk     0.0000    0.0000    0.0000         1\n         pers.ind.articleauthor     0.0000    0.0000    0.0000         3\n\n                      micro avg     0.7647    0.5000    0.6047        26\n                      macro avg     0.2436    0.2821    0.2564        26\n                   weighted avg     0.4423    0.5000    0.4615        26\n", "                                 precision    recall  f1-score   support\n\n        org.ent.pressagency.AFP     1.0000    1.0000    1.0000         7\n         org.ent.pressagency.AP     0.6667    1.0000    0.8000         2\n    org.ent.pressagency.ATS-SDA     1.0000    1.0000    1.0000         1\n        org.ent.pressagency.DNB     1.0000    1.0000    1.0000         1\norg.ent.pressagency.Europapress     1.0000    1.0000    1.0000         1\n      org.ent.pressagency.Extel     1.0000    1.0000    1.0000         1\n      org.ent.pressagency.Havas     0.0000    0.0000    0.0000         1\n    org.ent.pressagency.Reuters     0.5000    0.6667    0.5714         3\n     org.ent.pressagency.UP-UPI     1.0000    1.0000    1.0000         3\n      org.ent.pressagency.Wolff     1.0000    1.0000    1.0000         1\n         org.ent.pressagency.ag     1.0000    1.0000    1.0000         1\n        org.ent.pressagency.unk     0.0000    0.0000    0.0000         1\n         pers.ind.articleauthor     0.0000    0.0000    0.0000         3\n\n                      micro avg     0.6897    0.7692    0.7273        26\n                      macro avg     0.7051    0.7436    0.7209        26\n                   weighted avg     0.7244    0.7692    0.7429        26\n", "                                 precision    recall  f1-score   support\n\n        org.ent.pressagency.AFP     1.0000    1.0000    1.0000         7\n         org.ent.pressagency.AP     0.6667    1.0000    0.8000         2\n    org.ent.pressagency.ATS-SDA     0.5000    1.0000    0.6667         1\n        org.ent.pressagency.DNB     1.0000    1.0000    1.0000         1\norg.ent.pressagency.Europapress     1.0000    1.0000    1.0000         1\n      org.ent.pressagency.Extel     1.0000    1.0000    1.0000         1\n      org.ent.pressagency.Havas     0.0000    0.0000    0.0000         1\n    org.ent.pressagency.Reuters     0.5000    0.6667    0.5714         3\n     org.ent.pressagency.UP-UPI     1.0000    1.0000    1.0000         3\n      org.ent.pressagency.Wolff     1.0000    1.0000    1.0000         1\n         org.ent.pressagency.ag     1.0000    1.0000    1.0000         1\n        org.ent.pressagency.unk     0.0000    0.0000    0.0000         1\n         pers.ind.articleauthor     0.0000    0.0000    0.0000         3\n\n                      micro avg     0.5882    0.7692    0.6667        26\n                      macro avg     0.6667    0.7436    0.6952        26\n                   weighted avg     0.7051    0.7692    0.7300        26\n"]}, "test": {"global": {"loss": 0.00856978044462534, "precision": 0.75, "recall": 0.8490566037735849, "f1": 0.7964601769911505}, "token-level": "                                 precision    recall  f1-score   support\n\n        org.ent.pressagency.AFP     1.0000    1.0000    1.0000         5\n         org.ent.pressagency.AP     1.0000    0.6667    0.8000         6\n    org.ent.pressagency.ATS-SDA     0.0000    0.0000    0.0000         0\n        org.ent.pressagency.DNB     1.0000    1.0000    1.0000         3\norg.ent.pressagency.Europapress     1.0000    1.0000    1.0000         1\n      org.ent.pressagency.Extel     1.0000    1.0000    1.0000         1\n      org.ent.pressagency.Havas     0.7778    1.0000    0.8750         7\n    org.ent.pressagency.Reuters     0.8000    1.0000    0.8889         4\n    org.ent.pressagency.SPK-SMP     0.0000    0.0000    0.0000         0\n       org.ent.pressagency.TASS     0.0000    0.0000    0.0000         0\n     org.ent.pressagency.UP-UPI     0.7500    0.7500    0.7500         4\n      org.ent.pressagency.Wolff     1.0000    1.0000    1.0000         6\n         org.ent.pressagency.ag     0.9091    1.0000    0.9524        10\n        org.ent.pressagency.unk     0.1250    0.2500    0.1667         4\n         pers.ind.articleauthor     0.0000    0.0000    0.0000         2\n\n                      micro avg     0.7500    0.8491    0.7965        53\n                      macro avg     0.6241    0.6444    0.6289        53\n                   weighted avg     0.8158    0.8491    0.8240        53\n"}}