{
    "NE-COARSE-LIT": {
        "TIME-ALL": {
            "LED-ALL": {
                "ORG": {
                    "partial": {
                        "correct": 76,
                        "incorrect": 0,
                        "partial": 2,
                        "missed": 32,
                        "spurious": 23,
                        "possible": 110,
                        "actual": 101,
                        "TP": 76,
                        "FP": 25,
                        "FN": 34,
                        "P_micro": 0.7623762376237624,
                        "R_micro": 0.7,
                        "F1_micro": 0.7298578199052131,
                        "P_macro_doc": 0.8399122807017544,
                        "R_macro_doc": 0.7171717171717171,
                        "F1_macro_doc": 0.8791180517595613,
                        "P_macro_doc_std": 0.30566745761448993,
                        "R_macro_doc_std": 0.41038671194556947,
                        "F1_macro_doc_std": 0.20597923968875106
                    },
                    "strict": {
                        "correct": 76,
                        "incorrect": 2,
                        "partial": 0,
                        "missed": 32,
                        "spurious": 23,
                        "possible": 110,
                        "actual": 101,
                        "TP": 76,
                        "FP": 25,
                        "FN": 34,
                        "P_micro": 0.7524752475247525,
                        "R_micro": 0.6909090909090909,
                        "F1_micro": 0.7203791469194313,
                        "P_macro_doc": 0.8267543859649122,
                        "R_macro_doc": 0.7058080808080808,
                        "F1_macro_doc": 0.8649671083633348,
                        "P_macro_doc_std": 0.32479839616795825,
                        "R_macro_doc_std": 0.41960070429613394,
                        "F1_macro_doc_std": 0.23768611657958427
                    },
                    "ent_type": {
                        "correct": 78,
                        "incorrect": 0,
                        "partial": 0,
                        "missed": 32,
                        "spurious": 23,
                        "possible": 110,
                        "actual": 101,
                        "TP": 78,
                        "FP": 23,
                        "FN": 32,
                        "P_micro": 0.7722772277227723,
                        "R_micro": 0.7090909090909091,
                        "F1_micro": 0.7393364928909952,
                        "P_macro_doc": 0.8530701754385965,
                        "R_macro_doc": 0.7285353535353535,
                        "F1_macro_doc": 0.8932689951557876,
                        "P_macro_doc_std": 0.3032982740284293,
                        "R_macro_doc_std": 0.4122877492044445,
                        "F1_macro_doc_std": 0.19937943420275436
                    },
                    "exact": {
                        "correct": 76,
                        "incorrect": 2,
                        "partial": 0,
                        "missed": 32,
                        "spurious": 23,
                        "possible": 110,
                        "actual": 101,
                        "TP": 76,
                        "FP": 25,
                        "FN": 34,
                        "P_micro": 0.7524752475247525,
                        "R_micro": 0.6909090909090909,
                        "F1_micro": 0.7203791469194313,
                        "P_macro_doc": 0.8267543859649122,
                        "R_macro_doc": 0.7058080808080808,
                        "F1_macro_doc": 0.8649671083633348,
                        "P_macro_doc_std": 0.32479839616795825,
                        "R_macro_doc_std": 0.41960070429613394,
                        "F1_macro_doc_std": 0.23768611657958427
                    }
                },
                "PERS": {
                    "partial": {
                        "correct": 0,
                        "incorrect": 0,
                        "partial": 0,
                        "missed": 4,
                        "spurious": 2,
                        "possible": 4,
                        "actual": 2,
                        "TP": 0,
                        "FP": 2,
                        "FN": 4,
                        "P_micro": 0.0,
                        "R_micro": 0.0,
                        "F1_micro": 0,
                        "P_macro_doc": 0.0,
                        "R_macro_doc": 0.0,
                        "F1_macro_doc": null,
                        "P_macro_doc_std": 0.0,
                        "R_macro_doc_std": 0.0,
                        "F1_macro_doc_std": null
                    },
                    "strict": {
                        "correct": 0,
                        "incorrect": 0,
                        "partial": 0,
                        "missed": 4,
                        "spurious": 2,
                        "possible": 4,
                        "actual": 2,
                        "TP": 0,
                        "FP": 2,
                        "FN": 4,
                        "P_micro": 0.0,
                        "R_micro": 0.0,
                        "F1_micro": 0,
                        "P_macro_doc": 0.0,
                        "R_macro_doc": 0.0,
                        "F1_macro_doc": null,
                        "P_macro_doc_std": 0.0,
                        "R_macro_doc_std": 0.0,
                        "F1_macro_doc_std": null
                    },
                    "ent_type": {
                        "correct": 0,
                        "incorrect": 0,
                        "partial": 0,
                        "missed": 4,
                        "spurious": 2,
                        "possible": 4,
                        "actual": 2,
                        "TP": 0,
                        "FP": 2,
                        "FN": 4,
                        "P_micro": 0.0,
                        "R_micro": 0.0,
                        "F1_micro": 0,
                        "P_macro_doc": 0.0,
                        "R_macro_doc": 0.0,
                        "F1_macro_doc": null,
                        "P_macro_doc_std": 0.0,
                        "R_macro_doc_std": 0.0,
                        "F1_macro_doc_std": null
                    },
                    "exact": {
                        "correct": 0,
                        "incorrect": 0,
                        "partial": 0,
                        "missed": 4,
                        "spurious": 2,
                        "possible": 4,
                        "actual": 2,
                        "TP": 0,
                        "FP": 2,
                        "FN": 4,
                        "P_micro": 0.0,
                        "R_micro": 0.0,
                        "F1_micro": 0,
                        "P_macro_doc": 0.0,
                        "R_macro_doc": 0.0,
                        "F1_macro_doc": null,
                        "P_macro_doc_std": 0.0,
                        "R_macro_doc_std": 0.0,
                        "F1_macro_doc_std": null
                    }
                },
                "ALL": {
                    "partial": {
                        "correct": 76,
                        "incorrect": 0,
                        "partial": 2,
                        "missed": 36,
                        "spurious": 25,
                        "possible": 114,
                        "actual": 103,
                        "TP": 76,
                        "FP": 27,
                        "FN": 38,
                        "P_micro": 0.7475728155339806,
                        "R_micro": 0.6754385964912281,
                        "F1_micro": 0.7096774193548386,
                        "P_macro_doc": 0.8225574712643677,