{
    "NE-COARSE-LIT": {
        "TIME-ALL": {
            "LED-ALL": {
                "ORG": {
                    "partial": {
                        "correct": 74,
                        "incorrect": 0,
                        "partial": 2,
                        "missed": 34,
                        "spurious": 27,
                        "possible": 110,
                        "actual": 103,
                        "TP": 74,
                        "FP": 29,
                        "FN": 36,
                        "P_micro": 0.7281553398058253,
                        "R_micro": 0.6818181818181818,
                        "F1_micro": 0.704225352112676,
                        "P_macro_doc": 0.7823275862068966,
                        "R_macro_doc": 0.6982323232323232,
                        "F1_macro_doc": 0.8583868055021902,
                        "P_macro_doc_std": 0.34211170058298623,
                        "R_macro_doc_std": 0.41873354822578296,
                        "F1_macro_doc_std": 0.21497835494801457
                    },
                    "strict": {
                        "correct": 74,
                        "incorrect": 2,
                        "partial": 0,
                        "missed": 34,
                        "spurious": 27,
                        "possible": 110,
                        "actual": 103,
                        "TP": 74,
                        "FP": 29,
                        "FN": 36,
                        "P_micro": 0.7184466019417476,
                        "R_micro": 0.6727272727272727,
                        "F1_micro": 0.6948356807511737,
                        "P_macro_doc": 0.7693965517241379,
                        "R_macro_doc": 0.6868686868686869,
                        "F1_macro_doc": 0.8439637285791133,
                        "P_macro_doc_std": 0.35694192545710984,
                        "R_macro_doc_std": 0.42726436938120654,
                        "F1_macro_doc_std": 0.24484999102908409
                    },
                    "ent_type": {
                        "correct": 76,
                        "incorrect": 0,
                        "partial": 0,
                        "missed": 34,
                        "spurious": 27,
                        "possible": 110,
                        "actual": 103,
                        "TP": 76,
                        "FP": 27,
                        "FN": 34,
                        "P_micro": 0.7378640776699029,
                        "R_micro": 0.6909090909090909,
                        "F1_micro": 0.7136150234741784,
                        "P_macro_doc": 0.7952586206896551,
                        "R_macro_doc": 0.7095959595959596,
                        "F1_macro_doc": 0.8728098824252671,
                        "P_macro_doc_std": 0.34222029741953297,
                        "R_macro_doc_std": 0.4211082520963881,
                        "F1_macro_doc_std": 0.2099596355463099
                    },
                    "exact": {
                        "correct": 74,
                        "incorrect": 2,
                        "partial": 0,
                        "missed": 34,
                        "spurious": 27,
                        "possible": 110,
                        "actual": 103,
                        "TP": 74,
                        "FP": 29,
                        "FN": 36,
                        "P_micro": 0.7184466019417476,
                        "R_micro": 0.6727272727272727,
                        "F1_micro": 0.6948356807511737,
                        "P_macro_doc": 0.7693965517241379,
                        "R_macro_doc": 0.6868686868686869,
                        "F1_macro_doc": 0.8439637285791133,
                        "P_macro_doc_std": 0.35694192545710984,
                        "R_macro_doc_std": 0.42726436938120654,
                        "F1_macro_doc_std": 0.24484999102908409
                    }
                },
                "PERS": {
                    "partial": {
                        "correct": 0,
                        "incorrect": 0,
                        "partial": 1,
                        "missed": 3,
                        "spurious": 1,
                        "possible": 4,
                        "actual": 2,
                        "TP": 0,
                        "FP": 2,
                        "FN": 4,
                        "P_micro": 0.25,
                        "R_micro": 0.125,
                        "F1_micro": 0.16666666666666666,
                        "P_macro_doc": 0.25,
                        "R_macro_doc": 0.08333333333333333,
                        "F1_macro_doc": 0.3333333333333333,
                        "P_macro_doc_std": 0.25,
                        "R_macro_doc_std": 0.11785113019775792,
                        "F1_macro_doc_std": 0.0
                    },
                    "strict": {
                        "correct": 0,
                        "incorrect": 1,
                        "partial": 0,
                        "missed": 3,
                        "spurious": 1,
                        "possible": 4,
                        "actual": 2,
                        "TP": 0,
                        "FP": 2,
                        "FN": 4,
                        "P_micro": 0.0,
                        "R_micro": 0.0,
                        "F1_micro": 0,
                        "P_macro_doc": 0.0,
                        "R_macro_doc": 0.0,
                        "F1_macro_doc": 0.0,
                        "P_macro_doc_std": 0.0,
                        "R_macro_doc_std": 0.0,
                        "F1_macro_doc_std": 0.0
                    },
                    "ent_type": {
                        "correct": 0,
                        "incorrect": 1,
                        "partial": 0,
                        "missed": 3,
                        "spurious": 1,
                        "possible": 4,
                        "actual": 2,
                        "TP": 0,
                        "FP": 2,
                        "FN": 4,
                        "P_micro": 0.0,
                        "R_micro": 0.0,
                        "F1_micro": 0,
                        "P_macro_doc": 0.0,
                        "R_macro_doc": 0.0,
                        "F1_macro_doc": 0.0,
                        "P_macro_doc_std": 0.0,
                        "R_macro_doc_std": 0.0,
                        "F1_macro_doc_std": 0.0
                    },
                    "exact": {
                        "correct": 0,
                        "incorrect": 1,
                        "partial": 0,
                        "missed": 3,
                        "spurious": 1,
                        "possible": 4,
                        "actual": 2,
                        "TP": 0,
                        "FP": 2,
                        "FN": 4,
                        "P_micro": 0.0,
                        "R_micro": 0.0,
                        "F1_micro": 0,
                        "P_macro_doc": 0.0,
                        "R_macro_doc": 0.0,
                        "F1_macro_doc": 0.0,
                        "P_macro_doc_std": 0.0,
                        "R_macro_doc_std": 0.0,
                        "F1_macro_doc_std": 0.0
                    }
                },
                "ALL": {
                    "partial": {
                        "correct": 74,
                        "incorrect": 0,
                        "partial": 3,
                        "missed": 37,
                        "spurious": 28,
                        "possible": 114,
                        "actual": 105,
                        "TP": 74,
                        "FP": 31,
                        "FN": 40,
                        "P_micro": 0.719047619047619,
                        "R_micro": 0.6622807017543859,
                        "F1_micro": 0.6894977168949772,