{
    "NE-COARSE-LIT": {
        "TIME-ALL": {
            "LED-ALL": {
                "ORG": {
                    "partial": {
                        "correct": 77,
                        "incorrect": 0,
                        "partial": 6,
                        "missed": 27,
                        "spurious": 26,
                        "possible": 110,
                        "actual": 109,
                        "TP": 77,
                        "FP": 32,
                        "FN": 33,
                        "P_micro": 0.7339449541284404,
                        "R_micro": 0.7272727272727273,
                        "F1_micro": 0.7305936073059361,
                        "P_macro_doc": 0.772265625,
                        "R_macro_doc": 0.7462121212121212,
                        "F1_macro_doc": 0.8478868110447058,
                        "P_macro_doc_std": 0.35994687194628444,
                        "R_macro_doc_std": 0.38212144241776475,
                        "F1_macro_doc_std": 0.24358615264887773
                    },
                    "strict": {
                        "correct": 77,
                        "incorrect": 6,
                        "partial": 0,
                        "missed": 27,
                        "spurious": 26,
                        "possible": 110,
                        "actual": 109,
                        "TP": 77,
                        "FP": 32,
                        "FN": 33,
                        "P_micro": 0.7064220183486238,
                        "R_micro": 0.7,
                        "F1_micro": 0.7031963470319634,
                        "P_macro_doc": 0.733203125,
                        "R_macro_doc": 0.7095959595959596,
                        "F1_macro_doc": 0.804904354904355,
                        "P_macro_doc_std": 0.4037059557038884,
                        "R_macro_doc_std": 0.4211082520963881,
                        "F1_macro_doc_std": 0.32224237747780626
                    },
                    "ent_type": {
                        "correct": 83,
                        "incorrect": 0,
                        "partial": 0,
                        "missed": 27,
                        "spurious": 26,
                        "possible": 110,
                        "actual": 109,
                        "TP": 83,
                        "FP": 26,
                        "FN": 27,
                        "P_micro": 0.7614678899082569,
                        "R_micro": 0.7545454545454545,
                        "F1_micro": 0.7579908675799086,
                        "P_macro_doc": 0.811328125,
                        "R_macro_doc": 0.7828282828282828,
                        "F1_macro_doc": 0.8908692671850565,
                        "P_macro_doc_std": 0.35811938618921474,
                        "R_macro_doc_std": 0.38086568168175755,
                        "F1_macro_doc_std": 0.22319835379459482
                    },
                    "exact": {
                        "correct": 77,
                        "incorrect": 6,
                        "partial": 0,
                        "missed": 27,
                        "spurious": 26,
                        "possible": 110,
                        "actual": 109,
                        "TP": 77,
                        "FP": 32,
                        "FN": 33,
                        "P_micro": 0.7064220183486238,
                        "R_micro": 0.7,
                        "F1_micro": 0.7031963470319634,
                        "P_macro_doc": 0.733203125,
                        "R_macro_doc": 0.7095959595959596,
                        "F1_macro_doc": 0.804904354904355,
                        "P_macro_doc_std": 0.4037059557038884,
                        "R_macro_doc_std": 0.4211082520963881,
                        "F1_macro_doc_std": 0.32224237747780626
                    }
                },
                "PERS": {
                    "partial": {
                        "correct": 0,
                        "incorrect": 0,
                        "partial": 0,
                        "missed": 4,
                        "spurious": 0,
                        "possible": 4,
                        "actual": 0,
                        "TP": 0,
                        "FP": 0,
                        "FN": 4,
                        "P_micro": 0,
                        "R_micro": 0.0,
                        "F1_micro": 0,
                        "P_macro_doc": null,
                        "R_macro_doc": 0.0,
                        "F1_macro_doc": null,
                        "P_macro_doc_std": null,
                        "R_macro_doc_std": 0.0,
                        "F1_macro_doc_std": null
                    },
                    "strict": {
                        "correct": 0,
                        "incorrect": 0,
                        "partial": 0,
                        "missed": 4,
                        "spurious": 0,
                        "possible": 4,
                        "actual": 0,
                        "TP": 0,
                        "FP": 0,
                        "FN": 4,
                        "P_micro": 0,
                        "R_micro": 0.0,
                        "F1_micro": 0,
                        "P_macro_doc": null,
                        "R_macro_doc": 0.0,
                        "F1_macro_doc": null,
                        "P_macro_doc_std": null,
                        "R_macro_doc_std": 0.0,
                        "F1_macro_doc_std": null
                    },
                    "ent_type": {
                        "correct": 0,
                        "incorrect": 0,
                        "partial": 0,
                        "missed": 4,
                        "spurious": 0,
                        "possible": 4,
                        "actual": 0,
                        "TP": 0,
                        "FP": 0,
                        "FN": 4,
                        "P_micro": 0,
                        "R_micro": 0.0,
                        "F1_micro": 0,
                        "P_macro_doc": null,
                        "R_macro_doc": 0.0,
                        "F1_macro_doc": null,
                        "P_macro_doc_std": null,
                        "R_macro_doc_std": 0.0,
                        "F1_macro_doc_std": null
                    },
                    "exact": {
                        "correct": 0,
                        "incorrect": 0,
                        "partial": 0,
                        "missed": 4,
                        "spurious": 0,
                        "possible": 4,
                        "actual": 0,
                        "TP": 0,
                        "FP": 0,
                        "FN": 4,
                        "P_micro": 0,
                        "R_micro": 0.0,
                        "F1_micro": 0,
                        "P_macro_doc": null,
                        "R_macro_doc": 0.0,
                        "F1_macro_doc": null,
                        "P_macro_doc_std": null,
                        "R_macro_doc_std": 0.0,
                        "F1_macro_doc_std": null
                    }
                },
                "ALL": {
                    "partial": {
                        "correct": 77,
                        "incorrect": 0,
                        "partial": 6,
                        "missed": 31,
                        "spurious": 26,
                        "possible": 114,
                        "actual": 109,
                        "TP": 77,
                        "FP": 32,
                        "FN": 37,
                        "P_micro": 0.7339449541284404,
                        "R_micro": 0.7017543859649122,
                        "F1_micro": 0.7174887892376682,
                        "P_macro_doc": 0.772265625,
                        "R_macro_doc": 0.7137681159420289,