{
    "NE-COARSE-LIT": {
        "TIME-ALL": {
            "LED-ALL": {
                "ORG": {
                    "partial": {
                        "correct": 50,
                        "incorrect": 0,
                        "partial": 2,
                        "missed": 4,
                        "spurious": 11,
                        "possible": 56,
                        "actual": 63,
                        "TP": 50,
                        "FP": 13,
                        "FN": 6,
                        "P_micro": 0.8095238095238095,
                        "R_micro": 0.9107142857142857,
                        "F1_micro": 0.8571428571428571,
                        "P_macro_doc": 0.7314814814814815,
                        "R_macro_doc": 0.9620129870129871,
                        "F1_macro_doc": 0.9456737080797232,
                        "P_macro_doc_std": 0.40161283214187155,
                        "R_macro_doc_std": 0.07808222180140466,
                        "F1_macro_doc_std": 0.06915764793183794
                    },
                    "strict": {
                        "correct": 50,
                        "incorrect": 2,
                        "partial": 0,
                        "missed": 4,
                        "spurious": 11,
                        "possible": 56,
                        "actual": 63,
                        "TP": 50,
                        "FP": 13,
                        "FN": 6,
                        "P_micro": 0.7936507936507936,
                        "R_micro": 0.8928571428571429,
                        "F1_micro": 0.8403361344537815,
                        "P_macro_doc": 0.7259259259259259,
                        "R_macro_doc": 0.9555194805194805,
                        "F1_macro_doc": 0.9388709869912878,
                        "P_macro_doc_std": 0.3999314070131285,
                        "R_macro_doc_std": 0.09226550690559902,
                        "F1_macro_doc_std": 0.08117193372986937
                    },
                    "ent_type": {
                        "correct": 52,
                        "incorrect": 0,
                        "partial": 0,
                        "missed": 4,
                        "spurious": 11,
                        "possible": 56,
                        "actual": 63,
                        "TP": 52,
                        "FP": 11,
                        "FN": 4,
                        "P_micro": 0.8253968253968254,
                        "R_micro": 0.9285714285714286,
                        "F1_micro": 0.8739495798319328,
                        "P_macro_doc": 0.7370370370370369,
                        "R_macro_doc": 0.9685064935064934,
                        "F1_macro_doc": 0.9524764291681586,
                        "P_macro_doc_std": 0.40458619141362057,
                        "R_macro_doc_std": 0.06911620106351221,
                        "F1_macro_doc_std": 0.06465199207189921
                    },
                    "exact": {
                        "correct": 50,
                        "incorrect": 2,
                        "partial": 0,
                        "missed": 4,
                        "spurious": 11,
                        "possible": 56,
                        "actual": 63,
                        "TP": 50,
                        "FP": 13,
                        "FN": 6,
                        "P_micro": 0.7936507936507936,
                        "R_micro": 0.8928571428571429,
                        "F1_micro": 0.8403361344537815,
                        "P_macro_doc": 0.7259259259259259,
                        "R_macro_doc": 0.9555194805194805,
                        "F1_macro_doc": 0.9388709869912878,
                        "P_macro_doc_std": 0.3999314070131285,
                        "R_macro_doc_std": 0.09226550690559902,
                        "F1_macro_doc_std": 0.08117193372986937
                    }
                },
                "PERS": {
                    "partial": {
                        "correct": 0,
                        "incorrect": 0,
                        "partial": 0,
                        "missed": 2,
                        "spurious": 0,
                        "possible": 2,
                        "actual": 0,
                        "TP": 0,
                        "FP": 0,
                        "FN": 2,
                        "P_micro": 0,
                        "R_micro": 0.0,
                        "F1_micro": 0,
                        "P_macro_doc": null,
                        "R_macro_doc": 0.0,
                        "F1_macro_doc": null,
                        "P_macro_doc_std": null,
                        "R_macro_doc_std": 0.0,
                        "F1_macro_doc_std": null
                    },
                    "strict": {
                        "correct": 0,
                        "incorrect": 0,
                        "partial": 0,
                        "missed": 2,
                        "spurious": 0,
                        "possible": 2,
                        "actual": 0,
                        "TP": 0,
                        "FP": 0,
                        "FN": 2,
                        "P_micro": 0,
                        "R_micro": 0.0,
                        "F1_micro": 0,
                        "P_macro_doc": null,
                        "R_macro_doc": 0.0,
                        "F1_macro_doc": null,
                        "P_macro_doc_std": null,
                        "R_macro_doc_std": 0.0,
                        "F1_macro_doc_std": null
                    },
                    "ent_type": {
                        "correct": 0,
                        "incorrect": 0,
                        "partial": 0,
                        "missed": 2,
                        "spurious": 0,
                        "possible": 2,
                        "actual": 0,
                        "TP": 0,
                        "FP": 0,
                        "FN": 2,
                        "P_micro": 0,
                        "R_micro": 0.0,
                        "F1_micro": 0,
                        "P_macro_doc": null,
                        "R_macro_doc": 0.0,
                        "F1_macro_doc": null,
                        "P_macro_doc_std": null,
                        "R_macro_doc_std": 0.0,
                        "F1_macro_doc_std": null
                    },
                    "exact": {
                        "correct": 0,
                        "incorrect": 0,
                        "partial": 0,
                        "missed": 2,
                        "spurious": 0,
                        "possible": 2,
                        "actual": 0,
                        "TP": 0,
                        "FP": 0,
                        "FN": 2,
                        "P_micro": 0,
                        "R_micro": 0.0,
                        "F1_micro": 0,
                        "P_macro_doc": null,
                        "R_macro_doc": 0.0,
                        "F1_macro_doc": null,
                        "P_macro_doc_std": null,
                        "R_macro_doc_std": 0.0,
                        "F1_macro_doc_std": null
                    }
                },
                "ALL": {
                    "partial": {
                        "correct": 50,
                        "incorrect": 0,
                        "partial": 2,
                        "missed": 6,
                        "spurious": 11,
                        "possible": 58,
                        "actual": 63,
                        "TP": 50,
                        "FP": 13,
                        "FN": 8,
                        "P_micro": 0.8095238095238095,
                        "R_micro": 0.8793103448275862,
                        "F1_micro": 0.8429752066115702,
                        "P_macro_doc": 0.7314814814814815,