{"dev": {"global": [{"loss": 0.006711227675766444, "precision": 0.7130434782608696, "recall": 0.7321428571428571, "f1": 0.7224669603524229}, {"loss": 0.004411985234286619, "precision": 0.734375, "recall": 0.8392857142857143, "f1": 0.7833333333333332}, {"loss": 0.0040705904650187655, "precision": 0.7443609022556391, "recall": 0.8839285714285714, "f1": 0.8081632653061225}], "sent-level": [null, null, null], "token-level": ["                             precision    recall  f1-score   support\n\n    org.ent.pressagency.AFP     0.6364    1.0000    0.7778        14\n     org.ent.pressagency.AP     1.0000    0.6250    0.7692         8\norg.ent.pressagency.ATS-SDA     0.7500    0.6250    0.6818        24\n    org.ent.pressagency.DNB     1.0000    0.3333    0.5000         3\n  org.ent.pressagency.Extel     0.0000    0.0000    0.0000         1\n  org.ent.pressagency.Havas     0.6970    0.8846    0.7797        26\norg.ent.pressagency.Reuters     0.7200    0.9474    0.8182        19\norg.ent.pressagency.Stefani     0.0000    0.0000    0.0000         1\n org.ent.pressagency.UP-UPI     0.7500    0.7500    0.7500         4\n  org.ent.pressagency.Wolff     0.7500    1.0000    0.8571         3\n     org.ent.pressagency.ag     0.0000    0.0000    0.0000         1\n    org.ent.pressagency.unk     0.0000    0.0000    0.0000         4\n     pers.ind.articleauthor     0.0000    0.0000    0.0000         4\n\n                  micro avg     0.7130    0.7321    0.7225       112\n                  macro avg     0.4849    0.4743    0.4564       112\n               weighted avg     0.6693    0.7321    0.6812       112\n", "                             precision    recall  f1-score   support\n\n    org.ent.pressagency.AFP     0.6667    1.0000    0.8000        14\n     org.ent.pressagency.AP     0.6000    0.7500    0.6667         8\norg.ent.pressagency.ATS-SDA     0.7742    1.0000    0.8727        24\n    org.ent.pressagency.DNB     1.0000    0.3333    0.5000         3\n  org.ent.pressagency.Extel     0.0000    0.0000    0.0000         1\n  org.ent.pressagency.Havas     0.8065    0.9615    0.8772        26\norg.ent.pressagency.Reuters     0.9000    0.9474    0.9231        19\norg.ent.pressagency.Stefani     0.0000    0.0000    0.0000         1\n org.ent.pressagency.UP-UPI     1.0000    1.0000    1.0000         4\n  org.ent.pressagency.Wolff     0.5000    0.6667    0.5714         3\n     org.ent.pressagency.ag     0.0000    0.0000    0.0000         1\n    org.ent.pressagency.unk     0.0000    0.0000    0.0000         4\n     pers.ind.articleauthor     0.0000    0.0000    0.0000         4\n\n                  micro avg     0.7344    0.8393    0.7833       112\n                  macro avg     0.4806    0.5122    0.4778       112\n               weighted avg     0.7079    0.8393    0.7593       112\n", "                             precision    recall  f1-score   support\n\n    org.ent.pressagency.AFP     0.7778    1.0000    0.8750        14\n     org.ent.pressagency.AP     0.6667    0.7500    0.7059         8\norg.ent.pressagency.ATS-SDA     0.8571    1.0000    0.9231        24\n    org.ent.pressagency.DNB     0.3333    0.3333    0.3333         3\n    org.ent.pressagency.DPA     0.0000    0.0000    0.0000         0\n  org.ent.pressagency.Extel     0.0000    0.0000    0.0000         1\n  org.ent.pressagency.Havas     0.8333    0.9615    0.8929        26\norg.ent.pressagency.Reuters     0.8636    1.0000    0.9268        19\norg.ent.pressagency.Stefani     1.0000    1.0000    1.0000         1\n org.ent.pressagency.UP-UPI     1.0000    1.0000    1.0000         4\n  org.ent.pressagency.Wolff     0.4286    1.0000    0.6000         3\n     org.ent.pressagency.ag     0.0000    0.0000    0.0000         1\n    org.ent.pressagency.unk     0.2500    0.2500    0.2500         4\n     pers.ind.articleauthor     0.2000    0.2500    0.2222         4\n\n                  micro avg     0.7444    0.8839    0.8082       112\n                  macro avg     0.5150    0.6103    0.5521       112\n               weighted avg     0.7496    0.8839    0.8086       112\n"]}, "test": {"global": {"loss": 0.006587283084974129, "precision": 0.8333333333333334, "recall": 0.8176100628930818, "f1": 0.8253968253968256}, "token-level": "                             precision    recall  f1-score   support\n\n    org.ent.pressagency.AFP     0.9524    1.0000    0.9756        20\n   org.ent.pressagency.ANSA     0.0000    0.0000    0.0000         1\n     org.ent.pressagency.AP     0.8571    1.0000    0.9231         6\n    org.ent.pressagency.APA     0.0000    0.0000    0.0000         1\norg.ent.pressagency.ATS-SDA     0.9167    0.9565    0.9362        23\n    org.ent.pressagency.DNB     1.0000    0.6667    0.8000         3\n    org.ent.pressagency.DPA     0.6667    1.0000    0.8000         2\n  org.ent.pressagency.Havas     0.7949    0.9118    0.8493        34\n   org.ent.pressagency.Kipa     0.0000    0.0000    0.0000         1\norg.ent.pressagency.Reuters     0.9259    0.8929    0.9091        28\norg.ent.pressagency.Stefani     1.0000    1.0000    1.0000         2\n org.ent.pressagency.UP-UPI     0.9286    0.9286    0.9286        14\n  org.ent.pressagency.Wolff     0.5714    1.0000    0.7273         4\n org.ent.pressagency.Xinhua     0.0000    0.0000    0.0000         1\n     org.ent.pressagency.ag     0.0000    0.0000    0.0000         3\n    org.ent.pressagency.unk     0.4286    0.4286    0.4286         7\n     pers.ind.articleauthor     0.0000    0.0000    0.0000         9\n\n                  micro avg     0.8333    0.8176    0.8254       159\n                  macro avg     0.5319    0.5756    0.5457       159\n               weighted avg     0.7726    0.8176    0.7913       159\n"}}