{
    "NE-COARSE-LIT": {
        "TIME-ALL": {
            "LED-ALL": {
                "ORG": {
                    "partial": {
                        "correct": 46,
                        "incorrect": 0,
                        "partial": 0,
                        "missed": 10,
                        "spurious": 6,
                        "possible": 56,
                        "actual": 52,
                        "TP": 46,
                        "FP": 6,
                        "FN": 10,
                        "P_micro": 0.8846153846153846,
                        "R_micro": 0.8214285714285714,
                        "F1_micro": 0.8518518518518519,
                        "P_macro_doc": 0.7999999999999999,
                        "R_macro_doc": 0.9295454545454546,
                        "F1_macro_doc": 0.9368301706647573,
                        "P_macro_doc_std": 0.3757345746510897,
                        "R_macro_doc_std": 0.17070544305345264,
                        "F1_macro_doc_std": 0.12241072532224583
                    },
                    "strict": {
                        "correct": 46,
                        "incorrect": 0,
                        "partial": 0,
                        "missed": 10,
                        "spurious": 6,
                        "possible": 56,
                        "actual": 52,
                        "TP": 46,
                        "FP": 6,
                        "FN": 10,
                        "P_micro": 0.8846153846153846,
                        "R_micro": 0.8214285714285714,
                        "F1_micro": 0.8518518518518519,
                        "P_macro_doc": 0.7999999999999999,
                        "R_macro_doc": 0.9295454545454546,
                        "F1_macro_doc": 0.9368301706647573,
                        "P_macro_doc_std": 0.3757345746510897,
                        "R_macro_doc_std": 0.17070544305345264,
                        "F1_macro_doc_std": 0.12241072532224583
                    },
                    "ent_type": {
                        "correct": 46,
                        "incorrect": 0,
                        "partial": 0,
                        "missed": 10,
                        "spurious": 6,
                        "possible": 56,
                        "actual": 52,
                        "TP": 46,
                        "FP": 6,
                        "FN": 10,
                        "P_micro": 0.8846153846153846,
                        "R_micro": 0.8214285714285714,
                        "F1_micro": 0.8518518518518519,
                        "P_macro_doc": 0.7999999999999999,
                        "R_macro_doc": 0.9295454545454546,
                        "F1_macro_doc": 0.9368301706647573,
                        "P_macro_doc_std": 0.3757345746510897,
                        "R_macro_doc_std": 0.17070544305345264,
                        "F1_macro_doc_std": 0.12241072532224583
                    },
                    "exact": {
                        "correct": 46,
                        "incorrect": 0,
                        "partial": 0,
                        "missed": 10,
                        "spurious": 6,
                        "possible": 56,
                        "actual": 52,
                        "TP": 46,
                        "FP": 6,
                        "FN": 10,
                        "P_micro": 0.8846153846153846,
                        "R_micro": 0.8214285714285714,
                        "F1_micro": 0.8518518518518519,
                        "P_macro_doc": 0.7999999999999999,
                        "R_macro_doc": 0.9295454545454546,
                        "F1_macro_doc": 0.9368301706647573,
                        "P_macro_doc_std": 0.3757345746510897,
                        "R_macro_doc_std": 0.17070544305345264,
                        "F1_macro_doc_std": 0.12241072532224583
                    }
                },
                "PERS": {
                    "partial": {
                        "correct": 0,
                        "incorrect": 0,
                        "partial": 0,
                        "missed": 2,
                        "spurious": 0,
                        "possible": 2,
                        "actual": 0,
                        "TP": 0,
                        "FP": 0,
                        "FN": 2,
                        "P_micro": 0,
                        "R_micro": 0.0,
                        "F1_micro": 0,
                        "P_macro_doc": null,
                        "R_macro_doc": 0.0,
                        "F1_macro_doc": null,
                        "P_macro_doc_std": null,
                        "R_macro_doc_std": 0.0,
                        "F1_macro_doc_std": null
                    },
                    "strict": {
                        "correct": 0,
                        "incorrect": 0,
                        "partial": 0,
                        "missed": 2,
                        "spurious": 0,
                        "possible": 2,
                        "actual": 0,
                        "TP": 0,
                        "FP": 0,
                        "FN": 2,
                        "P_micro": 0,
                        "R_micro": 0.0,
                        "F1_micro": 0,
                        "P_macro_doc": null,
                        "R_macro_doc": 0.0,
                        "F1_macro_doc": null,
                        "P_macro_doc_std": null,
                        "R_macro_doc_std": 0.0,
                        "F1_macro_doc_std": null
                    },
                    "ent_type": {
                        "correct": 0,
                        "incorrect": 0,
                        "partial": 0,
                        "missed": 2,
                        "spurious": 0,
                        "possible": 2,
                        "actual": 0,
                        "TP": 0,
                        "FP": 0,
                        "FN": 2,
                        "P_micro": 0,
                        "R_micro": 0.0,
                        "F1_micro": 0,
                        "P_macro_doc": null,
                        "R_macro_doc": 0.0,
                        "F1_macro_doc": null,
                        "P_macro_doc_std": null,
                        "R_macro_doc_std": 0.0,
                        "F1_macro_doc_std": null
                    },
                    "exact": {
                        "correct": 0,
                        "incorrect": 0,
                        "partial": 0,
                        "missed": 2,
                        "spurious": 0,
                        "possible": 2,
                        "actual": 0,
                        "TP": 0,
                        "FP": 0,
                        "FN": 2,
                        "P_micro": 0,
                        "R_micro": 0.0,
                        "F1_micro": 0,
                        "P_macro_doc": null,
                        "R_macro_doc": 0.0,
                        "F1_macro_doc": null,
                        "P_macro_doc_std": null,
                        "R_macro_doc_std": 0.0,
                        "F1_macro_doc_std": null
                    }
                },
                "ALL": {
                    "partial": {
                        "correct": 46,
                        "incorrect": 0,
                        "partial": 0,
                        "missed": 12,
                        "spurious": 6,
                        "possible": 58,
                        "actual": 52,
                        "TP": 46,
                        "FP": 6,
                        "FN": 12,
                        "P_micro": 0.8846153846153846,
                        "R_micro": 0.7931034482758621,
                        "F1_micro": 0.8363636363636363,
                        "P_macro_doc": 0.7999999999999999,