{"dev": {"global": [{"loss": 0.010550756983392286, "precision": 0.7341772151898734, "recall": 0.5370370370370371, "f1": 0.6203208556149733}, {"loss": 0.010139145172115093, "precision": 0.5277777777777778, "recall": 0.7037037037037037, "f1": 0.6031746031746033}, {"loss": 0.008063567744368024, "precision": 0.68, "recall": 0.6296296296296297, "f1": 0.6538461538461539}], "sent-level": [null, null, null], "token-level": ["                             precision    recall  f1-score   support\n\n    org.ent.pressagency.AFP     0.7059    0.8571    0.7742        14\n     org.ent.pressagency.AP     1.0000    0.1250    0.2222         8\norg.ent.pressagency.ATS-SDA     1.0000    0.2917    0.4516        24\n    org.ent.pressagency.DNB     0.0000    0.0000    0.0000         3\n  org.ent.pressagency.Extel     0.0000    0.0000    0.0000         1\n  org.ent.pressagency.Havas     0.8077    0.8400    0.8235        25\norg.ent.pressagency.Reuters     0.6364    0.8750    0.7368        16\norg.ent.pressagency.Stefani     0.0000    0.0000    0.0000         1\n org.ent.pressagency.UP-UPI     0.0000    0.0000    0.0000         4\n  org.ent.pressagency.Wolff     0.5000    1.0000    0.6667         3\n     org.ent.pressagency.ag     0.0000    0.0000    0.0000         1\n    org.ent.pressagency.unk     0.0000    0.0000    0.0000         4\n     pers.ind.articleauthor     0.0000    0.0000    0.0000         4\n\n                  micro avg     0.7342    0.5370    0.6203       108\n                  macro avg     0.3577    0.3068    0.2827       108\n               weighted avg     0.6829    0.5370    0.5355       108\n", "                             precision    recall  f1-score   support\n\n    org.ent.pressagency.AFP     0.5714    0.8571    0.6857        14\n     org.ent.pressagency.AP     0.7143    0.6250    0.6667         8\norg.ent.pressagency.ATS-SDA     0.3333    0.8750    0.4828        24\n    org.ent.pressagency.DNB     0.0000    0.0000    0.0000         3\n  org.ent.pressagency.Extel     0.0000    0.0000    0.0000         1\n  org.ent.pressagency.Havas     0.6562    0.8400    0.7368        25\norg.ent.pressagency.Reuters     0.9286    0.8125    0.8667        16\norg.ent.pressagency.Stefani     0.0000    0.0000    0.0000         1\n org.ent.pressagency.UP-UPI     0.5000    0.5000    0.5000         4\n  org.ent.pressagency.Wolff     0.6667    0.6667    0.6667         3\n     org.ent.pressagency.ag     0.0000    0.0000    0.0000         1\n    org.ent.pressagency.unk     0.0000    0.0000    0.0000         4\n     pers.ind.articleauthor     0.0000    0.0000    0.0000         4\n\n                  micro avg     0.5278    0.7037    0.6032       108\n                  macro avg     0.3362    0.3982    0.3543       108\n               weighted avg     0.5276    0.7037    0.5815       108\n", "                             precision    recall  f1-score   support\n\n    org.ent.pressagency.AFP     0.6316    0.8571    0.7273        14\n     org.ent.pressagency.AP     0.7143    0.6250    0.6667         8\norg.ent.pressagency.ATS-SDA     0.5000    0.4583    0.4783        24\n    org.ent.pressagency.DNB     1.0000    0.3333    0.5000         3\n  org.ent.pressagency.Extel     0.0000    0.0000    0.0000         1\n  org.ent.pressagency.Havas     0.8000    0.8000    0.8000        25\norg.ent.pressagency.Reuters     0.8750    0.8750    0.8750        16\norg.ent.pressagency.Stefani     0.0000    0.0000    0.0000         1\n org.ent.pressagency.UP-UPI     0.5000    0.5000    0.5000         4\n  org.ent.pressagency.Wolff     0.6000    1.0000    0.7500         3\n     org.ent.pressagency.ag     0.0000    0.0000    0.0000         1\n    org.ent.pressagency.unk     0.0000    0.0000    0.0000         4\n     pers.ind.articleauthor     0.0000    0.0000    0.0000         4\n\n                  micro avg     0.6800    0.6296    0.6538       108\n                  macro avg     0.4324    0.4191    0.4075       108\n               weighted avg     0.6237    0.6296    0.6180       108\n"]}, "test": {"global": {"loss": 0.012378195896683626, "precision": 0.71875, "recall": 0.6174496644295302, "f1": 0.6642599277978339}, "token-level": "                             precision    recall  f1-score   support\n\n    org.ent.pressagency.AFP     0.7727    0.9444    0.8500        18\n   org.ent.pressagency.ANSA     0.0000    0.0000    0.0000         1\n     org.ent.pressagency.AP     0.8571    1.0000    0.9231         6\n    org.ent.pressagency.APA     0.0000    0.0000    0.0000         1\norg.ent.pressagency.ATS-SDA     0.8095    0.7391    0.7727        23\n    org.ent.pressagency.DNB     0.5000    0.3333    0.4000         3\n    org.ent.pressagency.DPA     0.0000    0.0000    0.0000         2\n  org.ent.pressagency.Extel     0.0000    0.0000    0.0000         0\n  org.ent.pressagency.Havas     0.7667    0.7419    0.7541        31\n   org.ent.pressagency.Kipa     0.0000    0.0000    0.0000         1\norg.ent.pressagency.Reuters     0.9524    0.7407    0.8333        27\norg.ent.pressagency.Stefani     1.0000    0.5000    0.6667         2\n org.ent.pressagency.UP-UPI     0.6250    0.3846    0.4762        13\n  org.ent.pressagency.Wolff     0.2857    0.6667    0.4000         3\n org.ent.pressagency.Xinhua     0.0000    0.0000    0.0000         1\n     org.ent.pressagency.ag     0.0000    0.0000    0.0000         3\n    org.ent.pressagency.unk     0.0000    0.0000    0.0000         6\n     pers.ind.articleauthor     0.0000    0.0000    0.0000         8\n\n                  micro avg     0.7188    0.6174    0.6643       149\n                  macro avg     0.3650    0.3362    0.3376       149\n               weighted avg     0.6687    0.6174    0.6336       149\n"}}