{"dev": {"global": [{"loss": 0.009944649065453611, "precision": 0.5728155339805825, "recall": 0.5267857142857143, "f1": 0.5488372093023256}, {"loss": 0.009282198795200826, "precision": 0.45962732919254656, "recall": 0.6607142857142857, "f1": 0.5421245421245421}, {"loss": 0.007102221659724921, "precision": 0.6759259259259259, "recall": 0.6517857142857143, "f1": 0.6636363636363637}], "sent-level": [null, null, null], "token-level": ["                             precision    recall  f1-score   support\n\n    org.ent.pressagency.AFP     0.7500    0.6429    0.6923        14\n     org.ent.pressagency.AP     1.0000    0.2500    0.4000         8\norg.ent.pressagency.ATS-SDA     0.5714    0.3333    0.4211        24\n    org.ent.pressagency.DNB     0.0000    0.0000    0.0000         3\n  org.ent.pressagency.Extel     0.0000    0.0000    0.0000         1\n  org.ent.pressagency.Havas     0.4884    0.8077    0.6087        26\norg.ent.pressagency.Reuters     0.7500    0.7895    0.7692        19\norg.ent.pressagency.Stefani     0.0000    0.0000    0.0000         1\n org.ent.pressagency.UP-UPI     0.2500    0.2500    0.2500         4\n  org.ent.pressagency.Wolff     0.3750    1.0000    0.5455         3\n     org.ent.pressagency.ag     0.0000    0.0000    0.0000         1\n    org.ent.pressagency.unk     0.0000    0.0000    0.0000         4\n     pers.ind.articleauthor     0.0000    0.0000    0.0000         4\n\n                  micro avg     0.5728    0.5268    0.5488       112\n                  macro avg     0.3219    0.3133    0.2836       112\n               weighted avg     0.5472    0.5268    0.5007       112\n", "                             precision    recall  f1-score   support\n\n    org.ent.pressagency.AFP     0.5714    0.8571    0.6857        14\n     org.ent.pressagency.AP     1.0000    0.5000    0.6667         8\norg.ent.pressagency.ATS-SDA     0.3286    0.9583    0.4894        24\n    org.ent.pressagency.DNB     0.0000    0.0000    0.0000         3\n  org.ent.pressagency.Extel     0.0000    0.0000    0.0000         1\n  org.ent.pressagency.Havas     0.4783    0.8462    0.6111        26\norg.ent.pressagency.Reuters     0.8182    0.4737    0.6000        19\norg.ent.pressagency.Stefani     0.0000    0.0000    0.0000         1\n org.ent.pressagency.UP-UPI     0.5714    1.0000    0.7273         4\n  org.ent.pressagency.Wolff     0.0000    0.0000    0.0000         3\n     org.ent.pressagency.ag     0.0000    0.0000    0.0000         1\n    org.ent.pressagency.unk     0.0000    0.0000    0.0000         4\n     pers.ind.articleauthor     0.0000    0.0000    0.0000         4\n\n                  micro avg     0.4596    0.6607    0.5421       112\n                  macro avg     0.2898    0.3566    0.2908       112\n               weighted avg     0.4835    0.6607    0.5078       112\n", "                             precision    recall  f1-score   support\n\n    org.ent.pressagency.AFP     0.6316    0.8571    0.7273        14\n     org.ent.pressagency.AP     1.0000    0.7500    0.8571         8\norg.ent.pressagency.ATS-SDA     0.7368    0.5833    0.6512        24\n    org.ent.pressagency.DNB     0.0000    0.0000    0.0000         3\n    org.ent.pressagency.DPA     0.0000    0.0000    0.0000         0\n  org.ent.pressagency.Extel     0.0000    0.0000    0.0000         1\n  org.ent.pressagency.Havas     0.6562    0.8077    0.7241        26\norg.ent.pressagency.Reuters     0.7895    0.7895    0.7895        19\norg.ent.pressagency.Stefani     0.0000    0.0000    0.0000         1\n org.ent.pressagency.UP-UPI     0.4286    0.7500    0.5455         4\n  org.ent.pressagency.Wolff     0.6667    0.6667    0.6667         3\n     org.ent.pressagency.ag     0.0000    0.0000    0.0000         1\n    org.ent.pressagency.unk     0.0000    0.0000    0.0000         4\n     pers.ind.articleauthor     0.0000    0.0000    0.0000         4\n\n                  micro avg     0.6759    0.6518    0.6636       112\n                  macro avg     0.3507    0.3717    0.3544       112\n               weighted avg     0.6277    0.6518    0.6310       112\n"]}, "test": {"global": {"loss": 0.011012208590783097, "precision": 0.697841726618705, "recall": 0.6178343949044586, "f1": 0.6554054054054054}, "token-level": "                             precision    recall  f1-score   support\n\n    org.ent.pressagency.AFP     0.7600    0.9500    0.8444        20\n   org.ent.pressagency.ANSA     0.0000    0.0000    0.0000         1\n     org.ent.pressagency.AP     0.7500    1.0000    0.8571         6\n    org.ent.pressagency.APA     0.0000    0.0000    0.0000         1\norg.ent.pressagency.ATS-SDA     0.7200    0.7826    0.7500        23\n    org.ent.pressagency.DNB     1.0000    0.3333    0.5000         3\n    org.ent.pressagency.DPA     0.5000    0.5000    0.5000         2\n  org.ent.pressagency.Havas     0.6286    0.6667    0.6471        33\n   org.ent.pressagency.Kipa     0.0000    0.0000    0.0000         1\norg.ent.pressagency.Reuters     0.8077    0.7500    0.7778        28\norg.ent.pressagency.Stefani     1.0000    1.0000    1.0000         2\n org.ent.pressagency.UP-UPI     0.6250    0.3846    0.4762        13\n  org.ent.pressagency.Wolff     0.4000    0.5000    0.4444         4\n org.ent.pressagency.Xinhua     0.0000    0.0000    0.0000         1\n     org.ent.pressagency.ag     0.0000    0.0000    0.0000         3\n    org.ent.pressagency.unk     0.0000    0.0000    0.0000         7\n     pers.ind.articleauthor     0.0000    0.0000    0.0000         9\n\n                  micro avg     0.6978    0.6178    0.6554       157\n                  macro avg     0.4230    0.4040    0.3998       157\n               weighted avg     0.6073    0.6178    0.6043       157\n"}}