{"dev": {"global": [{"loss": 0.006130039523678748, "precision": 0.8095238095238095, "recall": 0.7589285714285714, "f1": 0.7834101382488479}, {"loss": 0.005788712415788938, "precision": 0.647887323943662, "recall": 0.8214285714285714, "f1": 0.7244094488188976}, {"loss": 0.004438940717417598, "precision": 0.7368421052631579, "recall": 0.875, "f1": 0.7999999999999999}], "sent-level": [null, null, null], "token-level": ["                             precision    recall  f1-score   support\n\n    org.ent.pressagency.AFP     0.5833    1.0000    0.7368        14\n     org.ent.pressagency.AP     1.0000    0.5000    0.6667         8\norg.ent.pressagency.ATS-SDA     0.9167    0.9167    0.9167        24\n    org.ent.pressagency.DNB     0.3333    0.3333    0.3333         3\n  org.ent.pressagency.Extel     0.0000    0.0000    0.0000         1\n  org.ent.pressagency.Havas     0.8462    0.8462    0.8462        26\norg.ent.pressagency.Reuters     0.9000    0.9474    0.9231        19\norg.ent.pressagency.Stefani     0.0000    0.0000    0.0000         1\n org.ent.pressagency.UP-UPI     1.0000    0.5000    0.6667         4\n  org.ent.pressagency.Wolff     1.0000    0.6667    0.8000         3\n     org.ent.pressagency.ag     0.0000    0.0000    0.0000         1\n    org.ent.pressagency.unk     0.0000    0.0000    0.0000         4\n     pers.ind.articleauthor     0.0000    0.0000    0.0000         4\n\n                  micro avg     0.8095    0.7589    0.7834       112\n                  macro avg     0.5061    0.4392    0.4530       112\n               weighted avg     0.7613    0.7589    0.7433       112\n", "                             precision    recall  f1-score   support\n\n    org.ent.pressagency.AFP     0.5600    1.0000    0.7179        14\n     org.ent.pressagency.AP     0.7500    0.7500    0.7500         8\norg.ent.pressagency.ATS-SDA     0.7931    0.9583    0.8679        24\n    org.ent.pressagency.DNB     0.0000    0.0000    0.0000         3\n    org.ent.pressagency.DPA     0.0000    0.0000    0.0000         0\n  org.ent.pressagency.Extel     0.0000    0.0000    0.0000         1\n  org.ent.pressagency.Havas     0.6970    0.8846    0.7797        26\norg.ent.pressagency.Reuters     0.9000    0.9474    0.9231        19\norg.ent.pressagency.Stefani     1.0000    1.0000    1.0000         1\n org.ent.pressagency.UP-UPI     1.0000    1.0000    1.0000         4\n  org.ent.pressagency.Wolff     0.6667    0.6667    0.6667         3\n     org.ent.pressagency.ag     0.0000    0.0000    0.0000         1\n    org.ent.pressagency.unk     0.0000    0.0000    0.0000         4\n     pers.ind.articleauthor     0.1111    0.2500    0.1538         4\n\n                  micro avg     0.6479    0.8214    0.7244       112\n                  macro avg     0.4627    0.5326    0.4899       112\n               weighted avg     0.6745    0.8214    0.7349       112\n", "                             precision    recall  f1-score   support\n\n    org.ent.pressagency.AFP     0.7368    1.0000    0.8485        14\n     org.ent.pressagency.AP     0.7500    0.7500    0.7500         8\norg.ent.pressagency.ATS-SDA     0.8000    1.0000    0.8889        24\n    org.ent.pressagency.DNB     0.3333    0.3333    0.3333         3\n    org.ent.pressagency.DPA     0.0000    0.0000    0.0000         0\n  org.ent.pressagency.Extel     0.0000    0.0000    0.0000         1\n  org.ent.pressagency.Havas     0.8065    0.9615    0.8772        26\norg.ent.pressagency.Reuters     0.8571    0.9474    0.9000        19\norg.ent.pressagency.Stefani     0.0000    0.0000    0.0000         1\n org.ent.pressagency.UP-UPI     1.0000    1.0000    1.0000         4\n  org.ent.pressagency.Wolff     0.6000    1.0000    0.7500         3\n     org.ent.pressagency.ag     0.0000    0.0000    0.0000         1\n    org.ent.pressagency.unk     0.2500    0.2500    0.2500         4\n     pers.ind.articleauthor     0.3333    0.5000    0.4000         4\n\n                  micro avg     0.7368    0.8750    0.8000       112\n                  macro avg     0.4619    0.5530    0.4999       112\n               weighted avg     0.7313    0.8750    0.7944       112\n"]}, "test": {"global": {"loss": 0.006844067533035153, "precision": 0.7919463087248322, "recall": 0.7564102564102564, "f1": 0.7737704918032786}, "token-level": "                             precision    recall  f1-score   support\n\n    org.ent.pressagency.AFP     1.0000    1.0000    1.0000        20\n   org.ent.pressagency.ANSA     0.0000    0.0000    0.0000         1\n     org.ent.pressagency.AP     0.6667    1.0000    0.8000         6\n    org.ent.pressagency.APA     0.0000    0.0000    0.0000         1\norg.ent.pressagency.ATS-SDA     0.8148    0.9565    0.8800        23\n    org.ent.pressagency.DNB     0.5000    0.3333    0.4000         3\n    org.ent.pressagency.DPA     0.6667    1.0000    0.8000         2\n  org.ent.pressagency.Havas     0.8065    0.7576    0.7812        33\n   org.ent.pressagency.Kipa     1.0000    1.0000    1.0000         1\norg.ent.pressagency.Reuters     0.9583    0.8519    0.9020        27\norg.ent.pressagency.Stefani     1.0000    1.0000    1.0000         2\n org.ent.pressagency.UP-UPI     0.9167    0.8462    0.8800        13\n  org.ent.pressagency.Wolff     0.5000    0.7500    0.6000         4\n org.ent.pressagency.Xinhua     0.0000    0.0000    0.0000         1\n     org.ent.pressagency.ag     0.0000    0.0000    0.0000         3\n    org.ent.pressagency.unk     0.2857    0.2857    0.2857         7\n     pers.ind.articleauthor     0.0000    0.0000    0.0000         9\n\n                  micro avg     0.7919    0.7564    0.7738       156\n                  macro avg     0.5362    0.5754    0.5488       156\n               weighted avg     0.7499    0.7564    0.7488       156\n"}}