{
    "NE-COARSE-LIT": {
        "TIME-ALL": {
            "LED-ALL": {
                "ORG": {
                    "partial": {
                        "correct": 98,
                        "incorrect": 0,
                        "partial": 3,
                        "missed": 9,
                        "spurious": 24,
                        "possible": 110,
                        "actual": 125,
                        "TP": 98,
                        "FP": 27,
                        "FN": 12,
                        "P_micro": 0.796,
                        "R_micro": 0.9045454545454545,
                        "F1_micro": 0.846808510638298,
                        "P_macro_doc": 0.8696165966386554,
                        "R_macro_doc": 0.9131313131313131,
                        "F1_macro_doc": 0.9340227673561006,
                        "P_macro_doc_std": 0.2958469904850141,
                        "R_macro_doc_std": 0.23654918039044973,
                        "F1_macro_doc_std": 0.1515973082156594
                    },
                    "strict": {
                        "correct": 98,
                        "incorrect": 3,
                        "partial": 0,
                        "missed": 9,
                        "spurious": 24,
                        "possible": 110,
                        "actual": 125,
                        "TP": 98,
                        "FP": 27,
                        "FN": 12,
                        "P_micro": 0.784,
                        "R_micro": 0.8909090909090909,
                        "F1_micro": 0.8340425531914893,
                        "P_macro_doc": 0.8588935574229692,
                        "R_macro_doc": 0.9005050505050506,
                        "F1_macro_doc": 0.9219977553310885,
                        "P_macro_doc_std": 0.31335344116957387,
                        "R_macro_doc_std": 0.25979093020267247,
                        "F1_macro_doc_std": 0.19021899873943804
                    },
                    "ent_type": {
                        "correct": 101,
                        "incorrect": 0,
                        "partial": 0,
                        "missed": 9,
                        "spurious": 24,
                        "possible": 110,
                        "actual": 125,
                        "TP": 101,
                        "FP": 24,
                        "FN": 9,
                        "P_micro": 0.808,
                        "R_micro": 0.9181818181818182,
                        "F1_micro": 0.8595744680851064,
                        "P_macro_doc": 0.8803396358543418,
                        "R_macro_doc": 0.9257575757575758,
                        "F1_macro_doc": 0.9460477793811126,
                        "P_macro_doc_std": 0.29140240505464166,
                        "R_macro_doc_std": 0.2309980872532536,
                        "F1_macro_doc_std": 0.1362781143728976
                    },
                    "exact": {
                        "correct": 98,
                        "incorrect": 3,
                        "partial": 0,
                        "missed": 9,
                        "spurious": 24,
                        "possible": 110,
                        "actual": 125,
                        "TP": 98,
                        "FP": 27,
                        "FN": 12,
                        "P_micro": 0.784,
                        "R_micro": 0.8909090909090909,
                        "F1_micro": 0.8340425531914893,
                        "P_macro_doc": 0.8588935574229692,
                        "R_macro_doc": 0.9005050505050506,
                        "F1_macro_doc": 0.9219977553310885,
                        "P_macro_doc_std": 0.31335344116957387,
                        "R_macro_doc_std": 0.25979093020267247,
                        "F1_macro_doc_std": 0.19021899873943804
                    }
                },
                "PERS": {
                    "partial": {
                        "correct": 2,
                        "incorrect": 0,
                        "partial": 0,
                        "missed": 2,
                        "spurious": 4,
                        "possible": 4,
                        "actual": 6,
                        "TP": 2,
                        "FP": 4,
                        "FN": 2,
                        "P_micro": 0.3333333333333333,
                        "R_micro": 0.5,
                        "F1_micro": 0.4,
                        "P_macro_doc": 0.3333333333333333,
                        "R_macro_doc": 0.5,
                        "F1_macro_doc": 0.8333333333333333,
                        "P_macro_doc_std": 0.47140452079103173,
                        "R_macro_doc_std": 0.408248290463863,
                        "F1_macro_doc_std": 0.16666666666666669
                    },
                    "strict": {
                        "correct": 2,
                        "incorrect": 0,
                        "partial": 0,
                        "missed": 2,
                        "spurious": 4,
                        "possible": 4,
                        "actual": 6,
                        "TP": 2,
                        "FP": 4,
                        "FN": 2,
                        "P_micro": 0.3333333333333333,
                        "R_micro": 0.5,
                        "F1_micro": 0.4,
                        "P_macro_doc": 0.3333333333333333,
                        "R_macro_doc": 0.5,
                        "F1_macro_doc": 0.8333333333333333,
                        "P_macro_doc_std": 0.47140452079103173,
                        "R_macro_doc_std": 0.408248290463863,
                        "F1_macro_doc_std": 0.16666666666666669
                    },
                    "ent_type": {
                        "correct": 2,
                        "incorrect": 0,
                        "partial": 0,
                        "missed": 2,
                        "spurious": 4,
                        "possible": 4,
                        "actual": 6,
                        "TP": 2,
                        "FP": 4,
                        "FN": 2,
                        "P_micro": 0.3333333333333333,
                        "R_micro": 0.5,
                        "F1_micro": 0.4,
                        "P_macro_doc": 0.3333333333333333,
                        "R_macro_doc": 0.5,
                        "F1_macro_doc": 0.8333333333333333,
                        "P_macro_doc_std": 0.47140452079103173,
                        "R_macro_doc_std": 0.408248290463863,
                        "F1_macro_doc_std": 0.16666666666666669
                    },
                    "exact": {
                        "correct": 2,
                        "incorrect": 0,
                        "partial": 0,
                        "missed": 2,
                        "spurious": 4,
                        "possible": 4,
                        "actual": 6,
                        "TP": 2,
                        "FP": 4,
                        "FN": 2,
                        "P_micro": 0.3333333333333333,
                        "R_micro": 0.5,
                        "F1_micro": 0.4,
                        "P_macro_doc": 0.3333333333333333,
                        "R_macro_doc": 0.5,
                        "F1_macro_doc": 0.8333333333333333,
                        "P_macro_doc_std": 0.47140452079103173,
                        "R_macro_doc_std": 0.408248290463863,
                        "F1_macro_doc_std": 0.16666666666666669
                    }
                },
                "ALL": {
                    "partial": {
                        "correct": 100,
                        "incorrect": 0,
                        "partial": 3,
                        "missed": 11,
                        "spurious": 28,
                        "possible": 114,
                        "actual": 131,
                        "TP": 100,