{
    "NE-COARSE-LIT": {
        "TIME-ALL": {
            "LED-ALL": {
                "ORG": {
                    "partial": {
                        "correct": 128,
                        "incorrect": 0,
                        "partial": 6,
                        "missed": 20,
                        "spurious": 14,
                        "possible": 154,
                        "actual": 148,
                        "TP": 128,
                        "FP": 20,
                        "FN": 26,
                        "P_micro": 0.8851351351351351,
                        "R_micro": 0.8506493506493507,
                        "F1_micro": 0.8675496688741722,
                        "P_macro_doc": 0.8646090534979424,
                        "R_macro_doc": 0.8772893772893773,
                        "F1_macro_doc": 0.9111302031302032,
                        "P_macro_doc_std": 0.30881408095878377,
                        "R_macro_doc_std": 0.2689137192351575,
                        "F1_macro_doc_std": 0.20316826700390173
                    },
                    "strict": {
                        "correct": 128,
                        "incorrect": 6,
                        "partial": 0,
                        "missed": 20,
                        "spurious": 14,
                        "possible": 154,
                        "actual": 148,
                        "TP": 128,
                        "FP": 20,
                        "FN": 26,
                        "P_micro": 0.8648648648648649,
                        "R_micro": 0.8311688311688312,
                        "F1_micro": 0.847682119205298,
                        "P_macro_doc": 0.8358024691358024,
                        "R_macro_doc": 0.8530372405372406,
                        "F1_macro_doc": 0.8843625263625263,
                        "P_macro_doc_std": 0.3559325847366398,
                        "R_macro_doc_std": 0.3180033119940401,
                        "F1_macro_doc_std": 0.2734594125588731
                    },
                    "ent_type": {
                        "correct": 133,
                        "incorrect": 1,
                        "partial": 0,
                        "missed": 20,
                        "spurious": 14,
                        "possible": 154,
                        "actual": 148,
                        "TP": 133,
                        "FP": 15,
                        "FN": 21,
                        "P_micro": 0.8986486486486487,
                        "R_micro": 0.8636363636363636,
                        "F1_micro": 0.8807947019867549,
                        "P_macro_doc": 0.8913580246913578,
                        "R_macro_doc": 0.8989774114774115,
                        "F1_macro_doc": 0.9354736374736377,
                        "P_macro_doc_std": 0.29895922701561106,
                        "R_macro_doc_std": 0.25085481832292483,
                        "F1_macro_doc_std": 0.1718836226083608
                    },
                    "exact": {
                        "correct": 128,
                        "incorrect": 6,
                        "partial": 0,
                        "missed": 20,
                        "spurious": 14,
                        "possible": 154,
                        "actual": 148,
                        "TP": 128,
                        "FP": 20,
                        "FN": 26,
                        "P_micro": 0.8648648648648649,
                        "R_micro": 0.8311688311688312,
                        "F1_micro": 0.847682119205298,
                        "P_macro_doc": 0.8358024691358024,
                        "R_macro_doc": 0.8530372405372406,
                        "F1_macro_doc": 0.8843625263625263,
                        "P_macro_doc_std": 0.3559325847366398,
                        "R_macro_doc_std": 0.3180033119940401,
                        "F1_macro_doc_std": 0.2734594125588731
                    }
                },
                "PERS": {
                    "partial": {
                        "correct": 3,
                        "incorrect": 0,
                        "partial": 0,
                        "missed": 6,
                        "spurious": 4,
                        "possible": 9,
                        "actual": 7,
                        "TP": 3,
                        "FP": 4,
                        "FN": 6,
                        "P_micro": 0.42857142857142855,
                        "R_micro": 0.3333333333333333,
                        "F1_micro": 0.375,
                        "P_macro_doc": 0.4166666666666667,
                        "R_macro_doc": 0.3333333333333333,
                        "F1_macro_doc": 0.8888888888888888,
                        "P_macro_doc_std": 0.44876373392787533,
                        "R_macro_doc_std": 0.4714045207910317,
                        "F1_macro_doc_std": 0.15713484026367724
                    },
                    "strict": {
                        "correct": 3,
                        "incorrect": 0,
                        "partial": 0,
                        "missed": 6,
                        "spurious": 4,
                        "possible": 9,
                        "actual": 7,
                        "TP": 3,
                        "FP": 4,
                        "FN": 6,
                        "P_micro": 0.42857142857142855,
                        "R_micro": 0.3333333333333333,
                        "F1_micro": 0.375,
                        "P_macro_doc": 0.4166666666666667,
                        "R_macro_doc": 0.3333333333333333,
                        "F1_macro_doc": 0.8888888888888888,
                        "P_macro_doc_std": 0.44876373392787533,
                        "R_macro_doc_std": 0.4714045207910317,
                        "F1_macro_doc_std": 0.15713484026367724
                    },
                    "ent_type": {
                        "correct": 3,
                        "incorrect": 0,
                        "partial": 0,
                        "missed": 6,
                        "spurious": 4,
                        "possible": 9,
                        "actual": 7,
                        "TP": 3,
                        "FP": 4,
                        "FN": 6,
                        "P_micro": 0.42857142857142855,
                        "R_micro": 0.3333333333333333,
                        "F1_micro": 0.375,
                        "P_macro_doc": 0.4166666666666667,
                        "R_macro_doc": 0.3333333333333333,
                        "F1_macro_doc": 0.8888888888888888,
                        "P_macro_doc_std": 0.44876373392787533,
                        "R_macro_doc_std": 0.4714045207910317,
                        "F1_macro_doc_std": 0.15713484026367724
                    },
                    "exact": {
                        "correct": 3,
                        "incorrect": 0,
                        "partial": 0,
                        "missed": 6,
                        "spurious": 4,
                        "possible": 9,
                        "actual": 7,
                        "TP": 3,
                        "FP": 4,
                        "FN": 6,
                        "P_micro": 0.42857142857142855,
                        "R_micro": 0.3333333333333333,
                        "F1_micro": 0.375,
                        "P_macro_doc": 0.4166666666666667,
                        "R_macro_doc": 0.3333333333333333,
                        "F1_macro_doc": 0.8888888888888888,
                        "P_macro_doc_std": 0.44876373392787533,
                        "R_macro_doc_std": 0.4714045207910317,
                        "F1_macro_doc_std": 0.15713484026367724
                    }
                },
                "ALL": {
                    "partial": {
                        "correct": 131,
                        "incorrect": 0,
                        "partial": 6,