{
    "NE-COARSE-LIT": {
        "TIME-ALL": {
            "LED-ALL": {
                "ORG": {
                    "partial": {
                        "correct": 97,
                        "incorrect": 0,
                        "partial": 4,
                        "missed": 9,
                        "spurious": 29,
                        "possible": 110,
                        "actual": 130,
                        "TP": 97,
                        "FP": 33,
                        "FN": 13,
                        "P_micro": 0.7615384615384615,
                        "R_micro": 0.9,
                        "F1_micro": 0.8250000000000001,
                        "P_macro_doc": 0.8557213930348258,
                        "R_macro_doc": 0.9272727272727274,
                        "F1_macro_doc": 0.92997002997003,
                        "P_macro_doc_std": 0.28051055440816813,
                        "R_macro_doc_std": 0.22292130626034354,
                        "F1_macro_doc_std": 0.14098173694574925
                    },
                    "strict": {
                        "correct": 97,
                        "incorrect": 4,
                        "partial": 0,
                        "missed": 9,
                        "spurious": 29,
                        "possible": 110,
                        "actual": 130,
                        "TP": 97,
                        "FP": 33,
                        "FN": 13,
                        "P_micro": 0.7461538461538462,
                        "R_micro": 0.8818181818181818,
                        "F1_micro": 0.8083333333333333,
                        "P_macro_doc": 0.8432835820895522,
                        "R_macro_doc": 0.914141414141414,
                        "F1_macro_doc": 0.9165020165020165,
                        "P_macro_doc_std": 0.30047032923736594,
                        "R_macro_doc_std": 0.25153137751400817,
                        "F1_macro_doc_std": 0.1848891928119463
                    },
                    "ent_type": {
                        "correct": 99,
                        "incorrect": 2,
                        "partial": 0,
                        "missed": 9,
                        "spurious": 29,
                        "possible": 110,
                        "actual": 130,
                        "TP": 99,
                        "FP": 31,
                        "FN": 11,
                        "P_micro": 0.7615384615384615,
                        "R_micro": 0.9,
                        "F1_micro": 0.8250000000000001,
                        "P_macro_doc": 0.86318407960199,
                        "R_macro_doc": 0.9343434343434344,
                        "F1_macro_doc": 0.9376660376660377,
                        "P_macro_doc_std": 0.2820285630805985,
                        "R_macro_doc_std": 0.222472311065667,
                        "F1_macro_doc_std": 0.14012037576055733
                    },
                    "exact": {
                        "correct": 97,
                        "incorrect": 4,
                        "partial": 0,
                        "missed": 9,
                        "spurious": 29,
                        "possible": 110,
                        "actual": 130,
                        "TP": 97,
                        "FP": 33,
                        "FN": 13,
                        "P_micro": 0.7461538461538462,
                        "R_micro": 0.8818181818181818,
                        "F1_micro": 0.8083333333333333,
                        "P_macro_doc": 0.8432835820895522,
                        "R_macro_doc": 0.914141414141414,
                        "F1_macro_doc": 0.9165020165020165,
                        "P_macro_doc_std": 0.30047032923736594,
                        "R_macro_doc_std": 0.25153137751400817,
                        "F1_macro_doc_std": 0.1848891928119463
                    }
                },
                "PERS": {
                    "partial": {
                        "correct": 2,
                        "incorrect": 0,
                        "partial": 0,
                        "missed": 2,
                        "spurious": 6,
                        "possible": 4,
                        "actual": 8,
                        "TP": 2,
                        "FP": 6,
                        "FN": 2,
                        "P_micro": 0.25,
                        "R_micro": 0.5,
                        "F1_micro": 0.3333333333333333,
                        "P_macro_doc": 0.25,
                        "R_macro_doc": 0.5,
                        "F1_macro_doc": 0.8333333333333333,
                        "P_macro_doc_std": 0.4330127018922193,
                        "R_macro_doc_std": 0.408248290463863,
                        "F1_macro_doc_std": 0.16666666666666669
                    },
                    "strict": {
                        "correct": 2,
                        "incorrect": 0,
                        "partial": 0,
                        "missed": 2,
                        "spurious": 6,
                        "possible": 4,
                        "actual": 8,
                        "TP": 2,
                        "FP": 6,
                        "FN": 2,
                        "P_micro": 0.25,
                        "R_micro": 0.5,
                        "F1_micro": 0.3333333333333333,
                        "P_macro_doc": 0.25,
                        "R_macro_doc": 0.5,
                        "F1_macro_doc": 0.8333333333333333,
                        "P_macro_doc_std": 0.4330127018922193,
                        "R_macro_doc_std": 0.408248290463863,
                        "F1_macro_doc_std": 0.16666666666666669
                    },
                    "ent_type": {
                        "correct": 2,
                        "incorrect": 0,
                        "partial": 0,
                        "missed": 2,
                        "spurious": 6,
                        "possible": 4,
                        "actual": 8,
                        "TP": 2,
                        "FP": 6,
                        "FN": 2,
                        "P_micro": 0.25,
                        "R_micro": 0.5,
                        "F1_micro": 0.3333333333333333,
                        "P_macro_doc": 0.25,
                        "R_macro_doc": 0.5,
                        "F1_macro_doc": 0.8333333333333333,
                        "P_macro_doc_std": 0.4330127018922193,
                        "R_macro_doc_std": 0.408248290463863,
                        "F1_macro_doc_std": 0.16666666666666669
                    },
                    "exact": {
                        "correct": 2,
                        "incorrect": 0,
                        "partial": 0,
                        "missed": 2,
                        "spurious": 6,
                        "possible": 4,
                        "actual": 8,
                        "TP": 2,
                        "FP": 6,
                        "FN": 2,
                        "P_micro": 0.25,
                        "R_micro": 0.5,
                        "F1_micro": 0.3333333333333333,
                        "P_macro_doc": 0.25,
                        "R_macro_doc": 0.5,
                        "F1_macro_doc": 0.8333333333333333,
                        "P_macro_doc_std": 0.4330127018922193,
                        "R_macro_doc_std": 0.408248290463863,
                        "F1_macro_doc_std": 0.16666666666666669
                    }
                },
                "ALL": {
                    "partial": {
                        "correct": 99,
                        "incorrect": 0,
                        "partial": 4,
                        "missed": 11,
                        "spurious": 35,
                        "possible": 114,
                        "actual": 138,
                        "TP": 99,
                        "FP": 39,