{
    "NE-COARSE-LIT": {
        "TIME-ALL": {
            "LED-ALL": {
                "ORG": {
                    "partial": {
                        "correct": 48,
                        "incorrect": 0,
                        "partial": 0,
                        "missed": 8,
                        "spurious": 6,
                        "possible": 56,
                        "actual": 54,
                        "TP": 48,
                        "FP": 6,
                        "FN": 8,
                        "P_micro": 0.8888888888888888,
                        "R_micro": 0.8571428571428571,
                        "F1_micro": 0.8727272727272727,
                        "P_macro_doc": 0.7999999999999999,
                        "R_macro_doc": 0.9425324675324676,
                        "F1_macro_doc": 0.949155100636746,
                        "P_macro_doc_std": 0.3757345746510897,
                        "R_macro_doc_std": 0.12897295625086827,
                        "F1_macro_doc_std": 0.08374363158144248
                    },
                    "strict": {
                        "correct": 48,
                        "incorrect": 0,
                        "partial": 0,
                        "missed": 8,
                        "spurious": 6,
                        "possible": 56,
                        "actual": 54,
                        "TP": 48,
                        "FP": 6,
                        "FN": 8,
                        "P_micro": 0.8888888888888888,
                        "R_micro": 0.8571428571428571,
                        "F1_micro": 0.8727272727272727,
                        "P_macro_doc": 0.7999999999999999,
                        "R_macro_doc": 0.9425324675324676,
                        "F1_macro_doc": 0.949155100636746,
                        "P_macro_doc_std": 0.3757345746510897,
                        "R_macro_doc_std": 0.12897295625086827,
                        "F1_macro_doc_std": 0.08374363158144248
                    },
                    "ent_type": {
                        "correct": 48,
                        "incorrect": 0,
                        "partial": 0,
                        "missed": 8,
                        "spurious": 6,
                        "possible": 56,
                        "actual": 54,
                        "TP": 48,
                        "FP": 6,
                        "FN": 8,
                        "P_micro": 0.8888888888888888,
                        "R_micro": 0.8571428571428571,
                        "F1_micro": 0.8727272727272727,
                        "P_macro_doc": 0.7999999999999999,
                        "R_macro_doc": 0.9425324675324676,
                        "F1_macro_doc": 0.949155100636746,
                        "P_macro_doc_std": 0.3757345746510897,
                        "R_macro_doc_std": 0.12897295625086827,
                        "F1_macro_doc_std": 0.08374363158144248
                    },
                    "exact": {
                        "correct": 48,
                        "incorrect": 0,
                        "partial": 0,
                        "missed": 8,
                        "spurious": 6,
                        "possible": 56,
                        "actual": 54,
                        "TP": 48,
                        "FP": 6,
                        "FN": 8,
                        "P_micro": 0.8888888888888888,
                        "R_micro": 0.8571428571428571,
                        "F1_micro": 0.8727272727272727,
                        "P_macro_doc": 0.7999999999999999,
                        "R_macro_doc": 0.9425324675324676,
                        "F1_macro_doc": 0.949155100636746,
                        "P_macro_doc_std": 0.3757345746510897,
                        "R_macro_doc_std": 0.12897295625086827,
                        "F1_macro_doc_std": 0.08374363158144248
                    }
                },
                "PERS": {
                    "partial": {
                        "correct": 0,
                        "incorrect": 0,
                        "partial": 0,
                        "missed": 2,
                        "spurious": 0,
                        "possible": 2,
                        "actual": 0,
                        "TP": 0,
                        "FP": 0,
                        "FN": 2,
                        "P_micro": 0,
                        "R_micro": 0.0,
                        "F1_micro": 0,
                        "P_macro_doc": null,
                        "R_macro_doc": 0.0,
                        "F1_macro_doc": null,
                        "P_macro_doc_std": null,
                        "R_macro_doc_std": 0.0,
                        "F1_macro_doc_std": null
                    },
                    "strict": {
                        "correct": 0,
                        "incorrect": 0,
                        "partial": 0,
                        "missed": 2,
                        "spurious": 0,
                        "possible": 2,
                        "actual": 0,
                        "TP": 0,
                        "FP": 0,
                        "FN": 2,
                        "P_micro": 0,
                        "R_micro": 0.0,
                        "F1_micro": 0,
                        "P_macro_doc": null,
                        "R_macro_doc": 0.0,
                        "F1_macro_doc": null,
                        "P_macro_doc_std": null,
                        "R_macro_doc_std": 0.0,
                        "F1_macro_doc_std": null
                    },
                    "ent_type": {
                        "correct": 0,
                        "incorrect": 0,
                        "partial": 0,
                        "missed": 2,
                        "spurious": 0,
                        "possible": 2,
                        "actual": 0,
                        "TP": 0,
                        "FP": 0,
                        "FN": 2,
                        "P_micro": 0,
                        "R_micro": 0.0,
                        "F1_micro": 0,
                        "P_macro_doc": null,
                        "R_macro_doc": 0.0,
                        "F1_macro_doc": null,
                        "P_macro_doc_std": null,
                        "R_macro_doc_std": 0.0,
                        "F1_macro_doc_std": null
                    },
                    "exact": {
                        "correct": 0,
                        "incorrect": 0,
                        "partial": 0,
                        "missed": 2,
                        "spurious": 0,
                        "possible": 2,
                        "actual": 0,
                        "TP": 0,
                        "FP": 0,
                        "FN": 2,
                        "P_micro": 0,
                        "R_micro": 0.0,
                        "F1_micro": 0,
                        "P_macro_doc": null,
                        "R_macro_doc": 0.0,
                        "F1_macro_doc": null,
                        "P_macro_doc_std": null,
                        "R_macro_doc_std": 0.0,
                        "F1_macro_doc_std": null
                    }
                },
                "ALL": {
                    "partial": {
                        "correct": 48,
                        "incorrect": 0,
                        "partial": 0,
                        "missed": 10,
                        "spurious": 6,
                        "possible": 58,
                        "actual": 54,
                        "TP": 48,
                        "FP": 6,
                        "FN": 10,
                        "P_micro": 0.8888888888888888,
                        "R_micro": 0.8275862068965517,
                        "F1_micro": 0.8571428571428572,
                        "P_macro_doc": 0.7999999999999999,
                        "R_macro_doc": 0.8949134199134198,