{"dev": {"global": [{"loss": 0.009230545061062289, "precision": 0.6944444444444444, "recall": 0.6880733944954128, "f1": 0.6912442396313364}, {"loss": 0.006574019173528408, "precision": 0.647887323943662, "recall": 0.8440366972477065, "f1": 0.7330677290836654}, {"loss": 0.005317359781421668, "precision": 0.6861313868613139, "recall": 0.8623853211009175, "f1": 0.7642276422764229}], "sent-level": [null, null, null], "token-level": ["                             precision    recall  f1-score   support\n\n    org.ent.pressagency.AFP     0.6111    0.7857    0.6875        14\n     org.ent.pressagency.AP     1.0000    0.3750    0.5455         8\norg.ent.pressagency.ATS-SDA     0.7692    0.8333    0.8000        24\n    org.ent.pressagency.DNB     0.0000    0.0000    0.0000         3\n  org.ent.pressagency.Extel     0.0000    0.0000    0.0000         1\n  org.ent.pressagency.Havas     0.8800    0.8462    0.8627        26\norg.ent.pressagency.Reuters     0.5714    1.0000    0.7273        16\norg.ent.pressagency.Stefani     0.0000    0.0000    0.0000         1\n org.ent.pressagency.UP-UPI     0.0000    0.0000    0.0000         4\n  org.ent.pressagency.Wolff     0.5000    1.0000    0.6667         3\n     org.ent.pressagency.ag     0.0000    0.0000    0.0000         1\n    org.ent.pressagency.unk     0.0000    0.0000    0.0000         4\n     pers.ind.articleauthor     0.0000    0.0000    0.0000         4\n\n                  micro avg     0.6944    0.6881    0.6912       109\n                  macro avg     0.3332    0.3723    0.3300       109\n               weighted avg     0.6288    0.6881    0.6354       109\n", "                             precision    recall  f1-score   support\n\n    org.ent.pressagency.AFP     0.4667    1.0000    0.6364        14\n     org.ent.pressagency.AP     0.5455    0.7500    0.6316         8\norg.ent.pressagency.ATS-SDA     0.7500    1.0000    0.8571        24\n    org.ent.pressagency.DNB     0.0000    0.0000    0.0000         3\n    org.ent.pressagency.DPA     0.0000    0.0000    0.0000         0\n  org.ent.pressagency.Extel     0.0000    0.0000    0.0000         1\n  org.ent.pressagency.Havas     0.8065    0.9615    0.8772        26\norg.ent.pressagency.Reuters     0.8421    1.0000    0.9143        16\norg.ent.pressagency.Stefani     1.0000    1.0000    1.0000         1\n org.ent.pressagency.UP-UPI     0.5714    1.0000    0.7273         4\n  org.ent.pressagency.Wolff     0.5000    0.6667    0.5714         3\n     org.ent.pressagency.ag     0.0000    0.0000    0.0000         1\n    org.ent.pressagency.unk     0.0000    0.0000    0.0000         4\n     pers.ind.articleauthor     0.0000    0.0000    0.0000         4\n\n                  micro avg     0.6479    0.8440    0.7331       109\n                  macro avg     0.3916    0.5270    0.4439       109\n               weighted avg     0.6250    0.8440    0.7119       109\n", "                             precision    recall  f1-score   support\n\n    org.ent.pressagency.AFP     0.6364    1.0000    0.7778        14\n     org.ent.pressagency.AP     0.7778    0.8750    0.8235         8\norg.ent.pressagency.ATS-SDA     0.7742    1.0000    0.8727        24\n    org.ent.pressagency.DNB     0.3333    0.3333    0.3333         3\n    org.ent.pressagency.DPA     0.0000    0.0000    0.0000         0\n  org.ent.pressagency.Extel     0.0000    0.0000    0.0000         1\n  org.ent.pressagency.Havas     0.8621    0.9615    0.9091        26\norg.ent.pressagency.Reuters     0.8421    1.0000    0.9143        16\norg.ent.pressagency.Stefani     0.0000    0.0000    0.0000         1\n org.ent.pressagency.UP-UPI     0.8000    1.0000    0.8889         4\n  org.ent.pressagency.Wolff     0.4286    1.0000    0.6000         3\n     org.ent.pressagency.ag     0.0000    0.0000    0.0000         1\n    org.ent.pressagency.unk     0.0000    0.0000    0.0000         4\n     pers.ind.articleauthor     0.0000    0.0000    0.0000         4\n\n                  micro avg     0.6861    0.8624    0.7642       109\n                  macro avg     0.3896    0.5121    0.4371       109\n               weighted avg     0.6889    0.8624    0.7619       109\n"]}, "test": {"global": {"loss": 0.008517834538469594, "precision": 0.7960526315789473, "recall": 0.8175675675675675, "f1": 0.8066666666666666}, "token-level": "                             precision    recall  f1-score   support\n\n    org.ent.pressagency.AFP     0.8182    1.0000    0.9000        18\n   org.ent.pressagency.ANSA     0.0000    0.0000    0.0000         1\n     org.ent.pressagency.AP     0.7143    1.0000    0.8333         5\n    org.ent.pressagency.APA     0.0000    0.0000    0.0000         1\norg.ent.pressagency.ATS-SDA     0.8214    1.0000    0.9020        23\n    org.ent.pressagency.DNB     0.5000    0.3333    0.4000         3\n    org.ent.pressagency.DPA     1.0000    1.0000    1.0000         2\n  org.ent.pressagency.Havas     0.8485    0.9032    0.8750        31\n   org.ent.pressagency.Kipa     0.0000    0.0000    0.0000         1\norg.ent.pressagency.Reuters     0.8889    0.8889    0.8889        27\norg.ent.pressagency.Stefani     1.0000    1.0000    1.0000         2\n org.ent.pressagency.UP-UPI     1.0000    1.0000    1.0000        13\n  org.ent.pressagency.Wolff     0.5000    0.6667    0.5714         3\n org.ent.pressagency.Xinhua     0.0000    0.0000    0.0000         1\n     org.ent.pressagency.ag     0.0000    0.0000    0.0000         3\n    org.ent.pressagency.unk     0.4286    0.5000    0.4615         6\n     pers.ind.articleauthor     0.0000    0.0000    0.0000         8\n\n                  micro avg     0.7961    0.8176    0.8067       148\n                  macro avg     0.5012    0.5466    0.5195       148\n               weighted avg     0.7437    0.8176    0.7765       148\n"}}