{"dev": {"global": {"loss": 0.003534501170475635, "precision": 0.7318840579710145, "recall": 0.9017857142857143, "f1": 0.808}, "sent-level": null, "token-level": "                             precision    recall  f1-score   support\n\n    org.ent.pressagency.AFP     0.7368    1.0000    0.8485        14\n     org.ent.pressagency.AP     0.7778    0.8750    0.8235         8\norg.ent.pressagency.ATS-SDA     0.8000    1.0000    0.8889        24\n    org.ent.pressagency.DNB     0.6000    1.0000    0.7500         3\n  org.ent.pressagency.Extel     0.0000    0.0000    0.0000         1\n  org.ent.pressagency.Havas     0.8000    0.9231    0.8571        26\norg.ent.pressagency.Reuters     0.8571    0.9474    0.9000        19\norg.ent.pressagency.Stefani     0.0000    0.0000    0.0000         1\n org.ent.pressagency.UP-UPI     1.0000    1.0000    1.0000         4\n  org.ent.pressagency.Wolff     0.5000    1.0000    0.6667         3\n     org.ent.pressagency.ag     0.2500    1.0000    0.4000         1\n    org.ent.pressagency.unk     0.6667    0.5000    0.5714         4\n     pers.ind.articleauthor     0.1667    0.2500    0.2000         4\n\n                  micro avg     0.7319    0.9018    0.8080       112\n                  macro avg     0.5504    0.7304    0.6082       112\n               weighted avg     0.7474    0.9018    0.8118       112\n"}, "test": {"global": {"loss": 0.005323284316747045, "precision": 0.8662420382165605, "recall": 0.8553459119496856, "f1": 0.8607594936708861}, "sent-level": null, "token-level": "                             precision    recall  f1-score   support\n\n    org.ent.pressagency.AFP     0.9524    1.0000    0.9756        20\n   org.ent.pressagency.ANSA     0.0000    0.0000    0.0000         1\n     org.ent.pressagency.AP     1.0000    1.0000    1.0000         6\n    org.ent.pressagency.APA     0.0000    0.0000    0.0000         1\norg.ent.pressagency.ATS-SDA     0.9200    1.0000    0.9583        23\n    org.ent.pressagency.DNB     1.0000    1.0000    1.0000         3\n    org.ent.pressagency.DPA     0.6667    1.0000    0.8000         2\n  org.ent.pressagency.Havas     0.8611    0.9118    0.8857        34\n   org.ent.pressagency.Kipa     1.0000    1.0000    1.0000         1\norg.ent.pressagency.Reuters     0.9286    0.9286    0.9286        28\norg.ent.pressagency.Stefani     1.0000    1.0000    1.0000         2\n org.ent.pressagency.UP-UPI     1.0000    0.9286    0.9630        14\n  org.ent.pressagency.Wolff     0.7500    0.7500    0.7500         4\n org.ent.pressagency.Xinhua     0.0000    0.0000    0.0000         1\n     org.ent.pressagency.ag     0.5000    1.0000    0.6667         3\n    org.ent.pressagency.unk     0.6000    0.4286    0.5000         7\n     pers.ind.articleauthor     0.0000    0.0000    0.0000         9\n\n                  micro avg     0.8662    0.8553    0.8608       159\n                  macro avg     0.6576    0.7028    0.6722       159\n               weighted avg     0.8272    0.8553    0.8380       159\n"}}