{
    "NE-COARSE-LIT": {
        "TIME-ALL": {
            "LED-ALL": {
                "PERS": {
                    "partial": {
                        "correct": 0,
                        "incorrect": 0,
                        "partial": 2,
                        "missed": 7,
                        "spurious": 1,
                        "possible": 9,
                        "actual": 3,
                        "TP": 0,
                        "FP": 3,
                        "FN": 9,
                        "P_micro": 0.3333333333333333,
                        "R_micro": 0.1111111111111111,
                        "F1_micro": 0.16666666666666666,
                        "P_macro_doc": 0.3333333333333333,
                        "R_macro_doc": 0.1111111111111111,
                        "F1_macro_doc": 0.5,
                        "P_macro_doc_std": 0.23570226039551584,
                        "R_macro_doc_std": 0.20786985482077452,
                        "F1_macro_doc_std": 0.0
                    },
                    "strict": {
                        "correct": 0,
                        "incorrect": 2,
                        "partial": 0,
                        "missed": 7,
                        "spurious": 1,
                        "possible": 9,
                        "actual": 3,
                        "TP": 0,
                        "FP": 3,
                        "FN": 9,
                        "P_micro": 0.0,
                        "R_micro": 0.0,
                        "F1_micro": 0,
                        "P_macro_doc": 0.0,
                        "R_macro_doc": 0.0,
                        "F1_macro_doc": 0.0,
                        "P_macro_doc_std": 0.0,
                        "R_macro_doc_std": 0.0,
                        "F1_macro_doc_std": 0.0
                    },
                    "ent_type": {
                        "correct": 2,
                        "incorrect": 0,
                        "partial": 0,
                        "missed": 7,
                        "spurious": 1,
                        "possible": 9,
                        "actual": 3,
                        "TP": 2,
                        "FP": 1,
                        "FN": 7,
                        "P_micro": 0.6666666666666666,
                        "R_micro": 0.2222222222222222,
                        "F1_micro": 0.3333333333333333,
                        "P_macro_doc": 0.6666666666666666,
                        "R_macro_doc": 0.2222222222222222,
                        "F1_macro_doc": 1.0,
                        "P_macro_doc_std": 0.4714045207910317,
                        "R_macro_doc_std": 0.41573970964154905,
                        "F1_macro_doc_std": 0.0
                    },
                    "exact": {
                        "correct": 0,
                        "incorrect": 2,
                        "partial": 0,
                        "missed": 7,
                        "spurious": 1,
                        "possible": 9,
                        "actual": 3,
                        "TP": 0,
                        "FP": 3,
                        "FN": 9,
                        "P_micro": 0.0,
                        "R_micro": 0.0,
                        "F1_micro": 0,
                        "P_macro_doc": 0.0,
                        "R_macro_doc": 0.0,
                        "F1_macro_doc": 0.0,
                        "P_macro_doc_std": 0.0,
                        "R_macro_doc_std": 0.0,
                        "F1_macro_doc_std": 0.0
                    }
                },
                "ORG": {
                    "partial": {
                        "correct": 137,
                        "incorrect": 0,
                        "partial": 3,
                        "missed": 14,
                        "spurious": 14,
                        "possible": 154,
                        "actual": 154,
                        "TP": 137,
                        "FP": 17,
                        "FN": 17,
                        "P_micro": 0.8993506493506493,
                        "R_micro": 0.8993506493506493,
                        "F1_micro": 0.8993506493506492,
                        "P_macro_doc": 0.9272222222222221,
                        "R_macro_doc": 0.904655067155067,
                        "F1_macro_doc": 0.9382008757008758,
                        "P_macro_doc_std": 0.22320200671694043,
                        "R_macro_doc_std": 0.25629496806760843,
                        "F1_macro_doc_std": 0.17544366965076516
                    },
                    "strict": {
                        "correct": 137,
                        "incorrect": 3,
                        "partial": 0,
                        "missed": 14,
                        "spurious": 14,
                        "possible": 154,
                        "actual": 154,
                        "TP": 137,
                        "FP": 17,
                        "FN": 17,
                        "P_micro": 0.8896103896103896,
                        "R_micro": 0.8896103896103896,
                        "F1_micro": 0.8896103896103895,
                        "P_macro_doc": 0.9211111111111112,
                        "R_macro_doc": 0.8953601953601953,
                        "F1_macro_doc": 0.9307786807786809,
                        "P_macro_doc_std": 0.23917037679403874,
                        "R_macro_doc_std": 0.27521508364093844,
                        "F1_macro_doc_std": 0.19949613371378264
                    },
                    "ent_type": {
                        "correct": 139,
                        "incorrect": 1,
                        "partial": 0,
                        "missed": 14,
                        "spurious": 14,
                        "possible": 154,
                        "actual": 154,
                        "TP": 139,
                        "FP": 15,
                        "FN": 15,
                        "P_micro": 0.9025974025974026,
                        "R_micro": 0.9025974025974026,
                        "F1_micro": 0.9025974025974026,
                        "P_macro_doc": 0.9311111111111112,
                        "R_macro_doc": 0.9113858363858364,
                        "F1_macro_doc": 0.9431660681660684,
                        "P_macro_doc_std": 0.214895897851914,
                        "R_macro_doc_std": 0.252222128313811,
                        "F1_macro_doc_std": 0.16375105128818992
                    },
                    "exact": {
                        "correct": 137,
                        "incorrect": 3,
                        "partial": 0,
                        "missed": 14,
                        "spurious": 14,
                        "possible": 154,
                        "actual": 154,
                        "TP": 137,
                        "FP": 17,
                        "FN": 17,
                        "P_micro": 0.8896103896103896,
                        "R_micro": 0.8896103896103896,
                        "F1_micro": 0.8896103896103895,
                        "P_macro_doc": 0.9211111111111112,
                        "R_macro_doc": 0.8953601953601953,
                        "F1_macro_doc": 0.9307786807786809,
                        "P_macro_doc_std": 0.23917037679403874,
                        "R_macro_doc_std": 0.27521508364093844,
                        "F1_macro_doc_std": 0.19949613371378264
                    }
                },
                "ALL": {
                    "partial": {
                        "correct": 137,
                        "incorrect": 0,
                        "partial": 5,
                        "missed": 21,
                        "spurious": 15,
                        "possible": 163,
                        "actual": 157,
                        "TP": 137,
                        "FP": 20,
                        "FN": 26,