{
    "NE-COARSE-LIT": {
        "TIME-ALL": {
            "LED-ALL": {
                "ORG": {
                    "partial": {
                        "correct": 48,
                        "incorrect": 0,
                        "partial": 1,
                        "missed": 7,
                        "spurious": 7,
                        "possible": 56,
                        "actual": 56,
                        "TP": 48,
                        "FP": 8,
                        "FN": 8,
                        "P_micro": 0.8660714285714286,
                        "R_micro": 0.8660714285714286,
                        "F1_micro": 0.8660714285714286,
                        "P_macro_doc": 0.7873949579831933,
                        "R_macro_doc": 0.9482142857142858,
                        "F1_macro_doc": 0.947827903091061,
                        "P_macro_doc_std": 0.372393135180336,
                        "R_macro_doc_std": 0.13040605735899835,
                        "F1_macro_doc_std": 0.10178179241137221
                    },
                    "strict": {
                        "correct": 48,
                        "incorrect": 1,
                        "partial": 0,
                        "missed": 7,
                        "spurious": 7,
                        "possible": 56,
                        "actual": 56,
                        "TP": 48,
                        "FP": 8,
                        "FN": 8,
                        "P_micro": 0.8571428571428571,
                        "R_micro": 0.8571428571428571,
                        "F1_micro": 0.8571428571428571,
                        "P_macro_doc": 0.7831932773109243,
                        "R_macro_doc": 0.9449675324675325,
                        "F1_macro_doc": 0.9438596491228071,
                        "P_macro_doc_std": 0.3727911430725855,
                        "R_macro_doc_std": 0.14160953519122715,
                        "F1_macro_doc_std": 0.11505042491278053
                    },
                    "ent_type": {
                        "correct": 49,
                        "incorrect": 0,
                        "partial": 0,
                        "missed": 7,
                        "spurious": 7,
                        "possible": 56,
                        "actual": 56,
                        "TP": 49,
                        "FP": 7,
                        "FN": 7,
                        "P_micro": 0.875,
                        "R_micro": 0.875,
                        "F1_micro": 0.875,
                        "P_macro_doc": 0.791596638655462,
                        "R_macro_doc": 0.951461038961039,
                        "F1_macro_doc": 0.951796157059315,
                        "P_macro_doc_std": 0.37275325586855723,
                        "R_macro_doc_std": 0.11929918569520587,
                        "F1_macro_doc_std": 0.08883630614114157
                    },
                    "exact": {
                        "correct": 48,
                        "incorrect": 1,
                        "partial": 0,
                        "missed": 7,
                        "spurious": 7,
                        "possible": 56,
                        "actual": 56,
                        "TP": 48,
                        "FP": 8,
                        "FN": 8,
                        "P_micro": 0.8571428571428571,
                        "R_micro": 0.8571428571428571,
                        "F1_micro": 0.8571428571428571,
                        "P_macro_doc": 0.7831932773109243,
                        "R_macro_doc": 0.9449675324675325,
                        "F1_macro_doc": 0.9438596491228071,
                        "P_macro_doc_std": 0.3727911430725855,
                        "R_macro_doc_std": 0.14160953519122715,
                        "F1_macro_doc_std": 0.11505042491278053
                    }
                },
                "PERS": {
                    "partial": {
                        "correct": 0,
                        "incorrect": 0,
                        "partial": 0,
                        "missed": 2,
                        "spurious": 0,
                        "possible": 2,
                        "actual": 0,
                        "TP": 0,
                        "FP": 0,
                        "FN": 2,
                        "P_micro": 0,
                        "R_micro": 0.0,
                        "F1_micro": 0,
                        "P_macro_doc": null,
                        "R_macro_doc": 0.0,
                        "F1_macro_doc": null,
                        "P_macro_doc_std": null,
                        "R_macro_doc_std": 0.0,
                        "F1_macro_doc_std": null
                    },
                    "strict": {
                        "correct": 0,
                        "incorrect": 0,
                        "partial": 0,
                        "missed": 2,
                        "spurious": 0,
                        "possible": 2,
                        "actual": 0,
                        "TP": 0,
                        "FP": 0,
                        "FN": 2,
                        "P_micro": 0,
                        "R_micro": 0.0,
                        "F1_micro": 0,
                        "P_macro_doc": null,
                        "R_macro_doc": 0.0,
                        "F1_macro_doc": null,
                        "P_macro_doc_std": null,
                        "R_macro_doc_std": 0.0,
                        "F1_macro_doc_std": null
                    },
                    "ent_type": {
                        "correct": 0,
                        "incorrect": 0,
                        "partial": 0,
                        "missed": 2,
                        "spurious": 0,
                        "possible": 2,
                        "actual": 0,
                        "TP": 0,
                        "FP": 0,
                        "FN": 2,
                        "P_micro": 0,
                        "R_micro": 0.0,
                        "F1_micro": 0,
                        "P_macro_doc": null,
                        "R_macro_doc": 0.0,
                        "F1_macro_doc": null,
                        "P_macro_doc_std": null,
                        "R_macro_doc_std": 0.0,
                        "F1_macro_doc_std": null
                    },
                    "exact": {
                        "correct": 0,
                        "incorrect": 0,
                        "partial": 0,
                        "missed": 2,
                        "spurious": 0,
                        "possible": 2,
                        "actual": 0,
                        "TP": 0,
                        "FP": 0,
                        "FN": 2,
                        "P_micro": 0,
                        "R_micro": 0.0,
                        "F1_micro": 0,
                        "P_macro_doc": null,
                        "R_macro_doc": 0.0,
                        "F1_macro_doc": null,
                        "P_macro_doc_std": null,
                        "R_macro_doc_std": 0.0,
                        "F1_macro_doc_std": null
                    }
                },
                "ALL": {
                    "partial": {
                        "correct": 48,
                        "incorrect": 0,
                        "partial": 1,
                        "missed": 9,
                        "spurious": 7,
                        "possible": 58,
                        "actual": 56,
                        "TP": 48,
                        "FP": 8,
                        "FN": 10,
                        "P_micro": 0.8660714285714286,
                        "R_micro": 0.8362068965517241,
                        "F1_micro": 0.8508771929824562,
                        "P_macro_doc": 0.7873949579831933,
                        "R_macro_doc": 0.900595238095238,