{"dev": {"global": [{"loss": 0.009770502324223915, "precision": 0.7397260273972602, "recall": 0.48214285714285715, "f1": 0.5837837837837838}, {"loss": 0.009289997207979264, "precision": 0.4774193548387097, "recall": 0.6607142857142857, "f1": 0.5543071161048689}, {"loss": 0.007109922614750411, "precision": 0.719626168224299, "recall": 0.6875, "f1": 0.7031963470319634}], "sent-level": [null, null, null], "token-level": ["                             precision    recall  f1-score   support\n\n    org.ent.pressagency.AFP     0.7692    0.7143    0.7407        14\n     org.ent.pressagency.AP     1.0000    0.1250    0.2222         8\norg.ent.pressagency.ATS-SDA     0.8571    0.2500    0.3871        24\n    org.ent.pressagency.DNB     0.0000    0.0000    0.0000         3\n  org.ent.pressagency.Extel     0.0000    0.0000    0.0000         1\n  org.ent.pressagency.Havas     0.7333    0.8462    0.7857        26\norg.ent.pressagency.Reuters     0.8571    0.6316    0.7273        19\norg.ent.pressagency.Stefani     0.0000    0.0000    0.0000         1\n org.ent.pressagency.UP-UPI     0.0000    0.0000    0.0000         4\n  org.ent.pressagency.Wolff     0.4286    1.0000    0.6000         3\n     org.ent.pressagency.ag     0.0000    0.0000    0.0000         1\n    org.ent.pressagency.unk     0.0000    0.0000    0.0000         4\n     pers.ind.articleauthor     0.0000    0.0000    0.0000         4\n\n                  micro avg     0.7397    0.4821    0.5838       112\n                  macro avg     0.3573    0.2744    0.2664       112\n               weighted avg     0.6784    0.4821    0.5133       112\n", "                             precision    recall  f1-score   support\n\n    org.ent.pressagency.AFP     0.6500    0.9286    0.7647        14\n     org.ent.pressagency.AP     1.0000    0.5000    0.6667         8\norg.ent.pressagency.ATS-SDA     0.2532    0.8333    0.3883        24\n    org.ent.pressagency.DNB     0.0000    0.0000    0.0000         3\n  org.ent.pressagency.Extel     0.0000    0.0000    0.0000         1\n  org.ent.pressagency.Havas     0.7097    0.8462    0.7719        26\norg.ent.pressagency.Reuters     0.8462    0.5789    0.6875        19\norg.ent.pressagency.Stefani     0.0000    0.0000    0.0000         1\n org.ent.pressagency.UP-UPI     0.4000    0.5000    0.4444         4\n  org.ent.pressagency.Wolff     0.6667    0.6667    0.6667         3\n     org.ent.pressagency.ag     0.0000    0.0000    0.0000         1\n    org.ent.pressagency.unk     0.0000    0.0000    0.0000         4\n     pers.ind.articleauthor     0.0000    0.0000    0.0000         4\n\n                  micro avg     0.4774    0.6607    0.5543       112\n                  macro avg     0.3481    0.3734    0.3377       112\n               weighted avg     0.5474    0.6607    0.5560       112\n", "                             precision    recall  f1-score   support\n\n    org.ent.pressagency.AFP     0.7222    0.9286    0.8125        14\n     org.ent.pressagency.AP     1.0000    0.7500    0.8571         8\norg.ent.pressagency.ATS-SDA     0.6000    0.6250    0.6122        24\n    org.ent.pressagency.DNB     1.0000    0.3333    0.5000         3\n  org.ent.pressagency.Extel     0.0000    0.0000    0.0000         1\n  org.ent.pressagency.Havas     0.7000    0.8077    0.7500        26\norg.ent.pressagency.Reuters     0.8889    0.8421    0.8649        19\norg.ent.pressagency.Stefani     0.0000    0.0000    0.0000         1\n org.ent.pressagency.UP-UPI     0.5000    0.5000    0.5000         4\n  org.ent.pressagency.Wolff     0.6000    1.0000    0.7500         3\n     org.ent.pressagency.ag     0.0000    0.0000    0.0000         1\n    org.ent.pressagency.unk     0.0000    0.0000    0.0000         4\n     pers.ind.articleauthor     0.0000    0.0000    0.0000         4\n\n                  micro avg     0.7196    0.6875    0.7032       112\n                  macro avg     0.4624    0.4451    0.4344       112\n               weighted avg     0.6643    0.6875    0.6661       112\n"]}, "test": {"global": {"loss": 0.010328274114746908, "precision": 0.6788321167883211, "recall": 0.5849056603773585, "f1": 0.6283783783783783}, "token-level": "                             precision    recall  f1-score   support\n\n    org.ent.pressagency.AFP     0.6786    0.9500    0.7917        20\n   org.ent.pressagency.ANSA     0.0000    0.0000    0.0000         1\n     org.ent.pressagency.AP     0.8333    0.8333    0.8333         6\n    org.ent.pressagency.APA     0.0000    0.0000    0.0000         1\norg.ent.pressagency.ATS-SDA     0.7826    0.7826    0.7826        23\n    org.ent.pressagency.DNB     0.3333    0.3333    0.3333         3\n    org.ent.pressagency.DPA     0.0000    0.0000    0.0000         2\n  org.ent.pressagency.Extel     0.0000    0.0000    0.0000         0\n  org.ent.pressagency.Havas     0.7742    0.7059    0.7385        34\n   org.ent.pressagency.Kipa     0.0000    0.0000    0.0000         1\norg.ent.pressagency.Reuters     0.9474    0.6429    0.7660        28\norg.ent.pressagency.Stefani     1.0000    0.5000    0.6667         2\n org.ent.pressagency.UP-UPI     0.5000    0.3571    0.4167        14\n  org.ent.pressagency.Wolff     0.2222    0.5000    0.3077         4\n org.ent.pressagency.Xinhua     0.0000    0.0000    0.0000         1\n     org.ent.pressagency.ag     0.0000    0.0000    0.0000         3\n    org.ent.pressagency.unk     0.0000    0.0000    0.0000         7\n     pers.ind.articleauthor     0.0000    0.0000    0.0000         9\n\n                  micro avg     0.6788    0.5849    0.6284       159\n                  macro avg     0.3373    0.3114    0.3131       159\n               weighted avg     0.6309    0.5849    0.5961       159\n"}}