{
    "NE-COARSE-LIT": {
        "TIME-ALL": {
            "LED-ALL": {
                "ORG": {
                    "partial": {
                        "correct": 96,
                        "incorrect": 0,
                        "partial": 14,
                        "missed": 44,
                        "spurious": 27,
                        "possible": 154,
                        "actual": 137,
                        "TP": 96,
                        "FP": 41,
                        "FN": 58,
                        "P_micro": 0.7518248175182481,
                        "R_micro": 0.6688311688311688,
                        "F1_micro": 0.7079037800687284,
                        "P_macro_doc": 0.784163313212609,
                        "R_macro_doc": 0.694787851037851,
                        "F1_macro_doc": 0.8418024900446776,
                        "P_macro_doc_std": 0.3532380922159128,
                        "R_macro_doc_std": 0.3937350537096093,
                        "F1_macro_doc_std": 0.25237638562504683
                    },
                    "strict": {
                        "correct": 95,
                        "incorrect": 15,
                        "partial": 0,
                        "missed": 44,
                        "spurious": 27,
                        "possible": 154,
                        "actual": 137,
                        "TP": 95,
                        "FP": 42,
                        "FN": 59,
                        "P_micro": 0.6934306569343066,
                        "R_micro": 0.6168831168831169,
                        "F1_micro": 0.6529209621993127,
                        "P_macro_doc": 0.7425385647216634,
                        "R_macro_doc": 0.6481532356532356,
                        "F1_macro_doc": 0.7934134008352758,
                        "P_macro_doc_std": 0.3959100308818607,
                        "R_macro_doc_std": 0.4285918055559654,
                        "F1_macro_doc_std": 0.3277614979422208
                    },
                    "ent_type": {
                        "correct": 108,
                        "incorrect": 2,
                        "partial": 0,
                        "missed": 44,
                        "spurious": 27,
                        "possible": 154,
                        "actual": 137,
                        "TP": 108,
                        "FP": 29,
                        "FN": 46,
                        "P_micro": 0.7883211678832117,
                        "R_micro": 0.7012987012987013,
                        "F1_micro": 0.7422680412371134,
                        "P_macro_doc": 0.8152246814218645,
                        "R_macro_doc": 0.7324481074481074,
                        "F1_macro_doc": 0.878906857031857,
                        "P_macro_doc_std": 0.3435477429976265,
                        "R_macro_doc_std": 0.3989941545858532,
                        "F1_macro_doc_std": 0.2258458829144187
                    },
                    "exact": {
                        "correct": 96,
                        "incorrect": 14,
                        "partial": 0,
                        "missed": 44,
                        "spurious": 27,
                        "possible": 154,
                        "actual": 137,
                        "TP": 96,
                        "FP": 41,
                        "FN": 58,
                        "P_micro": 0.7007299270072993,
                        "R_micro": 0.6233766233766234,
                        "F1_micro": 0.6597938144329897,
                        "P_macro_doc": 0.7460596914822267,
                        "R_macro_doc": 0.6513583638583638,
                        "F1_macro_doc": 0.7973196508352758,
                        "P_macro_doc_std": 0.39484758812475046,
                        "R_macro_doc_std": 0.4284066348291618,
                        "F1_macro_doc_std": 0.3257247473715197
                    }
                },
                "PERS": {
                    "partial": {
                        "correct": 0,
                        "incorrect": 0,
                        "partial": 0,
                        "missed": 9,
                        "spurious": 0,
                        "possible": 9,
                        "actual": 0,
                        "TP": 0,
                        "FP": 0,
                        "FN": 9,
                        "P_micro": 0,
                        "R_micro": 0.0,
                        "F1_micro": 0,
                        "P_macro_doc": null,
                        "R_macro_doc": 0.0,
                        "F1_macro_doc": null,
                        "P_macro_doc_std": null,
                        "R_macro_doc_std": 0.0,
                        "F1_macro_doc_std": null
                    },
                    "strict": {
                        "correct": 0,
                        "incorrect": 0,
                        "partial": 0,
                        "missed": 9,
                        "spurious": 0,
                        "possible": 9,
                        "actual": 0,
                        "TP": 0,
                        "FP": 0,
                        "FN": 9,
                        "P_micro": 0,
                        "R_micro": 0.0,
                        "F1_micro": 0,
                        "P_macro_doc": null,
                        "R_macro_doc": 0.0,
                        "F1_macro_doc": null,
                        "P_macro_doc_std": null,
                        "R_macro_doc_std": 0.0,
                        "F1_macro_doc_std": null
                    },
                    "ent_type": {
                        "correct": 0,
                        "incorrect": 0,
                        "partial": 0,
                        "missed": 9,
                        "spurious": 0,
                        "possible": 9,
                        "actual": 0,
                        "TP": 0,
                        "FP": 0,
                        "FN": 9,
                        "P_micro": 0,
                        "R_micro": 0.0,
                        "F1_micro": 0,
                        "P_macro_doc": null,
                        "R_macro_doc": 0.0,
                        "F1_macro_doc": null,
                        "P_macro_doc_std": null,
                        "R_macro_doc_std": 0.0,
                        "F1_macro_doc_std": null
                    },
                    "exact": {
                        "correct": 0,
                        "incorrect": 0,
                        "partial": 0,
                        "missed": 9,
                        "spurious": 0,
                        "possible": 9,
                        "actual": 0,
                        "TP": 0,
                        "FP": 0,
                        "FN": 9,
                        "P_micro": 0,
                        "R_micro": 0.0,
                        "F1_micro": 0,
                        "P_macro_doc": null,
                        "R_macro_doc": 0.0,
                        "F1_macro_doc": null,
                        "P_macro_doc_std": null,
                        "R_macro_doc_std": 0.0,
                        "F1_macro_doc_std": null
                    }
                },
                "ALL": {
                    "partial": {
                        "correct": 96,
                        "incorrect": 0,
                        "partial": 14,
                        "missed": 53,
                        "spurious": 27,
                        "possible": 163,
                        "actual": 137,
                        "TP": 96,
                        "FP": 41,
                        "FN": 67,
                        "P_micro": 0.7518248175182481,
                        "R_micro": 0.6319018404907976,
                        "F1_micro": 0.6866666666666666,
                        "P_macro_doc": 0.784163313212609,