{
    "NE-COARSE-LIT": {
        "TIME-ALL": {
            "LED-ALL": {
                "ORG": {
                    "partial": {
                        "correct": 76,
                        "incorrect": 0,
                        "partial": 5,
                        "missed": 29,
                        "spurious": 20,
                        "possible": 110,
                        "actual": 101,
                        "TP": 76,
                        "FP": 25,
                        "FN": 34,
                        "P_micro": 0.7772277227722773,
                        "R_micro": 0.7136363636363636,
                        "F1_micro": 0.7440758293838863,
                        "P_macro_doc": 0.8553030303030302,
                        "R_macro_doc": 0.7000000000000001,
                        "F1_macro_doc": 0.8640196281705715,
                        "P_macro_doc_std": 0.27986001026290375,
                        "R_macro_doc_std": 0.40471755125803016,
                        "F1_macro_doc_std": 0.22057632660156093
                    },
                    "strict": {
                        "correct": 76,
                        "incorrect": 5,
                        "partial": 0,
                        "missed": 29,
                        "spurious": 20,
                        "possible": 110,
                        "actual": 101,
                        "TP": 76,
                        "FP": 25,
                        "FN": 34,
                        "P_micro": 0.7524752475247525,
                        "R_micro": 0.6909090909090909,
                        "F1_micro": 0.7203791469194313,
                        "P_macro_doc": 0.8234848484848485,
                        "R_macro_doc": 0.670959595959596,
                        "F1_macro_doc": 0.8303718294284331,
                        "P_macro_doc_std": 0.33188355520404444,
                        "R_macro_doc_std": 0.430588730615619,
                        "F1_macro_doc_std": 0.2906307777389078
                    },
                    "ent_type": {
                        "correct": 81,
                        "incorrect": 0,
                        "partial": 0,
                        "missed": 29,
                        "spurious": 20,
                        "possible": 110,
                        "actual": 101,
                        "TP": 81,
                        "FP": 20,
                        "FN": 29,
                        "P_micro": 0.801980198019802,
                        "R_micro": 0.7363636363636363,
                        "F1_micro": 0.7677725118483413,
                        "P_macro_doc": 0.8871212121212121,
                        "R_macro_doc": 0.729040404040404,
                        "F1_macro_doc": 0.8976674269127097,
                        "P_macro_doc_std": 0.26357496672749375,
                        "R_macro_doc_std": 0.4073845977558867,
                        "F1_macro_doc_std": 0.19366454295656665
                    },
                    "exact": {
                        "correct": 76,
                        "incorrect": 5,
                        "partial": 0,
                        "missed": 29,
                        "spurious": 20,
                        "possible": 110,
                        "actual": 101,
                        "TP": 76,
                        "FP": 25,
                        "FN": 34,
                        "P_micro": 0.7524752475247525,
                        "R_micro": 0.6909090909090909,
                        "F1_micro": 0.7203791469194313,
                        "P_macro_doc": 0.8234848484848485,
                        "R_macro_doc": 0.670959595959596,
                        "F1_macro_doc": 0.8303718294284331,
                        "P_macro_doc_std": 0.33188355520404444,
                        "R_macro_doc_std": 0.430588730615619,
                        "F1_macro_doc_std": 0.2906307777389078
                    }
                },
                "PERS": {
                    "partial": {
                        "correct": 0,
                        "incorrect": 0,
                        "partial": 1,
                        "missed": 3,
                        "spurious": 2,
                        "possible": 4,
                        "actual": 3,
                        "TP": 0,
                        "FP": 3,
                        "FN": 4,
                        "P_micro": 0.16666666666666666,
                        "R_micro": 0.125,
                        "F1_micro": 0.14285714285714288,
                        "P_macro_doc": 0.16666666666666666,
                        "R_macro_doc": 0.08333333333333333,
                        "F1_macro_doc": 0.3333333333333333,
                        "P_macro_doc_std": 0.23570226039551584,
                        "R_macro_doc_std": 0.11785113019775792,
                        "F1_macro_doc_std": 0.0
                    },
                    "strict": {
                        "correct": 0,
                        "incorrect": 1,
                        "partial": 0,
                        "missed": 3,
                        "spurious": 2,
                        "possible": 4,
                        "actual": 3,
                        "TP": 0,
                        "FP": 3,
                        "FN": 4,
                        "P_micro": 0.0,
                        "R_micro": 0.0,
                        "F1_micro": 0,
                        "P_macro_doc": 0.0,
                        "R_macro_doc": 0.0,
                        "F1_macro_doc": 0.0,
                        "P_macro_doc_std": 0.0,
                        "R_macro_doc_std": 0.0,
                        "F1_macro_doc_std": 0.0
                    },
                    "ent_type": {
                        "correct": 0,
                        "incorrect": 1,
                        "partial": 0,
                        "missed": 3,
                        "spurious": 2,
                        "possible": 4,
                        "actual": 3,
                        "TP": 0,
                        "FP": 3,
                        "FN": 4,
                        "P_micro": 0.0,
                        "R_micro": 0.0,
                        "F1_micro": 0,
                        "P_macro_doc": 0.0,
                        "R_macro_doc": 0.0,
                        "F1_macro_doc": 0.0,
                        "P_macro_doc_std": 0.0,
                        "R_macro_doc_std": 0.0,
                        "F1_macro_doc_std": 0.0
                    },
                    "exact": {
                        "correct": 0,
                        "incorrect": 1,
                        "partial": 0,
                        "missed": 3,
                        "spurious": 2,
                        "possible": 4,
                        "actual": 3,
                        "TP": 0,
                        "FP": 3,
                        "FN": 4,
                        "P_micro": 0.0,
                        "R_micro": 0.0,
                        "F1_micro": 0,
                        "P_macro_doc": 0.0,
                        "R_macro_doc": 0.0,
                        "F1_macro_doc": 0.0,
                        "P_macro_doc_std": 0.0,
                        "R_macro_doc_std": 0.0,
                        "F1_macro_doc_std": 0.0
                    }
                },
                "ALL": {
                    "partial": {
                        "correct": 76,
                        "incorrect": 0,
                        "partial": 6,
                        "missed": 32,
                        "spurious": 22,
                        "possible": 114,
                        "actual": 104,
                        "TP": 76,
                        "FP": 28,
                        "FN": 38,
                        "P_micro": 0.7596153846153846,
                        "R_micro": 0.6929824561403509,