{
    "NE-COARSE-LIT": {
        "TIME-ALL": {
            "LED-ALL": {
                "ORG": {
                    "partial": {
                        "correct": 92,
                        "incorrect": 0,
                        "partial": 3,
                        "missed": 15,
                        "spurious": 22,
                        "possible": 110,
                        "actual": 117,
                        "TP": 92,
                        "FP": 25,
                        "FN": 18,
                        "P_micro": 0.7991452991452992,
                        "R_micro": 0.85,
                        "F1_micro": 0.8237885462555067,
                        "P_macro_doc": 0.865981240981241,
                        "R_macro_doc": 0.8709595959595959,
                        "F1_macro_doc": 0.9262295081967212,
                        "P_macro_doc_std": 0.30094327219657396,
                        "R_macro_doc_std": 0.28054646358996116,
                        "F1_macro_doc_std": 0.1495731332471698
                    },
                    "strict": {
                        "correct": 92,
                        "incorrect": 3,
                        "partial": 0,
                        "missed": 15,
                        "spurious": 22,
                        "possible": 110,
                        "actual": 117,
                        "TP": 92,
                        "FP": 25,
                        "FN": 18,
                        "P_micro": 0.7863247863247863,
                        "R_micro": 0.8363636363636363,
                        "F1_micro": 0.8105726872246696,
                        "P_macro_doc": 0.8546176046176046,
                        "R_macro_doc": 0.8570707070707071,
                        "F1_macro_doc": 0.9129326047358833,
                        "P_macro_doc_std": 0.3213718828712827,
                        "R_macro_doc_std": 0.3006594968525827,
                        "F1_macro_doc_std": 0.19398128891408808
                    },
                    "ent_type": {
                        "correct": 95,
                        "incorrect": 0,
                        "partial": 0,
                        "missed": 15,
                        "spurious": 22,
                        "possible": 110,
                        "actual": 117,
                        "TP": 95,
                        "FP": 22,
                        "FN": 15,
                        "P_micro": 0.811965811965812,
                        "R_micro": 0.8636363636363636,
                        "F1_micro": 0.8370044052863437,
                        "P_macro_doc": 0.8773448773448773,
                        "R_macro_doc": 0.8848484848484849,
                        "F1_macro_doc": 0.9395264116575592,
                        "P_macro_doc_std": 0.2936383842852723,
                        "R_macro_doc_std": 0.2773844782253156,
                        "F1_macro_doc_std": 0.12913118031311657
                    },
                    "exact": {
                        "correct": 92,
                        "incorrect": 3,
                        "partial": 0,
                        "missed": 15,
                        "spurious": 22,
                        "possible": 110,
                        "actual": 117,
                        "TP": 92,
                        "FP": 25,
                        "FN": 18,
                        "P_micro": 0.7863247863247863,
                        "R_micro": 0.8363636363636363,
                        "F1_micro": 0.8105726872246696,
                        "P_macro_doc": 0.8546176046176046,
                        "R_macro_doc": 0.8570707070707071,
                        "F1_macro_doc": 0.9129326047358833,
                        "P_macro_doc_std": 0.3213718828712827,
                        "R_macro_doc_std": 0.3006594968525827,
                        "F1_macro_doc_std": 0.19398128891408808
                    }
                },
                "PERS": {
                    "partial": {
                        "correct": 0,
                        "incorrect": 0,
                        "partial": 0,
                        "missed": 4,
                        "spurious": 2,
                        "possible": 4,
                        "actual": 2,
                        "TP": 0,
                        "FP": 2,
                        "FN": 4,
                        "P_micro": 0.0,
                        "R_micro": 0.0,
                        "F1_micro": 0,
                        "P_macro_doc": 0.0,
                        "R_macro_doc": 0.0,
                        "F1_macro_doc": null,
                        "P_macro_doc_std": 0.0,
                        "R_macro_doc_std": 0.0,
                        "F1_macro_doc_std": null
                    },
                    "strict": {
                        "correct": 0,
                        "incorrect": 0,
                        "partial": 0,
                        "missed": 4,
                        "spurious": 2,
                        "possible": 4,
                        "actual": 2,
                        "TP": 0,
                        "FP": 2,
                        "FN": 4,
                        "P_micro": 0.0,
                        "R_micro": 0.0,
                        "F1_micro": 0,
                        "P_macro_doc": 0.0,
                        "R_macro_doc": 0.0,
                        "F1_macro_doc": null,
                        "P_macro_doc_std": 0.0,
                        "R_macro_doc_std": 0.0,
                        "F1_macro_doc_std": null
                    },
                    "ent_type": {
                        "correct": 0,
                        "incorrect": 0,
                        "partial": 0,
                        "missed": 4,
                        "spurious": 2,
                        "possible": 4,
                        "actual": 2,
                        "TP": 0,
                        "FP": 2,
                        "FN": 4,
                        "P_micro": 0.0,
                        "R_micro": 0.0,
                        "F1_micro": 0,
                        "P_macro_doc": 0.0,
                        "R_macro_doc": 0.0,
                        "F1_macro_doc": null,
                        "P_macro_doc_std": 0.0,
                        "R_macro_doc_std": 0.0,
                        "F1_macro_doc_std": null
                    },
                    "exact": {
                        "correct": 0,
                        "incorrect": 0,
                        "partial": 0,
                        "missed": 4,
                        "spurious": 2,
                        "possible": 4,
                        "actual": 2,
                        "TP": 0,
                        "FP": 2,
                        "FN": 4,
                        "P_micro": 0.0,
                        "R_micro": 0.0,
                        "F1_micro": 0,
                        "P_macro_doc": 0.0,
                        "R_macro_doc": 0.0,
                        "F1_macro_doc": null,
                        "P_macro_doc_std": 0.0,
                        "R_macro_doc_std": 0.0,
                        "F1_macro_doc_std": null
                    }
                },
                "ALL": {
                    "partial": {
                        "correct": 92,
                        "incorrect": 0,
                        "partial": 3,
                        "missed": 19,
                        "spurious": 24,
                        "possible": 114,
                        "actual": 119,
                        "TP": 92,
                        "FP": 27,
                        "FN": 22,
                        "P_micro": 0.7857142857142857,
                        "R_micro": 0.8201754385964912,
                        "F1_micro": 0.8025751072961373,
                        "P_macro_doc": 0.8533549783549783,