{
    "NE-COARSE-LIT": {
        "TIME-ALL": {
            "LED-ALL": {
                "ORG": {
                    "partial": {
                        "correct": 74,
                        "incorrect": 0,
                        "partial": 4,
                        "missed": 32,
                        "spurious": 23,
                        "possible": 110,
                        "actual": 101,
                        "TP": 74,
                        "FP": 27,
                        "FN": 36,
                        "P_micro": 0.7524752475247525,
                        "R_micro": 0.6909090909090909,
                        "F1_micro": 0.7203791469194313,
                        "P_macro_doc": 0.8072916666666667,
                        "R_macro_doc": 0.6747474747474748,
                        "F1_macro_doc": 0.8508318604472451,
                        "P_macro_doc_std": 0.3373605770954493,
                        "R_macro_doc_std": 0.41624465926384807,
                        "F1_macro_doc_std": 0.24827179637474325
                    },
                    "strict": {
                        "correct": 74,
                        "incorrect": 4,
                        "partial": 0,
                        "missed": 32,
                        "spurious": 23,
                        "possible": 110,
                        "actual": 101,
                        "TP": 74,
                        "FP": 27,
                        "FN": 36,
                        "P_micro": 0.7326732673267327,
                        "R_micro": 0.6727272727272727,
                        "F1_micro": 0.7014218009478673,
                        "P_macro_doc": 0.7760416666666667,
                        "R_macro_doc": 0.6482323232323232,
                        "F1_macro_doc": 0.8171780142933989,
                        "P_macro_doc_std": 0.37989223650810106,
                        "R_macro_doc_std": 0.43845198290361403,
                        "F1_macro_doc_std": 0.31199541707382095
                    },
                    "ent_type": {
                        "correct": 78,
                        "incorrect": 0,
                        "partial": 0,
                        "missed": 32,
                        "spurious": 23,
                        "possible": 110,
                        "actual": 101,
                        "TP": 78,
                        "FP": 23,
                        "FN": 32,
                        "P_micro": 0.7722772277227723,
                        "R_micro": 0.7090909090909091,
                        "F1_micro": 0.7393364928909952,
                        "P_macro_doc": 0.8385416666666667,
                        "R_macro_doc": 0.7012626262626263,
                        "F1_macro_doc": 0.8844857066010913,
                        "P_macro_doc_std": 0.33222121958128953,
                        "R_macro_doc_std": 0.4213006017331475,
                        "F1_macro_doc_std": 0.23435329473536945
                    },
                    "exact": {
                        "correct": 74,
                        "incorrect": 4,
                        "partial": 0,
                        "missed": 32,
                        "spurious": 23,
                        "possible": 110,
                        "actual": 101,
                        "TP": 74,
                        "FP": 27,
                        "FN": 36,
                        "P_micro": 0.7326732673267327,
                        "R_micro": 0.6727272727272727,
                        "F1_micro": 0.7014218009478673,
                        "P_macro_doc": 0.7760416666666667,
                        "R_macro_doc": 0.6482323232323232,
                        "F1_macro_doc": 0.8171780142933989,
                        "P_macro_doc_std": 0.37989223650810106,
                        "R_macro_doc_std": 0.43845198290361403,
                        "F1_macro_doc_std": 0.31199541707382095
                    }
                },
                "PERS": {
                    "partial": {
                        "correct": 0,
                        "incorrect": 0,
                        "partial": 0,
                        "missed": 4,
                        "spurious": 4,
                        "possible": 4,
                        "actual": 4,
                        "TP": 0,
                        "FP": 4,
                        "FN": 4,
                        "P_micro": 0.0,
                        "R_micro": 0.0,
                        "F1_micro": 0,
                        "P_macro_doc": 0.0,
                        "R_macro_doc": 0.0,
                        "F1_macro_doc": null,
                        "P_macro_doc_std": 0.0,
                        "R_macro_doc_std": 0.0,
                        "F1_macro_doc_std": null
                    },
                    "strict": {
                        "correct": 0,
                        "incorrect": 0,
                        "partial": 0,
                        "missed": 4,
                        "spurious": 4,
                        "possible": 4,
                        "actual": 4,
                        "TP": 0,
                        "FP": 4,
                        "FN": 4,
                        "P_micro": 0.0,
                        "R_micro": 0.0,
                        "F1_micro": 0,
                        "P_macro_doc": 0.0,
                        "R_macro_doc": 0.0,
                        "F1_macro_doc": null,
                        "P_macro_doc_std": 0.0,
                        "R_macro_doc_std": 0.0,
                        "F1_macro_doc_std": null
                    },
                    "ent_type": {
                        "correct": 0,
                        "incorrect": 0,
                        "partial": 0,
                        "missed": 4,
                        "spurious": 4,
                        "possible": 4,
                        "actual": 4,
                        "TP": 0,
                        "FP": 4,
                        "FN": 4,
                        "P_micro": 0.0,
                        "R_micro": 0.0,
                        "F1_micro": 0,
                        "P_macro_doc": 0.0,
                        "R_macro_doc": 0.0,
                        "F1_macro_doc": null,
                        "P_macro_doc_std": 0.0,
                        "R_macro_doc_std": 0.0,
                        "F1_macro_doc_std": null
                    },
                    "exact": {
                        "correct": 0,
                        "incorrect": 0,
                        "partial": 0,
                        "missed": 4,
                        "spurious": 4,
                        "possible": 4,
                        "actual": 4,
                        "TP": 0,
                        "FP": 4,
                        "FN": 4,
                        "P_micro": 0.0,
                        "R_micro": 0.0,
                        "F1_micro": 0,
                        "P_macro_doc": 0.0,
                        "R_macro_doc": 0.0,
                        "F1_macro_doc": null,
                        "P_macro_doc_std": 0.0,
                        "R_macro_doc_std": 0.0,
                        "F1_macro_doc_std": null
                    }
                },
                "ALL": {
                    "partial": {
                        "correct": 74,
                        "incorrect": 0,
                        "partial": 4,
                        "missed": 36,
                        "spurious": 27,
                        "possible": 114,
                        "actual": 105,
                        "TP": 74,
                        "FP": 31,
                        "FN": 40,
                        "P_micro": 0.7238095238095238,
                        "R_micro": 0.6666666666666666,
                        "F1_micro": 0.6940639269406392,
                        "P_macro_doc": 0.7691091954022988,