{
    "NE-COARSE-LIT": {
        "TIME-ALL": {
            "LED-ALL": {
                "ORG": {
                    "partial": {
                        "correct": 128,
                        "incorrect": 0,
                        "partial": 6,
                        "missed": 20,
                        "spurious": 13,
                        "possible": 154,
                        "actual": 147,
                        "TP": 128,
                        "FP": 19,
                        "FN": 26,
                        "P_micro": 0.891156462585034,
                        "R_micro": 0.8506493506493507,
                        "F1_micro": 0.8704318936877077,
                        "P_macro_doc": 0.906392694063927,
                        "R_macro_doc": 0.8550824175824175,
                        "F1_macro_doc": 0.9231540759709774,
                        "P_macro_doc_std": 0.24992586628367036,
                        "R_macro_doc_std": 0.315570324442531,
                        "F1_macro_doc_std": 0.18981680204402773
                    },
                    "strict": {
                        "correct": 127,
                        "incorrect": 7,
                        "partial": 0,
                        "missed": 20,
                        "spurious": 13,
                        "possible": 154,
                        "actual": 147,
                        "TP": 127,
                        "FP": 20,
                        "FN": 27,
                        "P_micro": 0.8639455782312925,
                        "R_micro": 0.8246753246753247,
                        "F1_micro": 0.8438538205980065,
                        "P_macro_doc": 0.8915525114155253,
                        "R_macro_doc": 0.8379884004884005,
                        "F1_macro_doc": 0.9067221510883482,
                        "P_macro_doc_std": 0.27139253176693684,
                        "R_macro_doc_std": 0.3341022325165442,
                        "F1_macro_doc_std": 0.2224565428618467
                    },
                    "ent_type": {
                        "correct": 133,
                        "incorrect": 1,
                        "partial": 0,
                        "missed": 20,
                        "spurious": 13,
                        "possible": 154,
                        "actual": 147,
                        "TP": 133,
                        "FP": 14,
                        "FN": 21,
                        "P_micro": 0.9047619047619048,
                        "R_micro": 0.8636363636363636,
                        "F1_micro": 0.8837209302325582,
                        "P_macro_doc": 0.9157534246575342,
                        "R_macro_doc": 0.8670482295482296,
                        "F1_macro_doc": 0.9339521980367052,
                        "P_macro_doc_std": 0.24352951388303498,
                        "R_macro_doc_std": 0.31495830817019993,
                        "F1_macro_doc_std": 0.17978601446610515
                    },
                    "exact": {
                        "correct": 128,
                        "incorrect": 6,
                        "partial": 0,
                        "missed": 20,
                        "spurious": 13,
                        "possible": 154,
                        "actual": 147,
                        "TP": 128,
                        "FP": 19,
                        "FN": 26,
                        "P_micro": 0.8707482993197279,
                        "R_micro": 0.8311688311688312,
                        "F1_micro": 0.8504983388704319,
                        "P_macro_doc": 0.8942922374429223,
                        "R_macro_doc": 0.840552503052503,
                        "F1_macro_doc": 0.909539052496799,
                        "P_macro_doc_std": 0.26943792865497945,
                        "R_macro_doc_std": 0.3330316716583608,
                        "F1_macro_doc_std": 0.2198052471880102
                    }
                },
                "PERS": {
                    "partial": {
                        "correct": 0,
                        "incorrect": 0,
                        "partial": 2,
                        "missed": 7,
                        "spurious": 2,
                        "possible": 9,
                        "actual": 4,
                        "TP": 0,
                        "FP": 4,
                        "FN": 9,
                        "P_micro": 0.25,
                        "R_micro": 0.1111111111111111,
                        "F1_micro": 0.15384615384615383,
                        "P_macro_doc": 0.25,
                        "R_macro_doc": 0.1111111111111111,
                        "F1_macro_doc": 0.5,
                        "P_macro_doc_std": 0.25,
                        "R_macro_doc_std": 0.20786985482077452,
                        "F1_macro_doc_std": 0.0
                    },
                    "strict": {
                        "correct": 0,
                        "incorrect": 2,
                        "partial": 0,
                        "missed": 7,
                        "spurious": 2,
                        "possible": 9,
                        "actual": 4,
                        "TP": 0,
                        "FP": 4,
                        "FN": 9,
                        "P_micro": 0.0,
                        "R_micro": 0.0,
                        "F1_micro": 0,
                        "P_macro_doc": 0.0,
                        "R_macro_doc": 0.0,
                        "F1_macro_doc": 0.0,
                        "P_macro_doc_std": 0.0,
                        "R_macro_doc_std": 0.0,
                        "F1_macro_doc_std": 0.0
                    },
                    "ent_type": {
                        "correct": 2,
                        "incorrect": 0,
                        "partial": 0,
                        "missed": 7,
                        "spurious": 2,
                        "possible": 9,
                        "actual": 4,
                        "TP": 2,
                        "FP": 2,
                        "FN": 7,
                        "P_micro": 0.5,
                        "R_micro": 0.2222222222222222,
                        "F1_micro": 0.30769230769230765,
                        "P_macro_doc": 0.5,
                        "R_macro_doc": 0.2222222222222222,
                        "F1_macro_doc": 1.0,
                        "P_macro_doc_std": 0.5,
                        "R_macro_doc_std": 0.41573970964154905,
                        "F1_macro_doc_std": 0.0
                    },
                    "exact": {
                        "correct": 0,
                        "incorrect": 2,
                        "partial": 0,
                        "missed": 7,
                        "spurious": 2,
                        "possible": 9,
                        "actual": 4,
                        "TP": 0,
                        "FP": 4,
                        "FN": 9,
                        "P_micro": 0.0,
                        "R_micro": 0.0,
                        "F1_micro": 0,
                        "P_macro_doc": 0.0,
                        "R_macro_doc": 0.0,
                        "F1_macro_doc": 0.0,
                        "P_macro_doc_std": 0.0,
                        "R_macro_doc_std": 0.0,
                        "F1_macro_doc_std": 0.0
                    }
                },
                "ALL": {
                    "partial": {
                        "correct": 128,
                        "incorrect": 0,
                        "partial": 8,
                        "missed": 27,
                        "spurious": 15,
                        "possible": 163,
                        "actual": 151,
                        "TP": 128,
                        "FP": 23,
                        "FN": 35,
                        "P_micro": 0.8741721854304636,
                        "R_micro": 0.8098159509202454,