{
    "NE-COARSE-LIT": {
        "TIME-ALL": {
            "LED-ALL": {
                "ORG": {
                    "partial": {
                        "correct": 126,
                        "incorrect": 0,
                        "partial": 6,
                        "missed": 22,
                        "spurious": 17,
                        "possible": 154,
                        "actual": 149,
                        "TP": 126,
                        "FP": 23,
                        "FN": 28,
                        "P_micro": 0.8657718120805369,
                        "R_micro": 0.8376623376623377,
                        "F1_micro": 0.8514851485148515,
                        "P_macro_doc": 0.8611111111111112,
                        "R_macro_doc": 0.8751526251526252,
                        "F1_macro_doc": 0.920932145932146,
                        "P_macro_doc_std": 0.3186046395200973,
                        "R_macro_doc_std": 0.27258001270613735,
                        "F1_macro_doc_std": 0.18324915172566356
                    },
                    "strict": {
                        "correct": 125,
                        "incorrect": 7,
                        "partial": 0,
                        "missed": 22,
                        "spurious": 17,
                        "possible": 154,
                        "actual": 149,
                        "TP": 125,
                        "FP": 24,
                        "FN": 29,
                        "P_micro": 0.8389261744966443,
                        "R_micro": 0.8116883116883117,
                        "F1_micro": 0.8250825082508252,
                        "P_macro_doc": 0.845679012345679,
                        "R_macro_doc": 0.85752442002442,
                        "F1_macro_doc": 0.9041085041085042,
                        "P_macro_doc_std": 0.33336191006906535,
                        "R_macro_doc_std": 0.2980103955469296,
                        "F1_macro_doc_std": 0.21983150087400857
                    },
                    "ent_type": {
                        "correct": 130,
                        "incorrect": 2,
                        "partial": 0,
                        "missed": 22,
                        "spurious": 17,
                        "possible": 154,
                        "actual": 149,
                        "TP": 130,
                        "FP": 19,
                        "FN": 24,
                        "P_micro": 0.87248322147651,
                        "R_micro": 0.8441558441558441,
                        "F1_micro": 0.8580858085808581,
                        "P_macro_doc": 0.868312757201646,
                        "R_macro_doc": 0.8850885225885227,
                        "F1_macro_doc": 0.9292927792927793,
                        "P_macro_doc_std": 0.3131393863709696,
                        "R_macro_doc_std": 0.26789965232883645,
                        "F1_macro_doc_std": 0.1678075821029657
                    },
                    "exact": {
                        "correct": 126,
                        "incorrect": 6,
                        "partial": 0,
                        "missed": 22,
                        "spurious": 17,
                        "possible": 154,
                        "actual": 149,
                        "TP": 126,
                        "FP": 23,
                        "FN": 28,
                        "P_micro": 0.8456375838926175,
                        "R_micro": 0.8181818181818182,
                        "F1_micro": 0.8316831683168316,
                        "P_macro_doc": 0.8487654320987654,
                        "R_macro_doc": 0.8600885225885226,
                        "F1_macro_doc": 0.9071115071115072,
                        "P_macro_doc_std": 0.33361899054004096,
                        "R_macro_doc_std": 0.29664086652632915,
                        "F1_macro_doc_std": 0.2180782603754848
                    }
                },
                "PERS": {
                    "partial": {
                        "correct": 0,
                        "incorrect": 0,
                        "partial": 2,
                        "missed": 7,
                        "spurious": 3,
                        "possible": 9,
                        "actual": 5,
                        "TP": 0,
                        "FP": 5,
                        "FN": 9,
                        "P_micro": 0.2,
                        "R_micro": 0.1111111111111111,
                        "F1_micro": 0.14285714285714285,
                        "P_macro_doc": 0.2,
                        "R_macro_doc": 0.1111111111111111,
                        "F1_macro_doc": 0.5,
                        "P_macro_doc_std": 0.24494897427831783,
                        "R_macro_doc_std": 0.20786985482077452,
                        "F1_macro_doc_std": 0.0
                    },
                    "strict": {
                        "correct": 0,
                        "incorrect": 2,
                        "partial": 0,
                        "missed": 7,
                        "spurious": 3,
                        "possible": 9,
                        "actual": 5,
                        "TP": 0,
                        "FP": 5,
                        "FN": 9,
                        "P_micro": 0.0,
                        "R_micro": 0.0,
                        "F1_micro": 0,
                        "P_macro_doc": 0.0,
                        "R_macro_doc": 0.0,
                        "F1_macro_doc": 0.0,
                        "P_macro_doc_std": 0.0,
                        "R_macro_doc_std": 0.0,
                        "F1_macro_doc_std": 0.0
                    },
                    "ent_type": {
                        "correct": 0,
                        "incorrect": 2,
                        "partial": 0,
                        "missed": 7,
                        "spurious": 3,
                        "possible": 9,
                        "actual": 5,
                        "TP": 0,
                        "FP": 5,
                        "FN": 9,
                        "P_micro": 0.0,
                        "R_micro": 0.0,
                        "F1_micro": 0,
                        "P_macro_doc": 0.0,
                        "R_macro_doc": 0.0,
                        "F1_macro_doc": 0.0,
                        "P_macro_doc_std": 0.0,
                        "R_macro_doc_std": 0.0,
                        "F1_macro_doc_std": 0.0
                    },
                    "exact": {
                        "correct": 0,
                        "incorrect": 2,
                        "partial": 0,
                        "missed": 7,
                        "spurious": 3,
                        "possible": 9,
                        "actual": 5,
                        "TP": 0,
                        "FP": 5,
                        "FN": 9,
                        "P_micro": 0.0,
                        "R_micro": 0.0,
                        "F1_micro": 0,
                        "P_macro_doc": 0.0,
                        "R_macro_doc": 0.0,
                        "F1_macro_doc": 0.0,
                        "P_macro_doc_std": 0.0,
                        "R_macro_doc_std": 0.0,
                        "F1_macro_doc_std": 0.0
                    }
                },
                "ALL": {
                    "partial": {
                        "correct": 126,
                        "incorrect": 0,
                        "partial": 8,
                        "missed": 29,
                        "spurious": 20,
                        "possible": 163,
                        "actual": 154,
                        "TP": 126,
                        "FP": 28,
                        "FN": 37,
                        "P_micro": 0.8441558441558441,
                        "R_micro": 0.7975460122699386,
                        "F1_micro": 0.8201892744479494,