{
    "NE-COARSE-LIT": {
        "TIME-ALL": {
            "LED-ALL": {
                "ORG": {
                    "partial": {
                        "correct": 100,
                        "incorrect": 0,
                        "partial": 4,
                        "missed": 6,
                        "spurious": 31,
                        "possible": 110,
                        "actual": 135,
                        "TP": 100,
                        "FP": 35,
                        "FN": 10,
                        "P_micro": 0.7555555555555555,
                        "R_micro": 0.9272727272727272,
                        "F1_micro": 0.8326530612244898,
                        "P_macro_doc": 0.8430239245456638,
                        "R_macro_doc": 0.9338383838383838,
                        "F1_macro_doc": 0.9196834415584416,
                        "P_macro_doc_std": 0.30034628374678807,
                        "R_macro_doc_std": 0.2026127673079263,
                        "F1_macro_doc_std": 0.15575514004851188
                    },
                    "strict": {
                        "correct": 100,
                        "incorrect": 4,
                        "partial": 0,
                        "missed": 6,
                        "spurious": 31,
                        "possible": 110,
                        "actual": 135,
                        "TP": 100,
                        "FP": 35,
                        "FN": 10,
                        "P_micro": 0.7407407407407407,
                        "R_micro": 0.9090909090909091,
                        "F1_micro": 0.8163265306122449,
                        "P_macro_doc": 0.8261157119852772,
                        "R_macro_doc": 0.9161616161616162,
                        "F1_macro_doc": 0.9014542748917749,
                        "P_macro_doc_std": 0.3195711346505666,
                        "R_macro_doc_std": 0.23813546382834616,
                        "F1_macro_doc_std": 0.19969817627523614
                    },
                    "ent_type": {
                        "correct": 104,
                        "incorrect": 0,
                        "partial": 0,
                        "missed": 6,
                        "spurious": 31,
                        "possible": 110,
                        "actual": 135,
                        "TP": 104,
                        "FP": 31,
                        "FN": 6,
                        "P_micro": 0.7703703703703704,
                        "R_micro": 0.9454545454545454,
                        "F1_micro": 0.8489795918367345,
                        "P_macro_doc": 0.8599321371060502,
                        "R_macro_doc": 0.9515151515151514,
                        "F1_macro_doc": 0.9379126082251081,
                        "P_macro_doc_std": 0.2989866437010935,
                        "R_macro_doc_std": 0.1922909742915684,
                        "F1_macro_doc_std": 0.14339514014164198
                    },
                    "exact": {
                        "correct": 100,
                        "incorrect": 4,
                        "partial": 0,
                        "missed": 6,
                        "spurious": 31,
                        "possible": 110,
                        "actual": 135,
                        "TP": 100,
                        "FP": 35,
                        "FN": 10,
                        "P_micro": 0.7407407407407407,
                        "R_micro": 0.9090909090909091,
                        "F1_micro": 0.8163265306122449,
                        "P_macro_doc": 0.8261157119852772,
                        "R_macro_doc": 0.9161616161616162,
                        "F1_macro_doc": 0.9014542748917749,
                        "P_macro_doc_std": 0.3195711346505666,
                        "R_macro_doc_std": 0.23813546382834616,
                        "F1_macro_doc_std": 0.19969817627523614
                    }
                },
                "PERS": {
                    "partial": {
                        "correct": 1,
                        "incorrect": 0,
                        "partial": 0,
                        "missed": 3,
                        "spurious": 5,
                        "possible": 4,
                        "actual": 6,
                        "TP": 1,
                        "FP": 5,
                        "FN": 3,
                        "P_micro": 0.16666666666666666,
                        "R_micro": 0.25,
                        "F1_micro": 0.2,
                        "P_macro_doc": 0.2,
                        "R_macro_doc": 0.3333333333333333,
                        "F1_macro_doc": 1.0,
                        "P_macro_doc_std": 0.4000000000000001,
                        "R_macro_doc_std": 0.4714045207910317,
                        "F1_macro_doc_std": 0.0
                    },
                    "strict": {
                        "correct": 1,
                        "incorrect": 0,
                        "partial": 0,
                        "missed": 3,
                        "spurious": 5,
                        "possible": 4,
                        "actual": 6,
                        "TP": 1,
                        "FP": 5,
                        "FN": 3,
                        "P_micro": 0.16666666666666666,
                        "R_micro": 0.25,
                        "F1_micro": 0.2,
                        "P_macro_doc": 0.2,
                        "R_macro_doc": 0.3333333333333333,
                        "F1_macro_doc": 1.0,
                        "P_macro_doc_std": 0.4000000000000001,
                        "R_macro_doc_std": 0.4714045207910317,
                        "F1_macro_doc_std": 0.0
                    },
                    "ent_type": {
                        "correct": 1,
                        "incorrect": 0,
                        "partial": 0,
                        "missed": 3,
                        "spurious": 5,
                        "possible": 4,
                        "actual": 6,
                        "TP": 1,
                        "FP": 5,
                        "FN": 3,
                        "P_micro": 0.16666666666666666,
                        "R_micro": 0.25,
                        "F1_micro": 0.2,
                        "P_macro_doc": 0.2,
                        "R_macro_doc": 0.3333333333333333,
                        "F1_macro_doc": 1.0,
                        "P_macro_doc_std": 0.4000000000000001,
                        "R_macro_doc_std": 0.4714045207910317,
                        "F1_macro_doc_std": 0.0
                    },
                    "exact": {
                        "correct": 1,
                        "incorrect": 0,
                        "partial": 0,
                        "missed": 3,
                        "spurious": 5,
                        "possible": 4,
                        "actual": 6,
                        "TP": 1,
                        "FP": 5,
                        "FN": 3,
                        "P_micro": 0.16666666666666666,
                        "R_micro": 0.25,
                        "F1_micro": 0.2,
                        "P_macro_doc": 0.2,
                        "R_macro_doc": 0.3333333333333333,
                        "F1_macro_doc": 1.0,
                        "P_macro_doc_std": 0.4000000000000001,
                        "R_macro_doc_std": 0.4714045207910317,
                        "F1_macro_doc_std": 0.0
                    }
                },
                "ALL": {
                    "partial": {
                        "correct": 101,
                        "incorrect": 0,
                        "partial": 4,
                        "missed": 9,
                        "spurious": 36,
                        "possible": 114,
                        "actual": 141,
                        "TP": 101,
                        "FP": 40,
                        "FN": 13,