{
    "NE-COARSE-LIT": {
        "TIME-ALL": {
            "LED-ALL": {
                "ORG": {
                    "partial": {
                        "correct": 21,
                        "incorrect": 0,
                        "partial": 0,
                        "missed": 2,
                        "spurious": 4,
                        "possible": 23,
                        "actual": 25,
                        "TP": 21,
                        "FP": 4,
                        "FN": 2,
                        "P_micro": 0.84,
                        "R_micro": 0.9130434782608695,
                        "F1_micro": 0.8749999999999999,
                        "P_macro_doc": 0.8666666666666667,
                        "R_macro_doc": 0.8666666666666667,
                        "F1_macro_doc": 1.0,
                        "P_macro_doc_std": 0.33993463423951903,
                        "R_macro_doc_std": 0.3399346342395189,
                        "F1_macro_doc_std": 0.0
                    },
                    "strict": {
                        "correct": 21,
                        "incorrect": 0,
                        "partial": 0,
                        "missed": 2,
                        "spurious": 4,
                        "possible": 23,
                        "actual": 25,
                        "TP": 21,
                        "FP": 4,
                        "FN": 2,
                        "P_micro": 0.84,
                        "R_micro": 0.9130434782608695,
                        "F1_micro": 0.8749999999999999,
                        "P_macro_doc": 0.8666666666666667,
                        "R_macro_doc": 0.8666666666666667,
                        "F1_macro_doc": 1.0,
                        "P_macro_doc_std": 0.33993463423951903,
                        "R_macro_doc_std": 0.3399346342395189,
                        "F1_macro_doc_std": 0.0
                    },
                    "ent_type": {
                        "correct": 21,
                        "incorrect": 0,
                        "partial": 0,
                        "missed": 2,
                        "spurious": 4,
                        "possible": 23,
                        "actual": 25,
                        "TP": 21,
                        "FP": 4,
                        "FN": 2,
                        "P_micro": 0.84,
                        "R_micro": 0.9130434782608695,
                        "F1_micro": 0.8749999999999999,
                        "P_macro_doc": 0.8666666666666667,
                        "R_macro_doc": 0.8666666666666667,
                        "F1_macro_doc": 1.0,
                        "P_macro_doc_std": 0.33993463423951903,
                        "R_macro_doc_std": 0.3399346342395189,
                        "F1_macro_doc_std": 0.0
                    },
                    "exact": {
                        "correct": 21,
                        "incorrect": 0,
                        "partial": 0,
                        "missed": 2,
                        "spurious": 4,
                        "possible": 23,
                        "actual": 25,
                        "TP": 21,
                        "FP": 4,
                        "FN": 2,
                        "P_micro": 0.84,
                        "R_micro": 0.9130434782608695,
                        "F1_micro": 0.8749999999999999,
                        "P_macro_doc": 0.8666666666666667,
                        "R_macro_doc": 0.8666666666666667,
                        "F1_macro_doc": 1.0,
                        "P_macro_doc_std": 0.33993463423951903,
                        "R_macro_doc_std": 0.3399346342395189,
                        "F1_macro_doc_std": 0.0
                    }
                },
                "PERS": {
                    "partial": {
                        "correct": 1,
                        "incorrect": 0,
                        "partial": 0,
                        "missed": 2,
                        "spurious": 3,
                        "possible": 3,
                        "actual": 4,
                        "TP": 1,
                        "FP": 3,
                        "FN": 2,
                        "P_micro": 0.25,
                        "R_micro": 0.3333333333333333,
                        "F1_micro": 0.28571428571428575,
                        "P_macro_doc": 0.3333333333333333,
                        "R_macro_doc": 0.3333333333333333,
                        "F1_macro_doc": 1.0,
                        "P_macro_doc_std": 0.4714045207910317,
                        "R_macro_doc_std": 0.4714045207910317,
                        "F1_macro_doc_std": 0.0
                    },
                    "strict": {
                        "correct": 1,
                        "incorrect": 0,
                        "partial": 0,
                        "missed": 2,
                        "spurious": 3,
                        "possible": 3,
                        "actual": 4,
                        "TP": 1,
                        "FP": 3,
                        "FN": 2,
                        "P_micro": 0.25,
                        "R_micro": 0.3333333333333333,
                        "F1_micro": 0.28571428571428575,
                        "P_macro_doc": 0.3333333333333333,
                        "R_macro_doc": 0.3333333333333333,
                        "F1_macro_doc": 1.0,
                        "P_macro_doc_std": 0.4714045207910317,
                        "R_macro_doc_std": 0.4714045207910317,
                        "F1_macro_doc_std": 0.0
                    },
                    "ent_type": {
                        "correct": 1,
                        "incorrect": 0,
                        "partial": 0,
                        "missed": 2,
                        "spurious": 3,
                        "possible": 3,
                        "actual": 4,
                        "TP": 1,
                        "FP": 3,
                        "FN": 2,
                        "P_micro": 0.25,
                        "R_micro": 0.3333333333333333,
                        "F1_micro": 0.28571428571428575,
                        "P_macro_doc": 0.3333333333333333,
                        "R_macro_doc": 0.3333333333333333,
                        "F1_macro_doc": 1.0,
                        "P_macro_doc_std": 0.4714045207910317,
                        "R_macro_doc_std": 0.4714045207910317,
                        "F1_macro_doc_std": 0.0
                    },
                    "exact": {
                        "correct": 1,
                        "incorrect": 0,
                        "partial": 0,
                        "missed": 2,
                        "spurious": 3,
                        "possible": 3,
                        "actual": 4,
                        "TP": 1,
                        "FP": 3,
                        "FN": 2,
                        "P_micro": 0.25,
                        "R_micro": 0.3333333333333333,
                        "F1_micro": 0.28571428571428575,
                        "P_macro_doc": 0.3333333333333333,
                        "R_macro_doc": 0.3333333333333333,
                        "F1_macro_doc": 1.0,
                        "P_macro_doc_std": 0.4714045207910317,
                        "R_macro_doc_std": 0.4714045207910317,
                        "F1_macro_doc_std": 0.0
                    }
                },
                "ALL": {
                    "partial": {
                        "correct": 22,
                        "incorrect": 0,
                        "partial": 0,
                        "missed": 4,
                        "spurious": 7,
                        "possible": 26,
                        "actual": 29,
                        "TP": 22,
                        "FP": 7,
                        "FN": 4,
                        "P_micro": 0.7586206896551724,