{
    "NE-COARSE-LIT": {
        "TIME-ALL": {
            "LED-ALL": {
                "ORG": {
                    "partial": {
                        "correct": 21,
                        "incorrect": 0,
                        "partial": 0,
                        "missed": 2,
                        "spurious": 6,
                        "possible": 23,
                        "actual": 27,
                        "TP": 21,
                        "FP": 6,
                        "FN": 2,
                        "P_micro": 0.7777777777777778,
                        "R_micro": 0.9130434782608695,
                        "F1_micro": 0.84,
                        "P_macro_doc": 0.8333333333333334,
                        "R_macro_doc": 0.8666666666666667,
                        "F1_macro_doc": 0.9743589743589743,
                        "P_macro_doc_std": 0.3496029493900505,
                        "R_macro_doc_std": 0.3399346342395189,
                        "F1_macro_doc_std": 0.0888231183368655
                    },
                    "strict": {
                        "correct": 21,
                        "incorrect": 0,
                        "partial": 0,
                        "missed": 2,
                        "spurious": 6,
                        "possible": 23,
                        "actual": 27,
                        "TP": 21,
                        "FP": 6,
                        "FN": 2,
                        "P_micro": 0.7777777777777778,
                        "R_micro": 0.9130434782608695,
                        "F1_micro": 0.84,
                        "P_macro_doc": 0.8333333333333334,
                        "R_macro_doc": 0.8666666666666667,
                        "F1_macro_doc": 0.9743589743589743,
                        "P_macro_doc_std": 0.3496029493900505,
                        "R_macro_doc_std": 0.3399346342395189,
                        "F1_macro_doc_std": 0.0888231183368655
                    },
                    "ent_type": {
                        "correct": 21,
                        "incorrect": 0,
                        "partial": 0,
                        "missed": 2,
                        "spurious": 6,
                        "possible": 23,
                        "actual": 27,
                        "TP": 21,
                        "FP": 6,
                        "FN": 2,
                        "P_micro": 0.7777777777777778,
                        "R_micro": 0.9130434782608695,
                        "F1_micro": 0.84,
                        "P_macro_doc": 0.8333333333333334,
                        "R_macro_doc": 0.8666666666666667,
                        "F1_macro_doc": 0.9743589743589743,
                        "P_macro_doc_std": 0.3496029493900505,
                        "R_macro_doc_std": 0.3399346342395189,
                        "F1_macro_doc_std": 0.0888231183368655
                    },
                    "exact": {
                        "correct": 21,
                        "incorrect": 0,
                        "partial": 0,
                        "missed": 2,
                        "spurious": 6,
                        "possible": 23,
                        "actual": 27,
                        "TP": 21,
                        "FP": 6,
                        "FN": 2,
                        "P_micro": 0.7777777777777778,
                        "R_micro": 0.9130434782608695,
                        "F1_micro": 0.84,
                        "P_macro_doc": 0.8333333333333334,
                        "R_macro_doc": 0.8666666666666667,
                        "F1_macro_doc": 0.9743589743589743,
                        "P_macro_doc_std": 0.3496029493900505,
                        "R_macro_doc_std": 0.3399346342395189,
                        "F1_macro_doc_std": 0.0888231183368655
                    }
                },
                "PERS": {
                    "partial": {
                        "correct": 0,
                        "incorrect": 0,
                        "partial": 0,
                        "missed": 3,
                        "spurious": 6,
                        "possible": 3,
                        "actual": 6,
                        "TP": 0,
                        "FP": 6,
                        "FN": 3,
                        "P_micro": 0.0,
                        "R_micro": 0.0,
                        "F1_micro": 0,
                        "P_macro_doc": 0.0,
                        "R_macro_doc": 0.0,
                        "F1_macro_doc": null,
                        "P_macro_doc_std": 0.0,
                        "R_macro_doc_std": 0.0,
                        "F1_macro_doc_std": null
                    },
                    "strict": {
                        "correct": 0,
                        "incorrect": 0,
                        "partial": 0,
                        "missed": 3,
                        "spurious": 6,
                        "possible": 3,
                        "actual": 6,
                        "TP": 0,
                        "FP": 6,
                        "FN": 3,
                        "P_micro": 0.0,
                        "R_micro": 0.0,
                        "F1_micro": 0,
                        "P_macro_doc": 0.0,
                        "R_macro_doc": 0.0,
                        "F1_macro_doc": null,
                        "P_macro_doc_std": 0.0,
                        "R_macro_doc_std": 0.0,
                        "F1_macro_doc_std": null
                    },
                    "ent_type": {
                        "correct": 0,
                        "incorrect": 0,
                        "partial": 0,
                        "missed": 3,
                        "spurious": 6,
                        "possible": 3,
                        "actual": 6,
                        "TP": 0,
                        "FP": 6,
                        "FN": 3,
                        "P_micro": 0.0,
                        "R_micro": 0.0,
                        "F1_micro": 0,
                        "P_macro_doc": 0.0,
                        "R_macro_doc": 0.0,
                        "F1_macro_doc": null,
                        "P_macro_doc_std": 0.0,
                        "R_macro_doc_std": 0.0,
                        "F1_macro_doc_std": null
                    },
                    "exact": {
                        "correct": 0,
                        "incorrect": 0,
                        "partial": 0,
                        "missed": 3,
                        "spurious": 6,
                        "possible": 3,
                        "actual": 6,
                        "TP": 0,
                        "FP": 6,
                        "FN": 3,
                        "P_micro": 0.0,
                        "R_micro": 0.0,
                        "F1_micro": 0,
                        "P_macro_doc": 0.0,
                        "R_macro_doc": 0.0,
                        "F1_macro_doc": null,
                        "P_macro_doc_std": 0.0,
                        "R_macro_doc_std": 0.0,
                        "F1_macro_doc_std": null
                    }
                },
                "ALL": {
                    "partial": {
                        "correct": 21,
                        "incorrect": 0,
                        "partial": 0,
                        "missed": 5,
                        "spurious": 12,
                        "possible": 26,
                        "actual": 33,
                        "TP": 21,
                        "FP": 12,
                        "FN": 5,
                        "P_micro": 0.6363636363636364,
                        "R_micro": 0.8076923076923077,
                        "F1_micro": 0.7118644067796609,
                        "P_macro_doc": 0.78125,
                        "R_macro_doc": 0.7604166666666666,
                        "F1_macro_doc": 0.9333333333333333,