{
    "NE-COARSE-LIT": {
        "TIME-ALL": {
            "LED-ALL": {
                "ORG": {
                    "partial": {
                        "correct": 98,
                        "incorrect": 0,
                        "partial": 14,
                        "missed": 42,
                        "spurious": 24,
                        "possible": 154,
                        "actual": 136,
                        "TP": 98,
                        "FP": 38,
                        "FN": 56,
                        "P_micro": 0.7720588235294118,
                        "R_micro": 0.6818181818181818,
                        "F1_micro": 0.7241379310344828,
                        "P_macro_doc": 0.822869101978691,
                        "R_macro_doc": 0.7335164835164836,
                        "F1_macro_doc": 0.8298769266160569,
                        "P_macro_doc_std": 0.31954601672448835,
                        "R_macro_doc_std": 0.35816764232403947,
                        "F1_macro_doc_std": 0.2554417863115987
                    },
                    "strict": {
                        "correct": 98,
                        "incorrect": 14,
                        "partial": 0,
                        "missed": 42,
                        "spurious": 24,
                        "possible": 154,
                        "actual": 136,
                        "TP": 98,
                        "FP": 38,
                        "FN": 56,
                        "P_micro": 0.7205882352941176,
                        "R_micro": 0.6363636363636364,
                        "F1_micro": 0.6758620689655173,
                        "P_macro_doc": 0.7819634703196346,
                        "R_macro_doc": 0.684478021978022,
                        "F1_macro_doc": 0.7840464688290775,
                        "P_macro_doc_std": 0.3761411194487567,
                        "R_macro_doc_std": 0.40756599098135166,
                        "F1_macro_doc_std": 0.3344980621919664
                    },
                    "ent_type": {
                        "correct": 111,
                        "incorrect": 1,
                        "partial": 0,
                        "missed": 42,
                        "spurious": 24,
                        "possible": 154,
                        "actual": 136,
                        "TP": 111,
                        "FP": 25,
                        "FN": 43,
                        "P_micro": 0.8161764705882353,
                        "R_micro": 0.7207792207792207,
                        "F1_micro": 0.7655172413793103,
                        "P_macro_doc": 0.8603500761035007,
                        "R_macro_doc": 0.7799908424908425,
                        "F1_macro_doc": 0.8724867724867725,
                        "P_macro_doc_std": 0.2959066177420716,
                        "R_macro_doc_std": 0.35767751278868565,
                        "F1_macro_doc_std": 0.2182880608572111
                    },
                    "exact": {
                        "correct": 98,
                        "incorrect": 14,
                        "partial": 0,
                        "missed": 42,
                        "spurious": 24,
                        "possible": 154,
                        "actual": 136,
                        "TP": 98,
                        "FP": 38,
                        "FN": 56,
                        "P_micro": 0.7205882352941176,
                        "R_micro": 0.6363636363636364,
                        "F1_micro": 0.6758620689655173,
                        "P_macro_doc": 0.7819634703196346,
                        "R_macro_doc": 0.684478021978022,
                        "F1_macro_doc": 0.7840464688290775,
                        "P_macro_doc_std": 0.3761411194487567,
                        "R_macro_doc_std": 0.40756599098135166,
                        "F1_macro_doc_std": 0.3344980621919664
                    }
                },
                "PERS": {
                    "partial": {
                        "correct": 0,
                        "incorrect": 0,
                        "partial": 0,
                        "missed": 9,
                        "spurious": 0,
                        "possible": 9,
                        "actual": 0,
                        "TP": 0,
                        "FP": 0,
                        "FN": 9,
                        "P_micro": 0,
                        "R_micro": 0.0,
                        "F1_micro": 0,
                        "P_macro_doc": null,
                        "R_macro_doc": 0.0,
                        "F1_macro_doc": null,
                        "P_macro_doc_std": null,
                        "R_macro_doc_std": 0.0,
                        "F1_macro_doc_std": null
                    },
                    "strict": {
                        "correct": 0,
                        "incorrect": 0,
                        "partial": 0,
                        "missed": 9,
                        "spurious": 0,
                        "possible": 9,
                        "actual": 0,
                        "TP": 0,
                        "FP": 0,
                        "FN": 9,
                        "P_micro": 0,
                        "R_micro": 0.0,
                        "F1_micro": 0,
                        "P_macro_doc": null,
                        "R_macro_doc": 0.0,
                        "F1_macro_doc": null,
                        "P_macro_doc_std": null,
                        "R_macro_doc_std": 0.0,
                        "F1_macro_doc_std": null
                    },
                    "ent_type": {
                        "correct": 0,
                        "incorrect": 0,
                        "partial": 0,
                        "missed": 9,
                        "spurious": 0,
                        "possible": 9,
                        "actual": 0,
                        "TP": 0,
                        "FP": 0,
                        "FN": 9,
                        "P_micro": 0,
                        "R_micro": 0.0,
                        "F1_micro": 0,
                        "P_macro_doc": null,
                        "R_macro_doc": 0.0,
                        "F1_macro_doc": null,
                        "P_macro_doc_std": null,
                        "R_macro_doc_std": 0.0,
                        "F1_macro_doc_std": null
                    },
                    "exact": {
                        "correct": 0,
                        "incorrect": 0,
                        "partial": 0,
                        "missed": 9,
                        "spurious": 0,
                        "possible": 9,
                        "actual": 0,
                        "TP": 0,
                        "FP": 0,
                        "FN": 9,
                        "P_micro": 0,
                        "R_micro": 0.0,
                        "F1_micro": 0,
                        "P_macro_doc": null,
                        "R_macro_doc": 0.0,
                        "F1_macro_doc": null,
                        "P_macro_doc_std": null,
                        "R_macro_doc_std": 0.0,
                        "F1_macro_doc_std": null
                    }
                },
                "ALL": {
                    "partial": {
                        "correct": 98,
                        "incorrect": 0,
                        "partial": 14,
                        "missed": 51,
                        "spurious": 24,
                        "possible": 163,
                        "actual": 136,
                        "TP": 98,
                        "FP": 38,
                        "FN": 65,
                        "P_micro": 0.7720588235294118,
                        "R_micro": 0.6441717791411042,
                        "F1_micro": 0.7023411371237458,
                        "P_macro_doc": 0.822869101978691,