{"dev": {"global": {"loss": 0.003263537242316253, "precision": 0.7923076923076923, "recall": 0.9196428571428571, "f1": 0.8512396694214877}, "sent-level": null, "token-level": "                             precision    recall  f1-score   support\n\n    org.ent.pressagency.AFP     0.7778    1.0000    0.8750        14\n     org.ent.pressagency.AP     0.8750    0.8750    0.8750         8\norg.ent.pressagency.ATS-SDA     0.8889    1.0000    0.9412        24\n    org.ent.pressagency.DNB     1.0000    1.0000    1.0000         3\n    org.ent.pressagency.DPA     0.0000    0.0000    0.0000         0\n  org.ent.pressagency.Extel     0.0000    0.0000    0.0000         1\n  org.ent.pressagency.Havas     0.8621    0.9615    0.9091        26\norg.ent.pressagency.Reuters     0.9000    0.9474    0.9231        19\norg.ent.pressagency.Stefani     1.0000    1.0000    1.0000         1\n org.ent.pressagency.UP-UPI     1.0000    1.0000    1.0000         4\n  org.ent.pressagency.Wolff     0.5000    1.0000    0.6667         3\n     org.ent.pressagency.ag     0.2000    1.0000    0.3333         1\n    org.ent.pressagency.unk     0.3333    0.2500    0.2857         4\n     pers.ind.articleauthor     0.5000    0.5000    0.5000         4\n\n                  micro avg     0.7923    0.9196    0.8512       112\n                  macro avg     0.6312    0.7524    0.6649       112\n               weighted avg     0.8194    0.9196    0.8615       112\n"}, "test": {"global": {"loss": 0.006070748998891904, "precision": 0.8471337579617835, "recall": 0.8364779874213837, "f1": 0.8417721518987342}, "sent-level": null, "token-level": "                             precision    recall  f1-score   support\n\n    org.ent.pressagency.AFP     0.9524    1.0000    0.9756        20\n   org.ent.pressagency.ANSA     0.0000    0.0000    0.0000         1\n     org.ent.pressagency.AP     0.7500    1.0000    0.8571         6\n    org.ent.pressagency.APA     0.0000    0.0000    0.0000         1\norg.ent.pressagency.ATS-SDA     1.0000    1.0000    1.0000        23\n    org.ent.pressagency.DNB     1.0000    0.6667    0.8000         3\n    org.ent.pressagency.DPA     1.0000    1.0000    1.0000         2\n  org.ent.pressagency.Havas     0.8378    0.9118    0.8732        34\n   org.ent.pressagency.Kipa     1.0000    1.0000    1.0000         1\norg.ent.pressagency.Reuters     0.8621    0.8929    0.8772        28\norg.ent.pressagency.Stefani     1.0000    1.0000    1.0000         2\n org.ent.pressagency.UP-UPI     0.9286    0.9286    0.9286        14\n  org.ent.pressagency.Wolff     0.5000    0.5000    0.5000         4\n org.ent.pressagency.Xinhua     0.0000    0.0000    0.0000         1\n     org.ent.pressagency.ag     0.5000    1.0000    0.6667         3\n    org.ent.pressagency.unk     0.7500    0.4286    0.5455         7\n     pers.ind.articleauthor     0.0000    0.0000    0.0000         9\n\n                  micro avg     0.8471    0.8365    0.8418       159\n                  macro avg     0.6518    0.6664    0.6485       159\n               weighted avg     0.8108    0.8365    0.8184       159\n"}}