{
    "NE-COARSE-LIT": {
        "TIME-ALL": {
            "LED-ALL": {
                "ORG": {
                    "partial": {
                        "correct": 134,
                        "incorrect": 0,
                        "partial": 6,
                        "missed": 14,
                        "spurious": 13,
                        "possible": 154,
                        "actual": 153,
                        "TP": 134,
                        "FP": 19,
                        "FN": 20,
                        "P_micro": 0.8954248366013072,
                        "R_micro": 0.8896103896103896,
                        "F1_micro": 0.8925081433224756,
                        "P_macro_doc": 0.9029535864978903,
                        "R_macro_doc": 0.9093559218559218,
                        "F1_macro_doc": 0.9266555082344557,
                        "P_macro_doc_std": 0.26399984408520105,
                        "R_macro_doc_std": 0.2243735039068622,
                        "F1_macro_doc_std": 0.18568111365461476
                    },
                    "strict": {
                        "correct": 134,
                        "incorrect": 6,
                        "partial": 0,
                        "missed": 14,
                        "spurious": 13,
                        "possible": 154,
                        "actual": 153,
                        "TP": 134,
                        "FP": 19,
                        "FN": 20,
                        "P_micro": 0.8758169934640523,
                        "R_micro": 0.8701298701298701,
                        "F1_micro": 0.8729641693811074,
                        "P_macro_doc": 0.8818565400843883,
                        "R_macro_doc": 0.8853174603174603,
                        "F1_macro_doc": 0.903942475653002,
                        "P_macro_doc_std": 0.30340530830395224,
                        "R_macro_doc_std": 0.27747360373801805,
                        "F1_macro_doc_std": 0.24574352979802844
                    },
                    "ent_type": {
                        "correct": 140,
                        "incorrect": 0,
                        "partial": 0,
                        "missed": 14,
                        "spurious": 13,
                        "possible": 154,
                        "actual": 153,
                        "TP": 140,
                        "FP": 13,
                        "FN": 14,
                        "P_micro": 0.9150326797385621,
                        "R_micro": 0.9090909090909091,
                        "F1_micro": 0.9120521172638436,
                        "P_macro_doc": 0.9240506329113924,
                        "R_macro_doc": 0.9333943833943834,
                        "F1_macro_doc": 0.9493685408159093,
                        "P_macro_doc_std": 0.24953891143944715,
                        "R_macro_doc_std": 0.20751232763374367,
                        "F1_macro_doc_std": 0.15832238238313368
                    },
                    "exact": {
                        "correct": 134,
                        "incorrect": 6,
                        "partial": 0,
                        "missed": 14,
                        "spurious": 13,
                        "possible": 154,
                        "actual": 153,
                        "TP": 134,
                        "FP": 19,
                        "FN": 20,
                        "P_micro": 0.8758169934640523,
                        "R_micro": 0.8701298701298701,
                        "F1_micro": 0.8729641693811074,
                        "P_macro_doc": 0.8818565400843883,
                        "R_macro_doc": 0.8853174603174603,
                        "F1_macro_doc": 0.903942475653002,
                        "P_macro_doc_std": 0.30340530830395224,
                        "R_macro_doc_std": 0.27747360373801805,
                        "F1_macro_doc_std": 0.24574352979802844
                    }
                },
                "PERS": {
                    "partial": {
                        "correct": 0,
                        "incorrect": 0,
                        "partial": 0,
                        "missed": 9,
                        "spurious": 4,
                        "possible": 9,
                        "actual": 4,
                        "TP": 0,
                        "FP": 4,
                        "FN": 9,
                        "P_micro": 0.0,
                        "R_micro": 0.0,
                        "F1_micro": 0,
                        "P_macro_doc": 0.0,
                        "R_macro_doc": 0.0,
                        "F1_macro_doc": null,
                        "P_macro_doc_std": 0.0,
                        "R_macro_doc_std": 0.0,
                        "F1_macro_doc_std": null
                    },
                    "strict": {
                        "correct": 0,
                        "incorrect": 0,
                        "partial": 0,
                        "missed": 9,
                        "spurious": 4,
                        "possible": 9,
                        "actual": 4,
                        "TP": 0,
                        "FP": 4,
                        "FN": 9,
                        "P_micro": 0.0,
                        "R_micro": 0.0,
                        "F1_micro": 0,
                        "P_macro_doc": 0.0,
                        "R_macro_doc": 0.0,
                        "F1_macro_doc": null,
                        "P_macro_doc_std": 0.0,
                        "R_macro_doc_std": 0.0,
                        "F1_macro_doc_std": null
                    },
                    "ent_type": {
                        "correct": 0,
                        "incorrect": 0,
                        "partial": 0,
                        "missed": 9,
                        "spurious": 4,
                        "possible": 9,
                        "actual": 4,
                        "TP": 0,
                        "FP": 4,
                        "FN": 9,
                        "P_micro": 0.0,
                        "R_micro": 0.0,
                        "F1_micro": 0,
                        "P_macro_doc": 0.0,
                        "R_macro_doc": 0.0,
                        "F1_macro_doc": null,
                        "P_macro_doc_std": 0.0,
                        "R_macro_doc_std": 0.0,
                        "F1_macro_doc_std": null
                    },
                    "exact": {
                        "correct": 0,
                        "incorrect": 0,
                        "partial": 0,
                        "missed": 9,
                        "spurious": 4,
                        "possible": 9,
                        "actual": 4,
                        "TP": 0,
                        "FP": 4,
                        "FN": 9,
                        "P_micro": 0.0,
                        "R_micro": 0.0,
                        "F1_micro": 0,
                        "P_macro_doc": 0.0,
                        "R_macro_doc": 0.0,
                        "F1_macro_doc": null,
                        "P_macro_doc_std": 0.0,
                        "R_macro_doc_std": 0.0,
                        "F1_macro_doc_std": null
                    }
                },
                "ALL": {
                    "partial": {
                        "correct": 134,
                        "incorrect": 0,
                        "partial": 6,
                        "missed": 23,
                        "spurious": 17,
                        "possible": 163,
                        "actual": 157,
                        "TP": 134,
                        "FP": 23,
                        "FN": 29,
                        "P_micro": 0.8726114649681529,
                        "R_micro": 0.8404907975460123,
                        "F1_micro": 0.8562500000000001,
                        "P_macro_doc": 0.8772290809327845,