{"dev": {"global": [{"loss": 0.013121040188707411, "precision": 0.4375, "recall": 0.5384615384615384, "f1": 0.4827586206896552}, {"loss": 0.010693839838495478, "precision": 0.47368421052631576, "recall": 0.6923076923076923, "f1": 0.5625}, {"loss": 0.009357062796126619, "precision": 0.5555555555555556, "recall": 0.7692307692307693, "f1": 0.6451612903225806}], "sent-level": [null, null, null], "token-level": ["                                 precision    recall  f1-score   support\n\n        org.ent.pressagency.AFP     1.0000    0.8571    0.9231         7\n         org.ent.pressagency.AP     1.0000    1.0000    1.0000         2\n    org.ent.pressagency.ATS-SDA     0.0000    0.0000    0.0000         1\n        org.ent.pressagency.DNB     0.0000    0.0000    0.0000         1\norg.ent.pressagency.Europapress     0.0000    0.0000    0.0000         1\n      org.ent.pressagency.Extel     0.0000    0.0000    0.0000         1\n      org.ent.pressagency.Havas     0.0000    0.0000    0.0000         1\n    org.ent.pressagency.Reuters     0.6667    0.6667    0.6667         3\n     org.ent.pressagency.UP-UPI     0.2727    1.0000    0.4286         3\n      org.ent.pressagency.Wolff     0.0000    0.0000    0.0000         1\n         org.ent.pressagency.ag     0.5000    1.0000    0.6667         1\n        org.ent.pressagency.unk     0.0000    0.0000    0.0000         1\n         pers.ind.articleauthor     0.0000    0.0000    0.0000         3\n\n                      micro avg     0.4375    0.5385    0.4828        26\n                      macro avg     0.2646    0.3480    0.2835        26\n                   weighted avg     0.4738    0.5385    0.4775        26\n", "                                 precision    recall  f1-score   support\n\n        org.ent.pressagency.AFP     1.0000    1.0000    1.0000         7\n         org.ent.pressagency.AP     1.0000    1.0000    1.0000         2\n    org.ent.pressagency.ATS-SDA     0.0000    0.0000    0.0000         1\n        org.ent.pressagency.DNB     0.0000    0.0000    0.0000         1\n        org.ent.pressagency.DPA     0.0000    0.0000    0.0000         0\norg.ent.pressagency.Europapress     1.0000    1.0000    1.0000         1\n      org.ent.pressagency.Extel     1.0000    1.0000    1.0000         1\n      org.ent.pressagency.Havas     0.0000    0.0000    0.0000         1\n    org.ent.pressagency.Reuters     0.5000    0.6667    0.5714         3\n    org.ent.pressagency.SPK-SMP     0.0000    0.0000    0.0000         0\n     org.ent.pressagency.UP-UPI     1.0000    1.0000    1.0000         3\n      org.ent.pressagency.Wolff     0.3333    1.0000    0.5000         1\n         org.ent.pressagency.ag     1.0000    1.0000    1.0000         1\n        org.ent.pressagency.unk     0.0000    0.0000    0.0000         1\n         pers.ind.articleauthor     0.0000    0.0000    0.0000         3\n\n                      micro avg     0.4737    0.6923    0.5625        26\n                      macro avg     0.4556    0.5111    0.4714        26\n                   weighted avg     0.6474    0.6923    0.6621        26\n", "                                 precision    recall  f1-score   support\n\n        org.ent.pressagency.AFP     1.0000    1.0000    1.0000         7\n         org.ent.pressagency.AP     1.0000    1.0000    1.0000         2\n    org.ent.pressagency.ATS-SDA     0.0000    0.0000    0.0000         1\n        org.ent.pressagency.DNB     0.1111    1.0000    0.2000         1\norg.ent.pressagency.Europapress     1.0000    1.0000    1.0000         1\n      org.ent.pressagency.Extel     1.0000    1.0000    1.0000         1\n      org.ent.pressagency.Havas     0.0000    0.0000    0.0000         1\n    org.ent.pressagency.Reuters     0.6667    0.6667    0.6667         3\n    org.ent.pressagency.SPK-SMP     0.0000    0.0000    0.0000         0\n     org.ent.pressagency.UP-UPI     1.0000    1.0000    1.0000         3\n      org.ent.pressagency.Wolff     0.3333    1.0000    0.5000         1\n         org.ent.pressagency.ag     1.0000    1.0000    1.0000         1\n        org.ent.pressagency.unk     0.3333    1.0000    0.5000         1\n         pers.ind.articleauthor     0.0000    0.0000    0.0000         3\n\n                      micro avg     0.5556    0.7692    0.6452        26\n                      macro avg     0.5317    0.6905    0.5619        26\n                   weighted avg     0.6838    0.7692    0.7000        26\n"]}, "test": {"global": {"loss": 0.008480092987798237, "precision": 0.7884615384615384, "recall": 0.803921568627451, "f1": 0.7961165048543688}, "token-level": "                                 precision    recall  f1-score   support\n\n        org.ent.pressagency.AFP     1.0000    1.0000    1.0000         5\n         org.ent.pressagency.AP     1.0000    0.6667    0.8000         6\n    org.ent.pressagency.ATS-SDA     0.0000    0.0000    0.0000         0\n        org.ent.pressagency.DNB     1.0000    1.0000    1.0000         3\norg.ent.pressagency.Europapress     1.0000    1.0000    1.0000         1\n      org.ent.pressagency.Extel     1.0000    1.0000    1.0000         1\n      org.ent.pressagency.Havas     0.8750    1.0000    0.9333         7\n    org.ent.pressagency.Reuters     1.0000    0.7500    0.8571         4\n     org.ent.pressagency.UP-UPI     1.0000    0.7500    0.8571         4\n      org.ent.pressagency.Wolff     1.0000    1.0000    1.0000         6\n         org.ent.pressagency.ag     0.7000    0.7778    0.7368         9\n        org.ent.pressagency.unk     0.1667    0.3333    0.2222         3\n         pers.ind.articleauthor     0.0000    0.0000    0.0000         2\n\n                      micro avg     0.7885    0.8039    0.7961        51\n                      macro avg     0.7494    0.7137    0.7236        51\n                   weighted avg     0.8417    0.8039    0.8135        51\n"}}