{
    "NE-COARSE-LIT": {
        "TIME-ALL": {
            "LED-ALL": {
                "ORG": {
                    "partial": {
                        "correct": 19,
                        "incorrect": 0,
                        "partial": 1,
                        "missed": 3,
                        "spurious": 11,
                        "possible": 23,
                        "actual": 31,
                        "TP": 19,
                        "FP": 12,
                        "FN": 4,
                        "P_micro": 0.6290322580645161,
                        "R_micro": 0.8478260869565217,
                        "F1_micro": 0.7222222222222221,
                        "P_macro_doc": 0.8392857142857143,
                        "R_macro_doc": 0.7833333333333333,
                        "F1_macro_doc": 0.9791666666666666,
                        "P_macro_doc_std": 0.3485575231418417,
                        "R_macro_doc_std": 0.39651257511234395,
                        "F1_macro_doc_std": 0.06909634979907082
                    },
                    "strict": {
                        "correct": 19,
                        "incorrect": 1,
                        "partial": 0,
                        "missed": 3,
                        "spurious": 11,
                        "possible": 23,
                        "actual": 31,
                        "TP": 19,
                        "FP": 12,
                        "FN": 4,
                        "P_micro": 0.6129032258064516,
                        "R_micro": 0.8260869565217391,
                        "F1_micro": 0.7037037037037037,
                        "P_macro_doc": 0.8214285714285714,
                        "R_macro_doc": 0.7666666666666667,
                        "F1_macro_doc": 0.9583333333333334,
                        "P_macro_doc_std": 0.35892412932574613,
                        "R_macro_doc_std": 0.4027681991198191,
                        "F1_macro_doc_std": 0.13819269959814165
                    },
                    "ent_type": {
                        "correct": 20,
                        "incorrect": 0,
                        "partial": 0,
                        "missed": 3,
                        "spurious": 11,
                        "possible": 23,
                        "actual": 31,
                        "TP": 20,
                        "FP": 11,
                        "FN": 3,
                        "P_micro": 0.6451612903225806,
                        "R_micro": 0.8695652173913043,
                        "F1_micro": 0.7407407407407407,
                        "P_macro_doc": 0.8571428571428571,
                        "R_macro_doc": 0.8,
                        "F1_macro_doc": 1.0,
                        "P_macro_doc_std": 0.3499271061118826,
                        "R_macro_doc_std": 0.4,
                        "F1_macro_doc_std": 0.0
                    },
                    "exact": {
                        "correct": 19,
                        "incorrect": 1,
                        "partial": 0,
                        "missed": 3,
                        "spurious": 11,
                        "possible": 23,
                        "actual": 31,
                        "TP": 19,
                        "FP": 12,
                        "FN": 4,
                        "P_micro": 0.6129032258064516,
                        "R_micro": 0.8260869565217391,
                        "F1_micro": 0.7037037037037037,
                        "P_macro_doc": 0.8214285714285714,
                        "R_macro_doc": 0.7666666666666667,
                        "F1_macro_doc": 0.9583333333333334,
                        "P_macro_doc_std": 0.35892412932574613,
                        "R_macro_doc_std": 0.4027681991198191,
                        "F1_macro_doc_std": 0.13819269959814165
                    }
                },
                "PERS": {
                    "partial": {
                        "correct": 0,
                        "incorrect": 0,
                        "partial": 0,
                        "missed": 3,
                        "spurious": 0,
                        "possible": 3,
                        "actual": 0,
                        "TP": 0,
                        "FP": 0,
                        "FN": 3,
                        "P_micro": 0,
                        "R_micro": 0.0,
                        "F1_micro": 0,
                        "P_macro_doc": null,
                        "R_macro_doc": 0.0,
                        "F1_macro_doc": null,
                        "P_macro_doc_std": null,
                        "R_macro_doc_std": 0.0,
                        "F1_macro_doc_std": null
                    },
                    "strict": {
                        "correct": 0,
                        "incorrect": 0,
                        "partial": 0,
                        "missed": 3,
                        "spurious": 0,
                        "possible": 3,
                        "actual": 0,
                        "TP": 0,
                        "FP": 0,
                        "FN": 3,
                        "P_micro": 0,
                        "R_micro": 0.0,
                        "F1_micro": 0,
                        "P_macro_doc": null,
                        "R_macro_doc": 0.0,
                        "F1_macro_doc": null,
                        "P_macro_doc_std": null,
                        "R_macro_doc_std": 0.0,
                        "F1_macro_doc_std": null
                    },
                    "ent_type": {
                        "correct": 0,
                        "incorrect": 0,
                        "partial": 0,
                        "missed": 3,
                        "spurious": 0,
                        "possible": 3,
                        "actual": 0,
                        "TP": 0,
                        "FP": 0,
                        "FN": 3,
                        "P_micro": 0,
                        "R_micro": 0.0,
                        "F1_micro": 0,
                        "P_macro_doc": null,
                        "R_macro_doc": 0.0,
                        "F1_macro_doc": null,
                        "P_macro_doc_std": null,
                        "R_macro_doc_std": 0.0,
                        "F1_macro_doc_std": null
                    },
                    "exact": {
                        "correct": 0,
                        "incorrect": 0,
                        "partial": 0,
                        "missed": 3,
                        "spurious": 0,
                        "possible": 3,
                        "actual": 0,
                        "TP": 0,
                        "FP": 0,
                        "FN": 3,
                        "P_micro": 0,
                        "R_micro": 0.0,
                        "F1_micro": 0,
                        "P_macro_doc": null,
                        "R_macro_doc": 0.0,
                        "F1_macro_doc": null,
                        "P_macro_doc_std": null,
                        "R_macro_doc_std": 0.0,
                        "F1_macro_doc_std": null
                    }
                },
                "ALL": {
                    "partial": {
                        "correct": 19,
                        "incorrect": 0,
                        "partial": 1,
                        "missed": 6,
                        "spurious": 11,
                        "possible": 26,
                        "actual": 31,
                        "TP": 19,
                        "FP": 12,
                        "FN": 7,
                        "P_micro": 0.6290322580645161,
                        "R_micro": 0.75,
                        "F1_micro": 0.6842105263157896,
                        "P_macro_doc": 0.8392857142857143,
                        "R_macro_doc": 0.6822916666666666,
                        "F1_macro_doc": 0.9347222222222222,