{"dev": {"global": [{"loss": 0.007700295950609176, "precision": 0.75, "recall": 0.7570093457943925, "f1": 0.7534883720930233}, {"loss": 0.006992152144223663, "precision": 0.6791044776119403, "recall": 0.8504672897196262, "f1": 0.7551867219917012}, {"loss": 0.005531248361222332, "precision": 0.703125, "recall": 0.8411214953271028, "f1": 0.7659574468085106}], "sent-level": [null, null, null], "token-level": ["                             precision    recall  f1-score   support\n\n    org.ent.pressagency.AFP     0.5185    1.0000    0.6829        14\n     org.ent.pressagency.AP     1.0000    0.6250    0.7692         8\norg.ent.pressagency.ATS-SDA     0.8947    0.7391    0.8095        23\n    org.ent.pressagency.DNB     1.0000    0.3333    0.5000         3\n  org.ent.pressagency.Extel     0.0000    0.0000    0.0000         1\n  org.ent.pressagency.Havas     0.7586    0.8800    0.8148        25\norg.ent.pressagency.Reuters     0.7619    1.0000    0.8649        16\norg.ent.pressagency.Stefani     1.0000    1.0000    1.0000         1\n org.ent.pressagency.UP-UPI     1.0000    0.7500    0.8571         4\n  org.ent.pressagency.Wolff     1.0000    0.6667    0.8000         3\n     org.ent.pressagency.ag     0.0000    0.0000    0.0000         1\n    org.ent.pressagency.unk     0.0000    0.0000    0.0000         4\n     pers.ind.articleauthor     0.0000    0.0000    0.0000         4\n\n                  micro avg     0.7500    0.7570    0.7535       107\n                  macro avg     0.6103    0.5380    0.5460       107\n               weighted avg     0.7289    0.7570    0.7184       107\n", "                             precision    recall  f1-score   support\n\n    org.ent.pressagency.AFP     0.5833    1.0000    0.7368        14\n     org.ent.pressagency.AP     1.0000    0.7500    0.8571         8\norg.ent.pressagency.ATS-SDA     0.8214    1.0000    0.9020        23\n    org.ent.pressagency.DNB     1.0000    0.3333    0.5000         3\n  org.ent.pressagency.Extel     0.0000    0.0000    0.0000         1\n  org.ent.pressagency.Havas     0.7333    0.8800    0.8000        25\norg.ent.pressagency.Reuters     0.8421    1.0000    0.9143        16\norg.ent.pressagency.Stefani     1.0000    1.0000    1.0000         1\n org.ent.pressagency.UP-UPI     0.8000    1.0000    0.8889         4\n  org.ent.pressagency.Wolff     0.7500    1.0000    0.8571         3\n     org.ent.pressagency.ag     0.0000    0.0000    0.0000         1\n    org.ent.pressagency.unk     0.0000    0.0000    0.0000         4\n     pers.ind.articleauthor     0.0833    0.2500    0.1250         4\n\n                  micro avg     0.6791    0.8505    0.7552       107\n                  macro avg     0.5857    0.6318    0.5832       107\n               weighted avg     0.7164    0.8505    0.7633       107\n", "                             precision    recall  f1-score   support\n\n    org.ent.pressagency.AFP     0.6364    1.0000    0.7778        14\n     org.ent.pressagency.AP     1.0000    0.7500    0.8571         8\norg.ent.pressagency.ATS-SDA     0.8519    1.0000    0.9200        23\n    org.ent.pressagency.DNB     0.3333    0.3333    0.3333         3\n    org.ent.pressagency.DPA     0.0000    0.0000    0.0000         0\n  org.ent.pressagency.Extel     0.0000    0.0000    0.0000         1\n  org.ent.pressagency.Havas     0.7586    0.8800    0.8148        25\norg.ent.pressagency.Reuters     0.8421    1.0000    0.9143        16\norg.ent.pressagency.Stefani     1.0000    1.0000    1.0000         1\n org.ent.pressagency.UP-UPI     0.8000    1.0000    0.8889         4\n  org.ent.pressagency.Wolff     0.5000    1.0000    0.6667         3\n     org.ent.pressagency.ag     0.0000    0.0000    0.0000         1\n    org.ent.pressagency.unk     0.0000    0.0000    0.0000         4\n     pers.ind.articleauthor     0.0000    0.0000    0.0000         4\n\n                  micro avg     0.7031    0.8411    0.7660       107\n                  macro avg     0.4802    0.5688    0.5124       107\n               weighted avg     0.7069    0.8411    0.7613       107\n"]}, "test": {"global": {"loss": 0.008811777666828901, "precision": 0.7567567567567568, "recall": 0.7671232876712328, "f1": 0.761904761904762}, "token-level": "                             precision    recall  f1-score   support\n\n    org.ent.pressagency.AFP     0.8571    1.0000    0.9231        18\n   org.ent.pressagency.ANSA     0.0000    0.0000    0.0000         1\n     org.ent.pressagency.AP     0.8333    1.0000    0.9091         5\n    org.ent.pressagency.APA     0.0000    0.0000    0.0000         1\norg.ent.pressagency.ATS-SDA     0.8462    0.9565    0.8980        23\n    org.ent.pressagency.DNB     0.5000    0.3333    0.4000         3\n    org.ent.pressagency.DPA     0.6667    1.0000    0.8000         2\n  org.ent.pressagency.Havas     0.6216    0.7419    0.6765        31\n   org.ent.pressagency.Kipa     1.0000    1.0000    1.0000         1\norg.ent.pressagency.Reuters     0.9583    0.8846    0.9200        26\norg.ent.pressagency.Stefani     1.0000    1.0000    1.0000         2\n org.ent.pressagency.UP-UPI     1.0000    0.8462    0.9167        13\n  org.ent.pressagency.Wolff     0.4000    0.6667    0.5000         3\n org.ent.pressagency.Xinhua     0.0000    0.0000    0.0000         1\n     org.ent.pressagency.ag     0.0000    0.0000    0.0000         3\n    org.ent.pressagency.unk     0.3333    0.4000    0.3636         5\n     pers.ind.articleauthor     0.0000    0.0000    0.0000         8\n\n                  micro avg     0.7568    0.7671    0.7619       146\n                  macro avg     0.5304    0.5782    0.5475       146\n               weighted avg     0.7188    0.7671    0.7379       146\n"}}