{
    "NE-COARSE-LIT": {
        "TIME-ALL": {
            "LED-ALL": {
                "ORG": {
                    "partial": {
                        "correct": 131,
                        "incorrect": 0,
                        "partial": 12,
                        "missed": 11,
                        "spurious": 19,
                        "possible": 154,
                        "actual": 162,
                        "TP": 131,
                        "FP": 31,
                        "FN": 23,
                        "P_micro": 0.845679012345679,
                        "R_micro": 0.8896103896103896,
                        "F1_micro": 0.8670886075949367,
                        "P_macro_doc": 0.857964135021097,
                        "R_macro_doc": 0.8938110500610501,
                        "F1_macro_doc": 0.8948062354312354,
                        "P_macro_doc_std": 0.2941158395157747,
                        "R_macro_doc_std": 0.23429542570789144,
                        "F1_macro_doc_std": 0.21917462232662316
                    },
                    "strict": {
                        "correct": 130,
                        "incorrect": 13,
                        "partial": 0,
                        "missed": 11,
                        "spurious": 19,
                        "possible": 154,
                        "actual": 162,
                        "TP": 130,
                        "FP": 32,
                        "FN": 24,
                        "P_micro": 0.8024691358024691,
                        "R_micro": 0.8441558441558441,
                        "F1_micro": 0.8227848101265822,
                        "P_macro_doc": 0.8214135021097047,
                        "R_macro_doc": 0.8433302808302809,
                        "F1_macro_doc": 0.8521278064041222,
                        "P_macro_doc_std": 0.35323918901496343,
                        "R_macro_doc_std": 0.3290496566060707,
                        "F1_macro_doc_std": 0.30893619716411375
                    },
                    "ent_type": {
                        "correct": 142,
                        "incorrect": 1,
                        "partial": 0,
                        "missed": 11,
                        "spurious": 19,
                        "possible": 154,
                        "actual": 162,
                        "TP": 142,
                        "FP": 20,
                        "FN": 12,
                        "P_micro": 0.8765432098765432,
                        "R_micro": 0.922077922077922,
                        "F1_micro": 0.8987341772151898,
                        "P_macro_doc": 0.889451476793249,
                        "R_macro_doc": 0.9391636141636144,
                        "F1_macro_doc": 0.9322215065636117,
                        "P_macro_doc_std": 0.2648564244339246,
                        "R_macro_doc_std": 0.20437772668615745,
                        "F1_macro_doc_std": 0.1686196560464154
                    },
                    "exact": {
                        "correct": 131,
                        "incorrect": 12,
                        "partial": 0,
                        "missed": 11,
                        "spurious": 19,
                        "possible": 154,
                        "actual": 162,
                        "TP": 131,
                        "FP": 31,
                        "FN": 23,
                        "P_micro": 0.808641975308642,
                        "R_micro": 0.8506493506493507,
                        "F1_micro": 0.8291139240506329,
                        "P_macro_doc": 0.8239451476793249,
                        "R_macro_doc": 0.8458943833943835,
                        "F1_macro_doc": 0.8547593853514907,
                        "P_macro_doc_std": 0.3523588561640568,
                        "R_macro_doc_std": 0.3279208361928727,
                        "F1_macro_doc_std": 0.3076263578518315
                    }
                },
                "PERS": {
                    "partial": {
                        "correct": 2,
                        "incorrect": 0,
                        "partial": 0,
                        "missed": 7,
                        "spurious": 3,
                        "possible": 9,
                        "actual": 5,
                        "TP": 2,
                        "FP": 3,
                        "FN": 7,
                        "P_micro": 0.4,
                        "R_micro": 0.2222222222222222,
                        "F1_micro": 0.2857142857142857,
                        "P_macro_doc": 0.4,
                        "R_macro_doc": 0.2222222222222222,
                        "F1_macro_doc": 1.0,
                        "P_macro_doc_std": 0.48989794855663565,
                        "R_macro_doc_std": 0.41573970964154905,
                        "F1_macro_doc_std": 0.0
                    },
                    "strict": {
                        "correct": 2,
                        "incorrect": 0,
                        "partial": 0,
                        "missed": 7,
                        "spurious": 3,
                        "possible": 9,
                        "actual": 5,
                        "TP": 2,
                        "FP": 3,
                        "FN": 7,
                        "P_micro": 0.4,
                        "R_micro": 0.2222222222222222,
                        "F1_micro": 0.2857142857142857,
                        "P_macro_doc": 0.4,
                        "R_macro_doc": 0.2222222222222222,
                        "F1_macro_doc": 1.0,
                        "P_macro_doc_std": 0.48989794855663565,
                        "R_macro_doc_std": 0.41573970964154905,
                        "F1_macro_doc_std": 0.0
                    },
                    "ent_type": {
                        "correct": 2,
                        "incorrect": 0,
                        "partial": 0,
                        "missed": 7,
                        "spurious": 3,
                        "possible": 9,
                        "actual": 5,
                        "TP": 2,
                        "FP": 3,
                        "FN": 7,
                        "P_micro": 0.4,
                        "R_micro": 0.2222222222222222,
                        "F1_micro": 0.2857142857142857,
                        "P_macro_doc": 0.4,
                        "R_macro_doc": 0.2222222222222222,
                        "F1_macro_doc": 1.0,
                        "P_macro_doc_std": 0.48989794855663565,
                        "R_macro_doc_std": 0.41573970964154905,
                        "F1_macro_doc_std": 0.0
                    },
                    "exact": {
                        "correct": 2,
                        "incorrect": 0,
                        "partial": 0,
                        "missed": 7,
                        "spurious": 3,
                        "possible": 9,
                        "actual": 5,
                        "TP": 2,
                        "FP": 3,
                        "FN": 7,
                        "P_micro": 0.4,
                        "R_micro": 0.2222222222222222,
                        "F1_micro": 0.2857142857142857,
                        "P_macro_doc": 0.4,
                        "R_macro_doc": 0.2222222222222222,
                        "F1_macro_doc": 1.0,
                        "P_macro_doc_std": 0.48989794855663565,
                        "R_macro_doc_std": 0.41573970964154905,
                        "F1_macro_doc_std": 0.0
                    }
                },
                "ALL": {
                    "partial": {
                        "correct": 133,
                        "incorrect": 0,
                        "partial": 12,
                        "missed": 18,
                        "spurious": 22,
                        "possible": 163,
                        "actual": 167,
                        "TP": 133,