{
    "NE-COARSE-LIT": {
        "TIME-ALL": {
            "LED-ALL": {
                "ORG": {
                    "partial": {
                        "correct": 51,
                        "incorrect": 0,
                        "partial": 1,
                        "missed": 4,
                        "spurious": 11,
                        "possible": 56,
                        "actual": 63,
                        "TP": 51,
                        "FP": 12,
                        "FN": 5,
                        "P_micro": 0.8174603174603174,
                        "R_micro": 0.9196428571428571,
                        "F1_micro": 0.865546218487395,
                        "P_macro_doc": 0.6985114300903774,
                        "R_macro_doc": 0.9676948051948052,
                        "F1_macro_doc": 0.9536131996658314,
                        "P_macro_doc_std": 0.424912052021264,
                        "R_macro_doc_std": 0.06690458771498049,
                        "F1_macro_doc_std": 0.059288845048552634
                    },
                    "strict": {
                        "correct": 51,
                        "incorrect": 1,
                        "partial": 0,
                        "missed": 4,
                        "spurious": 11,
                        "possible": 56,
                        "actual": 63,
                        "TP": 51,
                        "FP": 12,
                        "FN": 5,
                        "P_micro": 0.8095238095238095,
                        "R_micro": 0.9107142857142857,
                        "F1_micro": 0.8571428571428571,
                        "P_macro_doc": 0.6955874534821904,
                        "R_macro_doc": 0.9644480519480519,
                        "F1_macro_doc": 0.9500417710944029,
                        "P_macro_doc_std": 0.423398087733413,
                        "R_macro_doc_std": 0.0766764962801595,
                        "F1_macro_doc_std": 0.06649118555905936
                    },
                    "ent_type": {
                        "correct": 52,
                        "incorrect": 0,
                        "partial": 0,
                        "missed": 4,
                        "spurious": 11,
                        "possible": 56,
                        "actual": 63,
                        "TP": 52,
                        "FP": 11,
                        "FN": 4,
                        "P_micro": 0.8253968253968254,
                        "R_micro": 0.9285714285714286,
                        "F1_micro": 0.8739495798319328,
                        "P_macro_doc": 0.7014354066985646,
                        "R_macro_doc": 0.9709415584415585,
                        "F1_macro_doc": 0.95718462823726,
                        "P_macro_doc_std": 0.42678138457636583,
                        "R_macro_doc_std": 0.05785532996707905,
                        "F1_macro_doc_std": 0.05422996579746783
                    },
                    "exact": {
                        "correct": 51,
                        "incorrect": 1,
                        "partial": 0,
                        "missed": 4,
                        "spurious": 11,
                        "possible": 56,
                        "actual": 63,
                        "TP": 51,
                        "FP": 12,
                        "FN": 5,
                        "P_micro": 0.8095238095238095,
                        "R_micro": 0.9107142857142857,
                        "F1_micro": 0.8571428571428571,
                        "P_macro_doc": 0.6955874534821904,
                        "R_macro_doc": 0.9644480519480519,
                        "F1_macro_doc": 0.9500417710944029,
                        "P_macro_doc_std": 0.423398087733413,
                        "R_macro_doc_std": 0.0766764962801595,
                        "F1_macro_doc_std": 0.06649118555905936
                    }
                },
                "PERS": {
                    "partial": {
                        "correct": 0,
                        "incorrect": 0,
                        "partial": 0,
                        "missed": 2,
                        "spurious": 0,
                        "possible": 2,
                        "actual": 0,
                        "TP": 0,
                        "FP": 0,
                        "FN": 2,
                        "P_micro": 0,
                        "R_micro": 0.0,
                        "F1_micro": 0,
                        "P_macro_doc": null,
                        "R_macro_doc": 0.0,
                        "F1_macro_doc": null,
                        "P_macro_doc_std": null,
                        "R_macro_doc_std": 0.0,
                        "F1_macro_doc_std": null
                    },
                    "strict": {
                        "correct": 0,
                        "incorrect": 0,
                        "partial": 0,
                        "missed": 2,
                        "spurious": 0,
                        "possible": 2,
                        "actual": 0,
                        "TP": 0,
                        "FP": 0,
                        "FN": 2,
                        "P_micro": 0,
                        "R_micro": 0.0,
                        "F1_micro": 0,
                        "P_macro_doc": null,
                        "R_macro_doc": 0.0,
                        "F1_macro_doc": null,
                        "P_macro_doc_std": null,
                        "R_macro_doc_std": 0.0,
                        "F1_macro_doc_std": null
                    },
                    "ent_type": {
                        "correct": 0,
                        "incorrect": 0,
                        "partial": 0,
                        "missed": 2,
                        "spurious": 0,
                        "possible": 2,
                        "actual": 0,
                        "TP": 0,
                        "FP": 0,
                        "FN": 2,
                        "P_micro": 0,
                        "R_micro": 0.0,
                        "F1_micro": 0,
                        "P_macro_doc": null,
                        "R_macro_doc": 0.0,
                        "F1_macro_doc": null,
                        "P_macro_doc_std": null,
                        "R_macro_doc_std": 0.0,
                        "F1_macro_doc_std": null
                    },
                    "exact": {
                        "correct": 0,
                        "incorrect": 0,
                        "partial": 0,
                        "missed": 2,
                        "spurious": 0,
                        "possible": 2,
                        "actual": 0,
                        "TP": 0,
                        "FP": 0,
                        "FN": 2,
                        "P_micro": 0,
                        "R_micro": 0.0,
                        "F1_micro": 0,
                        "P_macro_doc": null,
                        "R_macro_doc": 0.0,
                        "F1_macro_doc": null,
                        "P_macro_doc_std": null,
                        "R_macro_doc_std": 0.0,
                        "F1_macro_doc_std": null
                    }
                },
                "ALL": {
                    "partial": {
                        "correct": 51,
                        "incorrect": 0,
                        "partial": 1,
                        "missed": 6,
                        "spurious": 11,
                        "possible": 58,
                        "actual": 63,
                        "TP": 51,
                        "FP": 12,
                        "FN": 7,
                        "P_micro": 0.8174603174603174,
                        "R_micro": 0.8879310344827587,
                        "F1_micro": 0.8512396694214875,
                        "P_macro_doc": 0.6985114300903774,