{"dev": {"global": [{"loss": 0.010968811376729268, "precision": 0.6923076923076923, "recall": 0.5625, "f1": 0.6206896551724138}, {"loss": 0.009729887312654213, "precision": 0.5573770491803278, "recall": 0.6071428571428571, "f1": 0.5811965811965811}, {"loss": 0.007696724906463203, "precision": 0.7142857142857143, "recall": 0.625, "f1": 0.6666666666666666}], "sent-level": [null, null, null], "token-level": ["                             precision    recall  f1-score   support\n\n    org.ent.pressagency.AFP     0.7692    0.7143    0.7407        14\n     org.ent.pressagency.AP     0.8000    0.5000    0.6154         8\norg.ent.pressagency.ATS-SDA     0.8000    0.3333    0.4706        24\n    org.ent.pressagency.DNB     0.0000    0.0000    0.0000         3\n  org.ent.pressagency.Extel     0.0000    0.0000    0.0000         1\n  org.ent.pressagency.Havas     0.7333    0.8462    0.7857        26\norg.ent.pressagency.Reuters     0.6667    0.8421    0.7442        19\norg.ent.pressagency.Stefani     0.0000    0.0000    0.0000         1\n org.ent.pressagency.UP-UPI     0.0000    0.0000    0.0000         4\n  org.ent.pressagency.Wolff     0.3750    1.0000    0.5455         3\n     org.ent.pressagency.ag     0.0000    0.0000    0.0000         1\n    org.ent.pressagency.unk     0.0000    0.0000    0.0000         4\n     pers.ind.articleauthor     0.0000    0.0000    0.0000         4\n\n                  micro avg     0.6923    0.5625    0.6207       112\n                  macro avg     0.3188    0.3258    0.3002       112\n               weighted avg     0.6181    0.5625    0.5606       112\n", "                             precision    recall  f1-score   support\n\n    org.ent.pressagency.AFP     0.6316    0.8571    0.7273        14\n     org.ent.pressagency.AP     0.8333    0.6250    0.7143         8\norg.ent.pressagency.ATS-SDA     0.3462    0.7500    0.4737        24\n    org.ent.pressagency.DNB     0.0000    0.0000    0.0000         3\n  org.ent.pressagency.Extel     0.0000    0.0000    0.0000         1\n  org.ent.pressagency.Havas     0.7333    0.8462    0.7857        26\norg.ent.pressagency.Reuters     0.9000    0.4737    0.6207        19\norg.ent.pressagency.Stefani     0.0000    0.0000    0.0000         1\n org.ent.pressagency.UP-UPI     0.3333    0.2500    0.2857         4\n  org.ent.pressagency.Wolff     0.5000    0.3333    0.4000         3\n     org.ent.pressagency.ag     0.0000    0.0000    0.0000         1\n    org.ent.pressagency.unk     0.0000    0.0000    0.0000         4\n     pers.ind.articleauthor     0.0000    0.0000    0.0000         4\n\n                  micro avg     0.5574    0.6071    0.5812       112\n                  macro avg     0.3291    0.3181    0.3083       112\n               weighted avg     0.5609    0.6071    0.5520       112\n", "                             precision    recall  f1-score   support\n\n    org.ent.pressagency.AFP     0.7222    0.9286    0.8125        14\n     org.ent.pressagency.AP     0.7500    0.3750    0.5000         8\norg.ent.pressagency.ATS-SDA     0.5500    0.4583    0.5000        24\n    org.ent.pressagency.DNB     1.0000    0.3333    0.5000         3\n  org.ent.pressagency.Extel     0.0000    0.0000    0.0000         1\n  org.ent.pressagency.Havas     0.7407    0.7692    0.7547        26\norg.ent.pressagency.Reuters     0.8889    0.8421    0.8649        19\norg.ent.pressagency.Stefani     0.0000    0.0000    0.0000         1\n org.ent.pressagency.UP-UPI     0.8000    1.0000    0.8889         4\n  org.ent.pressagency.Wolff     0.5000    0.6667    0.5714         3\n     org.ent.pressagency.ag     0.0000    0.0000    0.0000         1\n    org.ent.pressagency.unk     0.0000    0.0000    0.0000         4\n     pers.ind.articleauthor     0.0000    0.0000    0.0000         4\n\n                  micro avg     0.7143    0.6250    0.6667       112\n                  macro avg     0.4578    0.4133    0.4148       112\n               weighted avg     0.6532    0.6250    0.6268       112\n"]}, "test": {"global": {"loss": 0.01003685480122212, "precision": 0.7333333333333333, "recall": 0.6305732484076433, "f1": 0.6780821917808219}, "token-level": "                             precision    recall  f1-score   support\n\n    org.ent.pressagency.AFP     0.7407    1.0000    0.8511        20\n   org.ent.pressagency.ANSA     0.0000    0.0000    0.0000         1\n     org.ent.pressagency.AP     0.8571    1.0000    0.9231         6\n    org.ent.pressagency.APA     0.0000    0.0000    0.0000         1\norg.ent.pressagency.ATS-SDA     0.8571    0.7826    0.8182        23\n    org.ent.pressagency.DNB     0.3333    0.3333    0.3333         3\n    org.ent.pressagency.DPA     0.0000    0.0000    0.0000         2\n  org.ent.pressagency.Havas     0.7742    0.7273    0.7500        33\n   org.ent.pressagency.Kipa     0.0000    0.0000    0.0000         1\norg.ent.pressagency.Reuters     0.9091    0.7143    0.8000        28\norg.ent.pressagency.Stefani     1.0000    1.0000    1.0000         2\n org.ent.pressagency.UP-UPI     0.5000    0.5385    0.5185        13\n  org.ent.pressagency.Wolff     0.5000    0.2500    0.3333         4\n org.ent.pressagency.Xinhua     0.0000    0.0000    0.0000         1\n     org.ent.pressagency.ag     0.0000    0.0000    0.0000         3\n    org.ent.pressagency.unk     0.0000    0.0000    0.0000         7\n     pers.ind.articleauthor     0.0000    0.0000    0.0000         9\n\n                  micro avg     0.7333    0.6306    0.6781       157\n                  macro avg     0.3807    0.3733    0.3722       157\n               weighted avg     0.6508    0.6306    0.6344       157\n"}}