{
    "NE-COARSE-LIT": {
        "TIME-ALL": {
            "LED-ALL": {
                "ORG": {
                    "partial": {
                        "correct": 45,
                        "incorrect": 0,
                        "partial": 0,
                        "missed": 11,
                        "spurious": 14,
                        "possible": 56,
                        "actual": 59,
                        "TP": 45,
                        "FP": 14,
                        "FN": 11,
                        "P_micro": 0.7627118644067796,
                        "R_micro": 0.8035714285714286,
                        "F1_micro": 0.782608695652174,
                        "P_macro_doc": 0.7315508021390374,
                        "R_macro_doc": 0.9206168831168832,
                        "F1_macro_doc": 0.8704141305645064,
                        "P_macro_doc_std": 0.39311178501580973,
                        "R_macro_doc_std": 0.1700546484097833,
                        "F1_macro_doc_std": 0.19716724923165777
                    },
                    "strict": {
                        "correct": 45,
                        "incorrect": 0,
                        "partial": 0,
                        "missed": 11,
                        "spurious": 14,
                        "possible": 56,
                        "actual": 59,
                        "TP": 45,
                        "FP": 14,
                        "FN": 11,
                        "P_micro": 0.7627118644067796,
                        "R_micro": 0.8035714285714286,
                        "F1_micro": 0.782608695652174,
                        "P_macro_doc": 0.7315508021390374,
                        "R_macro_doc": 0.9206168831168832,
                        "F1_macro_doc": 0.8704141305645064,
                        "P_macro_doc_std": 0.39311178501580973,
                        "R_macro_doc_std": 0.1700546484097833,
                        "F1_macro_doc_std": 0.19716724923165777
                    },
                    "ent_type": {
                        "correct": 45,
                        "incorrect": 0,
                        "partial": 0,
                        "missed": 11,
                        "spurious": 14,
                        "possible": 56,
                        "actual": 59,
                        "TP": 45,
                        "FP": 14,
                        "FN": 11,
                        "P_micro": 0.7627118644067796,
                        "R_micro": 0.8035714285714286,
                        "F1_micro": 0.782608695652174,
                        "P_macro_doc": 0.7315508021390374,
                        "R_macro_doc": 0.9206168831168832,
                        "F1_macro_doc": 0.8704141305645064,
                        "P_macro_doc_std": 0.39311178501580973,
                        "R_macro_doc_std": 0.1700546484097833,
                        "F1_macro_doc_std": 0.19716724923165777
                    },
                    "exact": {
                        "correct": 45,
                        "incorrect": 0,
                        "partial": 0,
                        "missed": 11,
                        "spurious": 14,
                        "possible": 56,
                        "actual": 59,
                        "TP": 45,
                        "FP": 14,
                        "FN": 11,
                        "P_micro": 0.7627118644067796,
                        "R_micro": 0.8035714285714286,
                        "F1_micro": 0.782608695652174,
                        "P_macro_doc": 0.7315508021390374,
                        "R_macro_doc": 0.9206168831168832,
                        "F1_macro_doc": 0.8704141305645064,
                        "P_macro_doc_std": 0.39311178501580973,
                        "R_macro_doc_std": 0.1700546484097833,
                        "F1_macro_doc_std": 0.19716724923165777
                    }
                },
                "PERS": {
                    "partial": {
                        "correct": 0,
                        "incorrect": 0,
                        "partial": 0,
                        "missed": 2,
                        "spurious": 0,
                        "possible": 2,
                        "actual": 0,
                        "TP": 0,
                        "FP": 0,
                        "FN": 2,
                        "P_micro": 0,
                        "R_micro": 0.0,
                        "F1_micro": 0,
                        "P_macro_doc": null,
                        "R_macro_doc": 0.0,
                        "F1_macro_doc": null,
                        "P_macro_doc_std": null,
                        "R_macro_doc_std": 0.0,
                        "F1_macro_doc_std": null
                    },
                    "strict": {
                        "correct": 0,
                        "incorrect": 0,
                        "partial": 0,
                        "missed": 2,
                        "spurious": 0,
                        "possible": 2,
                        "actual": 0,
                        "TP": 0,
                        "FP": 0,
                        "FN": 2,
                        "P_micro": 0,
                        "R_micro": 0.0,
                        "F1_micro": 0,
                        "P_macro_doc": null,
                        "R_macro_doc": 0.0,
                        "F1_macro_doc": null,
                        "P_macro_doc_std": null,
                        "R_macro_doc_std": 0.0,
                        "F1_macro_doc_std": null
                    },
                    "ent_type": {
                        "correct": 0,
                        "incorrect": 0,
                        "partial": 0,
                        "missed": 2,
                        "spurious": 0,
                        "possible": 2,
                        "actual": 0,
                        "TP": 0,
                        "FP": 0,
                        "FN": 2,
                        "P_micro": 0,
                        "R_micro": 0.0,
                        "F1_micro": 0,
                        "P_macro_doc": null,
                        "R_macro_doc": 0.0,
                        "F1_macro_doc": null,
                        "P_macro_doc_std": null,
                        "R_macro_doc_std": 0.0,
                        "F1_macro_doc_std": null
                    },
                    "exact": {
                        "correct": 0,
                        "incorrect": 0,
                        "partial": 0,
                        "missed": 2,
                        "spurious": 0,
                        "possible": 2,
                        "actual": 0,
                        "TP": 0,
                        "FP": 0,
                        "FN": 2,
                        "P_micro": 0,
                        "R_micro": 0.0,
                        "F1_micro": 0,
                        "P_macro_doc": null,
                        "R_macro_doc": 0.0,
                        "F1_macro_doc": null,
                        "P_macro_doc_std": null,
                        "R_macro_doc_std": 0.0,
                        "F1_macro_doc_std": null
                    }
                },
                "ALL": {
                    "partial": {
                        "correct": 45,
                        "incorrect": 0,
                        "partial": 0,
                        "missed": 13,
                        "spurious": 14,
                        "possible": 58,
                        "actual": 59,
                        "TP": 45,
                        "FP": 14,
                        "FN": 13,
                        "P_micro": 0.7627118644067796,
                        "R_micro": 0.7758620689655172,
                        "F1_micro": 0.7692307692307694,
                        "P_macro_doc": 0.7315508021390374,