{
    "NE-COARSE-LIT": {
        "TIME-ALL": {
            "LED-ALL": {
                "ORG": {
                    "partial": {
                        "correct": 46,
                        "incorrect": 0,
                        "partial": 3,
                        "missed": 7,
                        "spurious": 9,
                        "possible": 56,
                        "actual": 58,
                        "TP": 46,
                        "FP": 12,
                        "FN": 10,
                        "P_micro": 0.8189655172413793,
                        "R_micro": 0.8482142857142857,
                        "F1_micro": 0.8333333333333334,
                        "P_macro_doc": 0.7076388888888889,
                        "R_macro_doc": 0.9022727272727273,
                        "F1_macro_doc": 0.8974907506862395,
                        "P_macro_doc_std": 0.41568924709970667,
                        "R_macro_doc_std": 0.15698748624732053,
                        "F1_macro_doc_std": 0.17105959945324137
                    },
                    "strict": {
                        "correct": 46,
                        "incorrect": 3,
                        "partial": 0,
                        "missed": 7,
                        "spurious": 9,
                        "possible": 56,
                        "actual": 58,
                        "TP": 46,
                        "FP": 12,
                        "FN": 10,
                        "P_micro": 0.7931034482758621,
                        "R_micro": 0.8214285714285714,
                        "F1_micro": 0.8070175438596492,
                        "P_macro_doc": 0.6875,
                        "R_macro_doc": 0.8597402597402598,
                        "F1_macro_doc": 0.8663503998090464,
                        "P_macro_doc_std": 0.4312650963541257,
                        "R_macro_doc_std": 0.26616486279727086,
                        "F1_macro_doc_std": 0.2527970308484098
                    },
                    "ent_type": {
                        "correct": 49,
                        "incorrect": 0,
                        "partial": 0,
                        "missed": 7,
                        "spurious": 9,
                        "possible": 56,
                        "actual": 58,
                        "TP": 49,
                        "FP": 9,
                        "FN": 7,
                        "P_micro": 0.8448275862068966,
                        "R_micro": 0.875,
                        "F1_micro": 0.8596491228070176,
                        "P_macro_doc": 0.7277777777777777,
                        "R_macro_doc": 0.9448051948051948,
                        "F1_macro_doc": 0.9286311015634324,
                        "P_macro_doc_std": 0.40798359928304795,
                        "R_macro_doc_std": 0.10580630348571639,
                        "F1_macro_doc_std": 0.09645141941196723
                    },
                    "exact": {
                        "correct": 46,
                        "incorrect": 3,
                        "partial": 0,
                        "missed": 7,
                        "spurious": 9,
                        "possible": 56,
                        "actual": 58,
                        "TP": 46,
                        "FP": 12,
                        "FN": 10,
                        "P_micro": 0.7931034482758621,
                        "R_micro": 0.8214285714285714,
                        "F1_micro": 0.8070175438596492,
                        "P_macro_doc": 0.6875,
                        "R_macro_doc": 0.8597402597402598,
                        "F1_macro_doc": 0.8663503998090464,
                        "P_macro_doc_std": 0.4312650963541257,
                        "R_macro_doc_std": 0.26616486279727086,
                        "F1_macro_doc_std": 0.2527970308484098
                    }
                },
                "PERS": {
                    "partial": {
                        "correct": 0,
                        "incorrect": 0,
                        "partial": 0,
                        "missed": 2,
                        "spurious": 0,
                        "possible": 2,
                        "actual": 0,
                        "TP": 0,
                        "FP": 0,
                        "FN": 2,
                        "P_micro": 0,
                        "R_micro": 0.0,
                        "F1_micro": 0,
                        "P_macro_doc": null,
                        "R_macro_doc": 0.0,
                        "F1_macro_doc": null,
                        "P_macro_doc_std": null,
                        "R_macro_doc_std": 0.0,
                        "F1_macro_doc_std": null
                    },
                    "strict": {
                        "correct": 0,
                        "incorrect": 0,
                        "partial": 0,
                        "missed": 2,
                        "spurious": 0,
                        "possible": 2,
                        "actual": 0,
                        "TP": 0,
                        "FP": 0,
                        "FN": 2,
                        "P_micro": 0,
                        "R_micro": 0.0,
                        "F1_micro": 0,
                        "P_macro_doc": null,
                        "R_macro_doc": 0.0,
                        "F1_macro_doc": null,
                        "P_macro_doc_std": null,
                        "R_macro_doc_std": 0.0,
                        "F1_macro_doc_std": null
                    },
                    "ent_type": {
                        "correct": 0,
                        "incorrect": 0,
                        "partial": 0,
                        "missed": 2,
                        "spurious": 0,
                        "possible": 2,
                        "actual": 0,
                        "TP": 0,
                        "FP": 0,
                        "FN": 2,
                        "P_micro": 0,
                        "R_micro": 0.0,
                        "F1_micro": 0,
                        "P_macro_doc": null,
                        "R_macro_doc": 0.0,
                        "F1_macro_doc": null,
                        "P_macro_doc_std": null,
                        "R_macro_doc_std": 0.0,
                        "F1_macro_doc_std": null
                    },
                    "exact": {
                        "correct": 0,
                        "incorrect": 0,
                        "partial": 0,
                        "missed": 2,
                        "spurious": 0,
                        "possible": 2,
                        "actual": 0,
                        "TP": 0,
                        "FP": 0,
                        "FN": 2,
                        "P_micro": 0,
                        "R_micro": 0.0,
                        "F1_micro": 0,
                        "P_macro_doc": null,
                        "R_macro_doc": 0.0,
                        "F1_macro_doc": null,
                        "P_macro_doc_std": null,
                        "R_macro_doc_std": 0.0,
                        "F1_macro_doc_std": null
                    }
                },
                "ALL": {
                    "partial": {
                        "correct": 46,
                        "incorrect": 0,
                        "partial": 3,
                        "missed": 9,
                        "spurious": 9,
                        "possible": 58,
                        "actual": 58,
                        "TP": 46,
                        "FP": 12,
                        "FN": 12,
                        "P_micro": 0.8189655172413793,
                        "R_micro": 0.8189655172413793,
                        "F1_micro": 0.8189655172413793,
                        "P_macro_doc": 0.7076388888888889,
                        "R_macro_doc": 0.8546536796536797,