{
    "NE-COARSE-LIT": {
        "TIME-ALL": {
            "LED-ALL": {
                "ORG": {
                    "partial": {
                        "correct": 47,
                        "incorrect": 0,
                        "partial": 0,
                        "missed": 9,
                        "spurious": 14,
                        "possible": 56,
                        "actual": 61,
                        "TP": 47,
                        "FP": 14,
                        "FN": 9,
                        "P_micro": 0.7704918032786885,
                        "R_micro": 0.8392857142857143,
                        "F1_micro": 0.8034188034188035,
                        "P_macro_doc": 0.7315508021390374,
                        "R_macro_doc": 0.933603896103896,
                        "F1_macro_doc": 0.8827390605364952,
                        "P_macro_doc_std": 0.39311178501580973,
                        "R_macro_doc_std": 0.12901228448479038,
                        "F1_macro_doc_std": 0.18039035565299347
                    },
                    "strict": {
                        "correct": 47,
                        "incorrect": 0,
                        "partial": 0,
                        "missed": 9,
                        "spurious": 14,
                        "possible": 56,
                        "actual": 61,
                        "TP": 47,
                        "FP": 14,
                        "FN": 9,
                        "P_micro": 0.7704918032786885,
                        "R_micro": 0.8392857142857143,
                        "F1_micro": 0.8034188034188035,
                        "P_macro_doc": 0.7315508021390374,
                        "R_macro_doc": 0.933603896103896,
                        "F1_macro_doc": 0.8827390605364952,
                        "P_macro_doc_std": 0.39311178501580973,
                        "R_macro_doc_std": 0.12901228448479038,
                        "F1_macro_doc_std": 0.18039035565299347
                    },
                    "ent_type": {
                        "correct": 47,
                        "incorrect": 0,
                        "partial": 0,
                        "missed": 9,
                        "spurious": 14,
                        "possible": 56,
                        "actual": 61,
                        "TP": 47,
                        "FP": 14,
                        "FN": 9,
                        "P_micro": 0.7704918032786885,
                        "R_micro": 0.8392857142857143,
                        "F1_micro": 0.8034188034188035,
                        "P_macro_doc": 0.7315508021390374,
                        "R_macro_doc": 0.933603896103896,
                        "F1_macro_doc": 0.8827390605364952,
                        "P_macro_doc_std": 0.39311178501580973,
                        "R_macro_doc_std": 0.12901228448479038,
                        "F1_macro_doc_std": 0.18039035565299347
                    },
                    "exact": {
                        "correct": 47,
                        "incorrect": 0,
                        "partial": 0,
                        "missed": 9,
                        "spurious": 14,
                        "possible": 56,
                        "actual": 61,
                        "TP": 47,
                        "FP": 14,
                        "FN": 9,
                        "P_micro": 0.7704918032786885,
                        "R_micro": 0.8392857142857143,
                        "F1_micro": 0.8034188034188035,
                        "P_macro_doc": 0.7315508021390374,
                        "R_macro_doc": 0.933603896103896,
                        "F1_macro_doc": 0.8827390605364952,
                        "P_macro_doc_std": 0.39311178501580973,
                        "R_macro_doc_std": 0.12901228448479038,
                        "F1_macro_doc_std": 0.18039035565299347
                    }
                },
                "PERS": {
                    "partial": {
                        "correct": 0,
                        "incorrect": 0,
                        "partial": 0,
                        "missed": 2,
                        "spurious": 1,
                        "possible": 2,
                        "actual": 1,
                        "TP": 0,
                        "FP": 1,
                        "FN": 2,
                        "P_micro": 0.0,
                        "R_micro": 0.0,
                        "F1_micro": 0,
                        "P_macro_doc": 0.0,
                        "R_macro_doc": 0.0,
                        "F1_macro_doc": null,
                        "P_macro_doc_std": 0.0,
                        "R_macro_doc_std": 0.0,
                        "F1_macro_doc_std": null
                    },
                    "strict": {
                        "correct": 0,
                        "incorrect": 0,
                        "partial": 0,
                        "missed": 2,
                        "spurious": 1,
                        "possible": 2,
                        "actual": 1,
                        "TP": 0,
                        "FP": 1,
                        "FN": 2,
                        "P_micro": 0.0,
                        "R_micro": 0.0,
                        "F1_micro": 0,
                        "P_macro_doc": 0.0,
                        "R_macro_doc": 0.0,
                        "F1_macro_doc": null,
                        "P_macro_doc_std": 0.0,
                        "R_macro_doc_std": 0.0,
                        "F1_macro_doc_std": null
                    },
                    "ent_type": {
                        "correct": 0,
                        "incorrect": 0,
                        "partial": 0,
                        "missed": 2,
                        "spurious": 1,
                        "possible": 2,
                        "actual": 1,
                        "TP": 0,
                        "FP": 1,
                        "FN": 2,
                        "P_micro": 0.0,
                        "R_micro": 0.0,
                        "F1_micro": 0,
                        "P_macro_doc": 0.0,
                        "R_macro_doc": 0.0,
                        "F1_macro_doc": null,
                        "P_macro_doc_std": 0.0,
                        "R_macro_doc_std": 0.0,
                        "F1_macro_doc_std": null
                    },
                    "exact": {
                        "correct": 0,
                        "incorrect": 0,
                        "partial": 0,
                        "missed": 2,
                        "spurious": 1,
                        "possible": 2,
                        "actual": 1,
                        "TP": 0,
                        "FP": 1,
                        "FN": 2,
                        "P_micro": 0.0,
                        "R_micro": 0.0,
                        "F1_micro": 0,
                        "P_macro_doc": 0.0,
                        "R_macro_doc": 0.0,
                        "F1_macro_doc": null,
                        "P_macro_doc_std": 0.0,
                        "R_macro_doc_std": 0.0,
                        "F1_macro_doc_std": null
                    }
                },
                "ALL": {
                    "partial": {
                        "correct": 47,
                        "incorrect": 0,
                        "partial": 0,
                        "missed": 11,
                        "spurious": 15,
                        "possible": 58,
                        "actual": 62,
                        "TP": 47,
                        "FP": 15,
                        "FN": 11,
                        "P_micro": 0.7580645161290323,
                        "R_micro": 0.8103448275862069,
                        "F1_micro": 0.7833333333333333,
                        "P_macro_doc": 0.6909090909090909,