{
    "NE-COARSE-LIT": {
        "TIME-ALL": {
            "LED-ALL": {
                "ORG": {
                    "partial": {
                        "correct": 47,
                        "incorrect": 0,
                        "partial": 1,
                        "missed": 8,
                        "spurious": 11,
                        "possible": 56,
                        "actual": 59,
                        "TP": 47,
                        "FP": 12,
                        "FN": 9,
                        "P_micro": 0.8050847457627118,
                        "R_micro": 0.8482142857142857,
                        "F1_micro": 0.8260869565217391,
                        "P_macro_doc": 0.7098484848484848,
                        "R_macro_doc": 0.9068181818181819,
                        "F1_macro_doc": 0.8981943654654846,
                        "P_macro_doc_std": 0.41909279891771367,
                        "R_macro_doc_std": 0.17061896831673995,
                        "F1_macro_doc_std": 0.1785462899036051
                    },
                    "strict": {
                        "correct": 47,
                        "incorrect": 1,
                        "partial": 0,
                        "missed": 8,
                        "spurious": 11,
                        "possible": 56,
                        "actual": 59,
                        "TP": 47,
                        "FP": 12,
                        "FN": 9,
                        "P_micro": 0.7966101694915254,
                        "R_micro": 0.8392857142857143,
                        "F1_micro": 0.8173913043478261,
                        "P_macro_doc": 0.695959595959596,
                        "R_macro_doc": 0.871103896103896,
                        "F1_macro_doc": 0.8743848416559608,
                        "P_macro_doc_std": 0.43782606605352603,
                        "R_macro_doc_std": 0.27340612019662525,
                        "F1_macro_doc_std": 0.25718968979735396
                    },
                    "ent_type": {
                        "correct": 48,
                        "incorrect": 0,
                        "partial": 0,
                        "missed": 8,
                        "spurious": 11,
                        "possible": 56,
                        "actual": 59,
                        "TP": 48,
                        "FP": 11,
                        "FN": 8,
                        "P_micro": 0.8135593220338984,
                        "R_micro": 0.8571428571428571,
                        "F1_micro": 0.8347826086956522,
                        "P_macro_doc": 0.7237373737373738,
                        "R_macro_doc": 0.9425324675324676,
                        "F1_macro_doc": 0.9220038892750083,
                        "P_macro_doc_std": 0.4076082998035841,
                        "R_macro_doc_std": 0.12897295625086827,
                        "F1_macro_doc_std": 0.11113166858986942
                    },
                    "exact": {
                        "correct": 47,
                        "incorrect": 1,
                        "partial": 0,
                        "missed": 8,
                        "spurious": 11,
                        "possible": 56,
                        "actual": 59,
                        "TP": 47,
                        "FP": 12,
                        "FN": 9,
                        "P_micro": 0.7966101694915254,
                        "R_micro": 0.8392857142857143,
                        "F1_micro": 0.8173913043478261,
                        "P_macro_doc": 0.695959595959596,
                        "R_macro_doc": 0.871103896103896,
                        "F1_macro_doc": 0.8743848416559608,
                        "P_macro_doc_std": 0.43782606605352603,
                        "R_macro_doc_std": 0.27340612019662525,
                        "F1_macro_doc_std": 0.25718968979735396
                    }
                },
                "PERS": {
                    "partial": {
                        "correct": 0,
                        "incorrect": 0,
                        "partial": 0,
                        "missed": 2,
                        "spurious": 1,
                        "possible": 2,
                        "actual": 1,
                        "TP": 0,
                        "FP": 1,
                        "FN": 2,
                        "P_micro": 0.0,
                        "R_micro": 0.0,
                        "F1_micro": 0,
                        "P_macro_doc": 0.0,
                        "R_macro_doc": 0.0,
                        "F1_macro_doc": null,
                        "P_macro_doc_std": 0.0,
                        "R_macro_doc_std": 0.0,
                        "F1_macro_doc_std": null
                    },
                    "strict": {
                        "correct": 0,
                        "incorrect": 0,
                        "partial": 0,
                        "missed": 2,
                        "spurious": 1,
                        "possible": 2,
                        "actual": 1,
                        "TP": 0,
                        "FP": 1,
                        "FN": 2,
                        "P_micro": 0.0,
                        "R_micro": 0.0,
                        "F1_micro": 0,
                        "P_macro_doc": 0.0,
                        "R_macro_doc": 0.0,
                        "F1_macro_doc": null,
                        "P_macro_doc_std": 0.0,
                        "R_macro_doc_std": 0.0,
                        "F1_macro_doc_std": null
                    },
                    "ent_type": {
                        "correct": 0,
                        "incorrect": 0,
                        "partial": 0,
                        "missed": 2,
                        "spurious": 1,
                        "possible": 2,
                        "actual": 1,
                        "TP": 0,
                        "FP": 1,
                        "FN": 2,
                        "P_micro": 0.0,
                        "R_micro": 0.0,
                        "F1_micro": 0,
                        "P_macro_doc": 0.0,
                        "R_macro_doc": 0.0,
                        "F1_macro_doc": null,
                        "P_macro_doc_std": 0.0,
                        "R_macro_doc_std": 0.0,
                        "F1_macro_doc_std": null
                    },
                    "exact": {
                        "correct": 0,
                        "incorrect": 0,
                        "partial": 0,
                        "missed": 2,
                        "spurious": 1,
                        "possible": 2,
                        "actual": 1,
                        "TP": 0,
                        "FP": 1,
                        "FN": 2,
                        "P_micro": 0.0,
                        "R_micro": 0.0,
                        "F1_micro": 0,
                        "P_macro_doc": 0.0,
                        "R_macro_doc": 0.0,
                        "F1_macro_doc": null,
                        "P_macro_doc_std": 0.0,
                        "R_macro_doc_std": 0.0,
                        "F1_macro_doc_std": null
                    }
                },
                "ALL": {
                    "partial": {
                        "correct": 47,
                        "incorrect": 0,
                        "partial": 1,
                        "missed": 10,
                        "spurious": 12,
                        "possible": 58,
                        "actual": 60,
                        "TP": 47,
                        "FP": 13,
                        "FN": 11,
                        "P_micro": 0.7916666666666666,
                        "R_micro": 0.8189655172413793,
                        "F1_micro": 0.8050847457627119,
                        "P_macro_doc": 0.6724880382775119,