{
    "NE-COARSE-LIT": {
        "TIME-ALL": {
            "LED-ALL": {
                "ORG": {
                    "partial": {
                        "correct": 125,
                        "incorrect": 0,
                        "partial": 12,
                        "missed": 17,
                        "spurious": 19,
                        "possible": 154,
                        "actual": 156,
                        "TP": 125,
                        "FP": 31,
                        "FN": 29,
                        "P_micro": 0.8397435897435898,
                        "R_micro": 0.8506493506493507,
                        "F1_micro": 0.8451612903225807,
                        "P_macro_doc": 0.8417721518987342,
                        "R_macro_doc": 0.8643620268620268,
                        "F1_macro_doc": 0.8792716172716174,
                        "P_macro_doc_std": 0.3136585238826295,
                        "R_macro_doc_std": 0.2658901690025277,
                        "F1_macro_doc_std": 0.23161071290690177
                    },
                    "strict": {
                        "correct": 125,
                        "incorrect": 12,
                        "partial": 0,
                        "missed": 17,
                        "spurious": 19,
                        "possible": 154,
                        "actual": 156,
                        "TP": 125,
                        "FP": 31,
                        "FN": 29,
                        "P_micro": 0.8012820512820513,
                        "R_micro": 0.8116883116883117,
                        "F1_micro": 0.8064516129032259,
                        "P_macro_doc": 0.8027426160337553,
                        "R_macro_doc": 0.8111568986568987,
                        "F1_macro_doc": 0.8333120213120213,
                        "P_macro_doc_std": 0.3783377514170447,
                        "R_macro_doc_std": 0.35958157547304076,
                        "F1_macro_doc_std": 0.3297490121563238
                    },
                    "ent_type": {
                        "correct": 136,
                        "incorrect": 1,
                        "partial": 0,
                        "missed": 17,
                        "spurious": 19,
                        "possible": 154,
                        "actual": 156,
                        "TP": 136,
                        "FP": 20,
                        "FN": 18,
                        "P_micro": 0.8717948717948718,
                        "R_micro": 0.8831168831168831,
                        "F1_micro": 0.8774193548387098,
                        "P_macro_doc": 0.8786919831223627,
                        "R_macro_doc": 0.9150030525030525,
                        "F1_macro_doc": 0.9228069708069707,
                        "P_macro_doc_std": 0.28431743601539494,
                        "R_macro_doc_std": 0.2389458508108697,
                        "F1_macro_doc_std": 0.17856624670664425
                    },
                    "exact": {
                        "correct": 125,
                        "incorrect": 12,
                        "partial": 0,
                        "missed": 17,
                        "spurious": 19,
                        "possible": 154,
                        "actual": 156,
                        "TP": 125,
                        "FP": 31,
                        "FN": 29,
                        "P_micro": 0.8012820512820513,
                        "R_micro": 0.8116883116883117,
                        "F1_micro": 0.8064516129032259,
                        "P_macro_doc": 0.8027426160337553,
                        "R_macro_doc": 0.8111568986568987,
                        "F1_macro_doc": 0.8333120213120213,
                        "P_macro_doc_std": 0.3783377514170447,
                        "R_macro_doc_std": 0.35958157547304076,
                        "F1_macro_doc_std": 0.3297490121563238
                    }
                },
                "PERS": {
                    "partial": {
                        "correct": 0,
                        "incorrect": 0,
                        "partial": 0,
                        "missed": 9,
                        "spurious": 5,
                        "possible": 9,
                        "actual": 5,
                        "TP": 0,
                        "FP": 5,
                        "FN": 9,
                        "P_micro": 0.0,
                        "R_micro": 0.0,
                        "F1_micro": 0,
                        "P_macro_doc": 0.0,
                        "R_macro_doc": 0.0,
                        "F1_macro_doc": null,
                        "P_macro_doc_std": 0.0,
                        "R_macro_doc_std": 0.0,
                        "F1_macro_doc_std": null
                    },
                    "strict": {
                        "correct": 0,
                        "incorrect": 0,
                        "partial": 0,
                        "missed": 9,
                        "spurious": 5,
                        "possible": 9,
                        "actual": 5,
                        "TP": 0,
                        "FP": 5,
                        "FN": 9,
                        "P_micro": 0.0,
                        "R_micro": 0.0,
                        "F1_micro": 0,
                        "P_macro_doc": 0.0,
                        "R_macro_doc": 0.0,
                        "F1_macro_doc": null,
                        "P_macro_doc_std": 0.0,
                        "R_macro_doc_std": 0.0,
                        "F1_macro_doc_std": null
                    },
                    "ent_type": {
                        "correct": 0,
                        "incorrect": 0,
                        "partial": 0,
                        "missed": 9,
                        "spurious": 5,
                        "possible": 9,
                        "actual": 5,
                        "TP": 0,
                        "FP": 5,
                        "FN": 9,
                        "P_micro": 0.0,
                        "R_micro": 0.0,
                        "F1_micro": 0,
                        "P_macro_doc": 0.0,
                        "R_macro_doc": 0.0,
                        "F1_macro_doc": null,
                        "P_macro_doc_std": 0.0,
                        "R_macro_doc_std": 0.0,
                        "F1_macro_doc_std": null
                    },
                    "exact": {
                        "correct": 0,
                        "incorrect": 0,
                        "partial": 0,
                        "missed": 9,
                        "spurious": 5,
                        "possible": 9,
                        "actual": 5,
                        "TP": 0,
                        "FP": 5,
                        "FN": 9,
                        "P_micro": 0.0,
                        "R_micro": 0.0,
                        "F1_micro": 0,
                        "P_macro_doc": 0.0,
                        "R_macro_doc": 0.0,
                        "F1_macro_doc": null,
                        "P_macro_doc_std": 0.0,
                        "R_macro_doc_std": 0.0,
                        "F1_macro_doc_std": null
                    }
                },
                "ALL": {
                    "partial": {
                        "correct": 125,
                        "incorrect": 0,
                        "partial": 12,
                        "missed": 26,
                        "spurious": 24,
                        "possible": 163,
                        "actual": 161,
                        "TP": 125,
                        "FP": 36,
                        "FN": 38,
                        "P_micro": 0.8136645962732919,
                        "R_micro": 0.803680981595092,
                        "F1_micro": 0.8086419753086419,
                        "P_macro_doc": 0.8175925925925925,