{"dev": {"global": [{"loss": 0.010611426488599697, "precision": 0.7971014492753623, "recall": 0.4954954954954955, "f1": 0.611111111111111}, {"loss": 0.009131564394674876, "precision": 0.5882352941176471, "recall": 0.6306306306306306, "f1": 0.6086956521739131}, {"loss": 0.007685308932308176, "precision": 0.7333333333333333, "recall": 0.6936936936936937, "f1": 0.7129629629629628}], "sent-level": [null, null, null], "token-level": ["                             precision    recall  f1-score   support\n\n    org.ent.pressagency.AFP     0.7692    0.7143    0.7407        14\n     org.ent.pressagency.AP     1.0000    0.1250    0.2222         8\norg.ent.pressagency.ATS-SDA     1.0000    0.2083    0.3448        24\n    org.ent.pressagency.DNB     0.0000    0.0000    0.0000         3\n  org.ent.pressagency.Extel     0.0000    0.0000    0.0000         1\n  org.ent.pressagency.Havas     0.7857    0.8462    0.8148        26\norg.ent.pressagency.Reuters     0.9333    0.7778    0.8485        18\norg.ent.pressagency.Stefani     0.0000    0.0000    0.0000         1\n org.ent.pressagency.UP-UPI     0.0000    0.0000    0.0000         4\n  org.ent.pressagency.Wolff     0.4286    1.0000    0.6000         3\n     org.ent.pressagency.ag     0.0000    0.0000    0.0000         1\n    org.ent.pressagency.unk     0.0000    0.0000    0.0000         4\n     pers.ind.articleauthor     0.0000    0.0000    0.0000         4\n\n                  micro avg     0.7971    0.4955    0.6111       111\n                  macro avg     0.3782    0.2824    0.2747       111\n               weighted avg     0.7323    0.4955    0.5287       111\n", "                             precision    recall  f1-score   support\n\n    org.ent.pressagency.AFP     0.6000    0.8571    0.7059        14\n     org.ent.pressagency.AP     1.0000    0.6250    0.7692         8\norg.ent.pressagency.ATS-SDA     0.4130    0.7917    0.5429        24\n    org.ent.pressagency.DNB     0.0000    0.0000    0.0000         3\n  org.ent.pressagency.Extel     0.0000    0.0000    0.0000         1\n  org.ent.pressagency.Havas     0.7333    0.8462    0.7857        26\norg.ent.pressagency.Reuters     0.9000    0.5000    0.6429        18\norg.ent.pressagency.Stefani     0.0000    0.0000    0.0000         1\n org.ent.pressagency.UP-UPI     0.3333    0.5000    0.4000         4\n  org.ent.pressagency.Wolff     0.5000    0.3333    0.4000         3\n     org.ent.pressagency.ag     0.0000    0.0000    0.0000         1\n    org.ent.pressagency.unk     0.0000    0.0000    0.0000         4\n     pers.ind.articleauthor     0.0000    0.0000    0.0000         4\n\n                  micro avg     0.5882    0.6306    0.6087       111\n                  macro avg     0.3446    0.3426    0.3267       111\n               weighted avg     0.5803    0.6306    0.5754       111\n", "                             precision    recall  f1-score   support\n\n    org.ent.pressagency.AFP     0.7222    0.9286    0.8125        14\n     org.ent.pressagency.AP     1.0000    0.8750    0.9333         8\norg.ent.pressagency.ATS-SDA     0.5769    0.6250    0.6000        24\n    org.ent.pressagency.DNB     0.0000    0.0000    0.0000         3\n    org.ent.pressagency.DPA     0.0000    0.0000    0.0000         0\n  org.ent.pressagency.Extel     0.0000    0.0000    0.0000         1\n  org.ent.pressagency.Havas     0.7778    0.8077    0.7925        26\norg.ent.pressagency.Reuters     0.9444    0.9444    0.9444        18\norg.ent.pressagency.Stefani     0.0000    0.0000    0.0000         1\n org.ent.pressagency.UP-UPI     0.5000    0.5000    0.5000         4\n  org.ent.pressagency.Wolff     0.6667    0.6667    0.6667         3\n     org.ent.pressagency.ag     0.0000    0.0000    0.0000         1\n    org.ent.pressagency.unk     0.0000    0.0000    0.0000         4\n     pers.ind.articleauthor     0.0000    0.0000    0.0000         4\n\n                  micro avg     0.7333    0.6937    0.7130       111\n                  macro avg     0.3706    0.3820    0.3750       111\n               weighted avg     0.6593    0.6937    0.6743       111\n"]}, "test": {"global": {"loss": 0.01201230861105368, "precision": 0.7265625, "recall": 0.6038961038961039, "f1": 0.6595744680851063}, "token-level": "                             precision    recall  f1-score   support\n\n    org.ent.pressagency.AFP     0.7037    1.0000    0.8261        19\n   org.ent.pressagency.ANSA     0.0000    0.0000    0.0000         1\n     org.ent.pressagency.AP     0.7143    0.8333    0.7692         6\n    org.ent.pressagency.APA     0.0000    0.0000    0.0000         1\norg.ent.pressagency.ATS-SDA     0.8500    0.7391    0.7907        23\n    org.ent.pressagency.DNB     0.0000    0.0000    0.0000         3\n    org.ent.pressagency.DPA     0.3333    0.5000    0.4000         2\n  org.ent.pressagency.Extel     0.0000    0.0000    0.0000         0\n  org.ent.pressagency.Havas     0.7500    0.7273    0.7385        33\n   org.ent.pressagency.Kipa     0.0000    0.0000    0.0000         1\norg.ent.pressagency.Reuters     0.9500    0.7037    0.8085        27\norg.ent.pressagency.Stefani     1.0000    0.5000    0.6667         2\n org.ent.pressagency.UP-UPI     0.7500    0.4615    0.5714        13\n  org.ent.pressagency.Wolff     0.3333    0.3333    0.3333         3\n org.ent.pressagency.Xinhua     0.0000    0.0000    0.0000         1\n     org.ent.pressagency.ag     0.0000    0.0000    0.0000         3\n    org.ent.pressagency.unk     0.0000    0.0000    0.0000         7\n     pers.ind.articleauthor     0.0000    0.0000    0.0000         9\n\n                  micro avg     0.7266    0.6039    0.6596       154\n                  macro avg     0.3547    0.3221    0.3280       154\n               weighted avg     0.6560    0.6039    0.6186       154\n"}}