{"dev": {"global": {"loss": 0.004017496303930876, "precision": 0.7368421052631579, "recall": 0.875, "f1": 0.7999999999999999}, "sent-level": null, "token-level": "                             precision    recall  f1-score   support\n\n    org.ent.pressagency.AFP     0.7368    1.0000    0.8485        14\n     org.ent.pressagency.AP     1.0000    0.6250    0.7692         8\norg.ent.pressagency.ATS-SDA     0.7500    1.0000    0.8571        24\n    org.ent.pressagency.DNB     0.5000    0.6667    0.5714         3\n    org.ent.pressagency.DPA     0.0000    0.0000    0.0000         0\n  org.ent.pressagency.Extel     0.0000    0.0000    0.0000         1\n  org.ent.pressagency.Havas     0.8333    0.9615    0.8929        26\norg.ent.pressagency.Reuters     0.8947    0.8947    0.8947        19\norg.ent.pressagency.SPK-SMP     0.0000    0.0000    0.0000         0\norg.ent.pressagency.Stefani     1.0000    1.0000    1.0000         1\n org.ent.pressagency.UP-UPI     1.0000    1.0000    1.0000         4\n  org.ent.pressagency.Wolff     0.6000    1.0000    0.7500         3\n     org.ent.pressagency.ag     0.5000    1.0000    0.6667         1\n    org.ent.pressagency.unk     0.0000    0.0000    0.0000         4\n     pers.ind.articleauthor     0.2857    0.5000    0.3636         4\n\n                  micro avg     0.7368    0.8750    0.8000       112\n                  macro avg     0.5400    0.6432    0.5743       112\n               weighted avg     0.7583    0.8750    0.8027       112\n"}, "test": {"global": {"loss": 0.006045460449023563, "precision": 0.8193548387096774, "recall": 0.8141025641025641, "f1": 0.8167202572347266}, "sent-level": null, "token-level": "                             precision    recall  f1-score   support\n\n    org.ent.pressagency.AFP     0.9524    1.0000    0.9756        20\n   org.ent.pressagency.ANSA     0.0000    0.0000    0.0000         1\n     org.ent.pressagency.AP     0.8571    1.0000    0.9231         6\n    org.ent.pressagency.APA     0.0000    0.0000    0.0000         1\norg.ent.pressagency.ATS-SDA     0.9167    0.9565    0.9362        23\n    org.ent.pressagency.DNB     1.0000    0.6667    0.8000         3\n    org.ent.pressagency.DPA     1.0000    1.0000    1.0000         2\n  org.ent.pressagency.Havas     0.8182    0.8182    0.8182        33\n   org.ent.pressagency.Kipa     1.0000    1.0000    1.0000         1\norg.ent.pressagency.Reuters     0.9600    0.8889    0.9231        27\norg.ent.pressagency.Stefani     1.0000    1.0000    1.0000         2\n org.ent.pressagency.UP-UPI     0.9167    0.8462    0.8800        13\n  org.ent.pressagency.Wolff     0.5000    0.7500    0.6000         4\n org.ent.pressagency.Xinhua     0.0000    0.0000    0.0000         1\n     org.ent.pressagency.ag     0.5000    1.0000    0.6667         3\n    org.ent.pressagency.unk     0.5000    0.4286    0.4615         7\n     pers.ind.articleauthor     0.1250    0.1111    0.1176         9\n\n                  micro avg     0.8194    0.8141    0.8167       156\n                  macro avg     0.6498    0.6745    0.6531       156\n               weighted avg     0.8092    0.8141    0.8079       156\n"}}