{
    "NE-COARSE-LIT": {
        "TIME-ALL": {
            "LED-ALL": {
                "ORG": {
                    "partial": {
                        "correct": 45,
                        "incorrect": 0,
                        "partial": 1,
                        "missed": 10,
                        "spurious": 12,
                        "possible": 56,
                        "actual": 58,
                        "TP": 45,
                        "FP": 13,
                        "FN": 11,
                        "P_micro": 0.7844827586206896,
                        "R_micro": 0.8125,
                        "F1_micro": 0.7982456140350878,
                        "P_macro_doc": 0.7025252525252524,
                        "R_macro_doc": 0.888961038961039,
                        "F1_macro_doc": 0.887125025448776,
                        "P_macro_doc_std": 0.4044041922875188,
                        "R_macro_doc_std": 0.17299803014720122,
                        "F1_macro_doc_std": 0.15623659448937358
                    },
                    "strict": {
                        "correct": 45,
                        "incorrect": 1,
                        "partial": 0,
                        "missed": 10,
                        "spurious": 12,
                        "possible": 56,
                        "actual": 58,
                        "TP": 45,
                        "FP": 13,
                        "FN": 11,
                        "P_micro": 0.7758620689655172,
                        "R_micro": 0.8035714285714286,
                        "F1_micro": 0.7894736842105263,
                        "P_macro_doc": 0.6747474747474747,
                        "R_macro_doc": 0.8532467532467533,
                        "F1_macro_doc": 0.8514107397344903,
                        "P_macro_doc_std": 0.4334875287807105,
                        "R_macro_doc_std": 0.2725672072026147,
                        "F1_macro_doc_std": 0.26199865198652
                    },
                    "ent_type": {
                        "correct": 46,
                        "incorrect": 0,
                        "partial": 0,
                        "missed": 10,
                        "spurious": 12,
                        "possible": 56,
                        "actual": 58,
                        "TP": 46,
                        "FP": 12,
                        "FN": 10,
                        "P_micro": 0.7931034482758621,
                        "R_micro": 0.8214285714285714,
                        "F1_micro": 0.8070175438596492,
                        "P_macro_doc": 0.7303030303030302,
                        "R_macro_doc": 0.9246753246753247,
                        "F1_macro_doc": 0.9228393111630618,
                        "P_macro_doc_std": 0.40670460013659565,
                        "R_macro_doc_std": 0.13684670158068568,
                        "F1_macro_doc_std": 0.11549769945173262
                    },
                    "exact": {
                        "correct": 45,
                        "incorrect": 1,
                        "partial": 0,
                        "missed": 10,
                        "spurious": 12,
                        "possible": 56,
                        "actual": 58,
                        "TP": 45,
                        "FP": 13,
                        "FN": 11,
                        "P_micro": 0.7758620689655172,
                        "R_micro": 0.8035714285714286,
                        "F1_micro": 0.7894736842105263,
                        "P_macro_doc": 0.6747474747474747,
                        "R_macro_doc": 0.8532467532467533,
                        "F1_macro_doc": 0.8514107397344903,
                        "P_macro_doc_std": 0.4334875287807105,
                        "R_macro_doc_std": 0.2725672072026147,
                        "F1_macro_doc_std": 0.26199865198652
                    }
                },
                "PERS": {
                    "partial": {
                        "correct": 0,
                        "incorrect": 0,
                        "partial": 0,
                        "missed": 2,
                        "spurious": 1,
                        "possible": 2,
                        "actual": 1,
                        "TP": 0,
                        "FP": 1,
                        "FN": 2,
                        "P_micro": 0.0,
                        "R_micro": 0.0,
                        "F1_micro": 0,
                        "P_macro_doc": 0.0,
                        "R_macro_doc": 0.0,
                        "F1_macro_doc": null,
                        "P_macro_doc_std": 0.0,
                        "R_macro_doc_std": 0.0,
                        "F1_macro_doc_std": null
                    },
                    "strict": {
                        "correct": 0,
                        "incorrect": 0,
                        "partial": 0,
                        "missed": 2,
                        "spurious": 1,
                        "possible": 2,
                        "actual": 1,
                        "TP": 0,
                        "FP": 1,
                        "FN": 2,
                        "P_micro": 0.0,
                        "R_micro": 0.0,
                        "F1_micro": 0,
                        "P_macro_doc": 0.0,
                        "R_macro_doc": 0.0,
                        "F1_macro_doc": null,
                        "P_macro_doc_std": 0.0,
                        "R_macro_doc_std": 0.0,
                        "F1_macro_doc_std": null
                    },
                    "ent_type": {
                        "correct": 0,
                        "incorrect": 0,
                        "partial": 0,
                        "missed": 2,
                        "spurious": 1,
                        "possible": 2,
                        "actual": 1,
                        "TP": 0,
                        "FP": 1,
                        "FN": 2,
                        "P_micro": 0.0,
                        "R_micro": 0.0,
                        "F1_micro": 0,
                        "P_macro_doc": 0.0,
                        "R_macro_doc": 0.0,
                        "F1_macro_doc": null,
                        "P_macro_doc_std": 0.0,
                        "R_macro_doc_std": 0.0,
                        "F1_macro_doc_std": null
                    },
                    "exact": {
                        "correct": 0,
                        "incorrect": 0,
                        "partial": 0,
                        "missed": 2,
                        "spurious": 1,
                        "possible": 2,
                        "actual": 1,
                        "TP": 0,
                        "FP": 1,
                        "FN": 2,
                        "P_micro": 0.0,
                        "R_micro": 0.0,
                        "F1_micro": 0,
                        "P_macro_doc": 0.0,
                        "R_macro_doc": 0.0,
                        "F1_macro_doc": null,
                        "P_macro_doc_std": 0.0,
                        "R_macro_doc_std": 0.0,
                        "F1_macro_doc_std": null
                    }
                },
                "ALL": {
                    "partial": {
                        "correct": 45,
                        "incorrect": 0,
                        "partial": 1,
                        "missed": 12,
                        "spurious": 13,
                        "possible": 58,
                        "actual": 59,
                        "TP": 45,
                        "FP": 14,
                        "FN": 13,
                        "P_micro": 0.7711864406779662,
                        "R_micro": 0.7844827586206896,
                        "F1_micro": 0.7777777777777778,
                        "P_macro_doc": 0.7025252525252524,
                        "R_macro_doc": 0.8413419913419913,