{
    "NE-COARSE-LIT": {
        "TIME-ALL": {
            "LED-ALL": {
                "ORG": {
                    "partial": {
                        "correct": 102,
                        "incorrect": 0,
                        "partial": 3,
                        "missed": 5,
                        "spurious": 27,
                        "possible": 110,
                        "actual": 132,
                        "TP": 102,
                        "FP": 30,
                        "FN": 8,
                        "P_micro": 0.7840909090909091,
                        "R_micro": 0.9409090909090909,
                        "F1_micro": 0.8553719008264462,
                        "P_macro_doc": 0.8724489795918368,
                        "R_macro_doc": 0.9527777777777777,
                        "F1_macro_doc": 0.9429298906221983,
                        "P_macro_doc_std": 0.28849548332404734,
                        "R_macro_doc_std": 0.16462341816765663,
                        "F1_macro_doc_std": 0.1390310226002178
                    },
                    "strict": {
                        "correct": 102,
                        "incorrect": 3,
                        "partial": 0,
                        "missed": 5,
                        "spurious": 27,
                        "possible": 110,
                        "actual": 132,
                        "TP": 102,
                        "FP": 30,
                        "FN": 8,
                        "P_micro": 0.7727272727272727,
                        "R_micro": 0.9272727272727272,
                        "F1_micro": 0.8429752066115703,
                        "P_macro_doc": 0.8605442176870749,
                        "R_macro_doc": 0.9388888888888889,
                        "F1_macro_doc": 0.9295965572888649,
                        "P_macro_doc_std": 0.3077881270737535,
                        "R_macro_doc_std": 0.2026410913332862,
                        "F1_macro_doc_std": 0.1831049256069108
                    },
                    "ent_type": {
                        "correct": 105,
                        "incorrect": 0,
                        "partial": 0,
                        "missed": 5,
                        "spurious": 27,
                        "possible": 110,
                        "actual": 132,
                        "TP": 105,
                        "FP": 27,
                        "FN": 5,
                        "P_micro": 0.7954545454545454,
                        "R_micro": 0.9545454545454546,
                        "F1_micro": 0.8677685950413222,
                        "P_macro_doc": 0.8843537414965985,
                        "R_macro_doc": 0.9666666666666667,
                        "F1_macro_doc": 0.9562632239555316,
                        "P_macro_doc_std": 0.2831474327048064,
                        "R_macro_doc_std": 0.1518682753703783,
                        "F1_macro_doc_std": 0.12064020445620283
                    },
                    "exact": {
                        "correct": 102,
                        "incorrect": 3,
                        "partial": 0,
                        "missed": 5,
                        "spurious": 27,
                        "possible": 110,
                        "actual": 132,
                        "TP": 102,
                        "FP": 30,
                        "FN": 8,
                        "P_micro": 0.7727272727272727,
                        "R_micro": 0.9272727272727272,
                        "F1_micro": 0.8429752066115703,
                        "P_macro_doc": 0.8605442176870749,
                        "R_macro_doc": 0.9388888888888889,
                        "F1_macro_doc": 0.9295965572888649,
                        "P_macro_doc_std": 0.3077881270737535,
                        "R_macro_doc_std": 0.2026410913332862,
                        "F1_macro_doc_std": 0.1831049256069108
                    }
                },
                "PERS": {
                    "partial": {
                        "correct": 3,
                        "incorrect": 0,
                        "partial": 0,
                        "missed": 1,
                        "spurious": 5,
                        "possible": 4,
                        "actual": 8,
                        "TP": 3,
                        "FP": 5,
                        "FN": 1,
                        "P_micro": 0.375,
                        "R_micro": 0.75,
                        "F1_micro": 0.5,
                        "P_macro_doc": 0.3333333333333333,
                        "R_macro_doc": 0.6666666666666666,
                        "F1_macro_doc": 1.0,
                        "P_macro_doc_std": 0.4714045207910317,
                        "R_macro_doc_std": 0.4714045207910317,
                        "F1_macro_doc_std": 0.0
                    },
                    "strict": {
                        "correct": 3,
                        "incorrect": 0,
                        "partial": 0,
                        "missed": 1,
                        "spurious": 5,
                        "possible": 4,
                        "actual": 8,
                        "TP": 3,
                        "FP": 5,
                        "FN": 1,
                        "P_micro": 0.375,
                        "R_micro": 0.75,
                        "F1_micro": 0.5,
                        "P_macro_doc": 0.3333333333333333,
                        "R_macro_doc": 0.6666666666666666,
                        "F1_macro_doc": 1.0,
                        "P_macro_doc_std": 0.4714045207910317,
                        "R_macro_doc_std": 0.4714045207910317,
                        "F1_macro_doc_std": 0.0
                    },
                    "ent_type": {
                        "correct": 3,
                        "incorrect": 0,
                        "partial": 0,
                        "missed": 1,
                        "spurious": 5,
                        "possible": 4,
                        "actual": 8,
                        "TP": 3,
                        "FP": 5,
                        "FN": 1,
                        "P_micro": 0.375,
                        "R_micro": 0.75,
                        "F1_micro": 0.5,
                        "P_macro_doc": 0.3333333333333333,
                        "R_macro_doc": 0.6666666666666666,
                        "F1_macro_doc": 1.0,
                        "P_macro_doc_std": 0.4714045207910317,
                        "R_macro_doc_std": 0.4714045207910317,
                        "F1_macro_doc_std": 0.0
                    },
                    "exact": {
                        "correct": 3,
                        "incorrect": 0,
                        "partial": 0,
                        "missed": 1,
                        "spurious": 5,
                        "possible": 4,
                        "actual": 8,
                        "TP": 3,
                        "FP": 5,
                        "FN": 1,
                        "P_micro": 0.375,
                        "R_micro": 0.75,
                        "F1_micro": 0.5,
                        "P_macro_doc": 0.3333333333333333,
                        "R_macro_doc": 0.6666666666666666,
                        "F1_macro_doc": 1.0,
                        "P_macro_doc_std": 0.4714045207910317,
                        "R_macro_doc_std": 0.4714045207910317,
                        "F1_macro_doc_std": 0.0
                    }
                },
                "ALL": {
                    "partial": {
                        "correct": 105,
                        "incorrect": 0,
                        "partial": 3,
                        "missed": 6,
                        "spurious": 32,
                        "possible": 114,
                        "actual": 140,
                        "TP": 105,
                        "FP": 35,
                        "FN": 9,