{
    "NE-COARSE-LIT": {
        "TIME-ALL": {
            "LED-ALL": {
                "ORG": {
                    "partial": {
                        "correct": 136,
                        "incorrect": 0,
                        "partial": 4,
                        "missed": 14,
                        "spurious": 14,
                        "possible": 154,
                        "actual": 154,
                        "TP": 136,
                        "FP": 18,
                        "FN": 18,
                        "P_micro": 0.8961038961038961,
                        "R_micro": 0.8961038961038961,
                        "F1_micro": 0.8961038961038962,
                        "P_macro_doc": 0.9236842105263158,
                        "R_macro_doc": 0.9086233211233212,
                        "F1_macro_doc": 0.9296132756132757,
                        "P_macro_doc_std": 0.22528836553499465,
                        "R_macro_doc_std": 0.24721045186489327,
                        "F1_macro_doc_std": 0.1886462857889052
                    },
                    "strict": {
                        "correct": 135,
                        "incorrect": 5,
                        "partial": 0,
                        "missed": 14,
                        "spurious": 14,
                        "possible": 154,
                        "actual": 154,
                        "TP": 135,
                        "FP": 19,
                        "FN": 19,
                        "P_micro": 0.8766233766233766,
                        "R_micro": 0.8766233766233766,
                        "F1_micro": 0.8766233766233766,
                        "P_macro_doc": 0.9109649122807018,
                        "R_macro_doc": 0.8935592185592185,
                        "F1_macro_doc": 0.9159307359307358,
                        "P_macro_doc_std": 0.24780546498504483,
                        "R_macro_doc_std": 0.2725415534067889,
                        "F1_macro_doc_std": 0.2187017557084041
                    },
                    "ent_type": {
                        "correct": 139,
                        "incorrect": 1,
                        "partial": 0,
                        "missed": 14,
                        "spurious": 14,
                        "possible": 154,
                        "actual": 154,
                        "TP": 139,
                        "FP": 15,
                        "FN": 15,
                        "P_micro": 0.9025974025974026,
                        "R_micro": 0.9025974025974026,
                        "F1_micro": 0.9025974025974026,
                        "P_macro_doc": 0.9311403508771932,
                        "R_macro_doc": 0.9185592185592185,
                        "F1_macro_doc": 0.9379624819624818,
                        "P_macro_doc_std": 0.21569183713280585,
                        "R_macro_doc_std": 0.24172518613200572,
                        "F1_macro_doc_std": 0.17600336772832953
                    },
                    "exact": {
                        "correct": 136,
                        "incorrect": 4,
                        "partial": 0,
                        "missed": 14,
                        "spurious": 14,
                        "possible": 154,
                        "actual": 154,
                        "TP": 136,
                        "FP": 18,
                        "FN": 18,
                        "P_micro": 0.8831168831168831,
                        "R_micro": 0.8831168831168831,
                        "F1_micro": 0.8831168831168831,
                        "P_macro_doc": 0.9135964912280702,
                        "R_macro_doc": 0.896123321123321,
                        "F1_macro_doc": 0.9185974025974026,
                        "P_macro_doc_std": 0.24554079421781508,
                        "R_macro_doc_std": 0.2707022577190658,
                        "F1_macro_doc_std": 0.21603637713865867
                    }
                },
                "PERS": {
                    "partial": {
                        "correct": 0,
                        "incorrect": 0,
                        "partial": 2,
                        "missed": 7,
                        "spurious": 3,
                        "possible": 9,
                        "actual": 5,
                        "TP": 0,
                        "FP": 5,
                        "FN": 9,
                        "P_micro": 0.2,
                        "R_micro": 0.1111111111111111,
                        "F1_micro": 0.14285714285714285,
                        "P_macro_doc": 0.2,
                        "R_macro_doc": 0.1111111111111111,
                        "F1_macro_doc": 0.5,
                        "P_macro_doc_std": 0.24494897427831783,
                        "R_macro_doc_std": 0.20786985482077452,
                        "F1_macro_doc_std": 0.0
                    },
                    "strict": {
                        "correct": 0,
                        "incorrect": 2,
                        "partial": 0,
                        "missed": 7,
                        "spurious": 3,
                        "possible": 9,
                        "actual": 5,
                        "TP": 0,
                        "FP": 5,
                        "FN": 9,
                        "P_micro": 0.0,
                        "R_micro": 0.0,
                        "F1_micro": 0,
                        "P_macro_doc": 0.0,
                        "R_macro_doc": 0.0,
                        "F1_macro_doc": 0.0,
                        "P_macro_doc_std": 0.0,
                        "R_macro_doc_std": 0.0,
                        "F1_macro_doc_std": 0.0
                    },
                    "ent_type": {
                        "correct": 0,
                        "incorrect": 2,
                        "partial": 0,
                        "missed": 7,
                        "spurious": 3,
                        "possible": 9,
                        "actual": 5,
                        "TP": 0,
                        "FP": 5,
                        "FN": 9,
                        "P_micro": 0.0,
                        "R_micro": 0.0,
                        "F1_micro": 0,
                        "P_macro_doc": 0.0,
                        "R_macro_doc": 0.0,
                        "F1_macro_doc": 0.0,
                        "P_macro_doc_std": 0.0,
                        "R_macro_doc_std": 0.0,
                        "F1_macro_doc_std": 0.0
                    },
                    "exact": {
                        "correct": 0,
                        "incorrect": 2,
                        "partial": 0,
                        "missed": 7,
                        "spurious": 3,
                        "possible": 9,
                        "actual": 5,
                        "TP": 0,
                        "FP": 5,
                        "FN": 9,
                        "P_micro": 0.0,
                        "R_micro": 0.0,
                        "F1_micro": 0,
                        "P_macro_doc": 0.0,
                        "R_macro_doc": 0.0,
                        "F1_macro_doc": 0.0,
                        "P_macro_doc_std": 0.0,
                        "R_macro_doc_std": 0.0,
                        "F1_macro_doc_std": 0.0
                    }
                },
                "ALL": {
                    "partial": {
                        "correct": 136,
                        "incorrect": 0,
                        "partial": 6,
                        "missed": 21,
                        "spurious": 17,
                        "possible": 163,
                        "actual": 159,
                        "TP": 136,
                        "FP": 23,
                        "FN": 27,
                        "P_micro": 0.8742138364779874,
                        "R_micro": 0.852760736196319,
                        "F1_micro": 0.8633540372670807,