{
    "NE-COARSE-LIT": {
        "TIME-ALL": {
            "LED-ALL": {
                "ORG": {
                    "partial": {
                        "correct": 20,
                        "incorrect": 0,
                        "partial": 0,
                        "missed": 3,
                        "spurious": 5,
                        "possible": 23,
                        "actual": 25,
                        "TP": 20,
                        "FP": 5,
                        "FN": 3,
                        "P_micro": 0.8,
                        "R_micro": 0.8695652173913043,
                        "F1_micro": 0.8333333333333333,
                        "P_macro_doc": 0.8666666666666667,
                        "R_macro_doc": 0.8333333333333334,
                        "F1_macro_doc": 0.9743589743589743,
                        "P_macro_doc_std": 0.33993463423951903,
                        "R_macro_doc_std": 0.3496029493900505,
                        "F1_macro_doc_std": 0.0888231183368655
                    },
                    "strict": {
                        "correct": 20,
                        "incorrect": 0,
                        "partial": 0,
                        "missed": 3,
                        "spurious": 5,
                        "possible": 23,
                        "actual": 25,
                        "TP": 20,
                        "FP": 5,
                        "FN": 3,
                        "P_micro": 0.8,
                        "R_micro": 0.8695652173913043,
                        "F1_micro": 0.8333333333333333,
                        "P_macro_doc": 0.8666666666666667,
                        "R_macro_doc": 0.8333333333333334,
                        "F1_macro_doc": 0.9743589743589743,
                        "P_macro_doc_std": 0.33993463423951903,
                        "R_macro_doc_std": 0.3496029493900505,
                        "F1_macro_doc_std": 0.0888231183368655
                    },
                    "ent_type": {
                        "correct": 20,
                        "incorrect": 0,
                        "partial": 0,
                        "missed": 3,
                        "spurious": 5,
                        "possible": 23,
                        "actual": 25,
                        "TP": 20,
                        "FP": 5,
                        "FN": 3,
                        "P_micro": 0.8,
                        "R_micro": 0.8695652173913043,
                        "F1_micro": 0.8333333333333333,
                        "P_macro_doc": 0.8666666666666667,
                        "R_macro_doc": 0.8333333333333334,
                        "F1_macro_doc": 0.9743589743589743,
                        "P_macro_doc_std": 0.33993463423951903,
                        "R_macro_doc_std": 0.3496029493900505,
                        "F1_macro_doc_std": 0.0888231183368655
                    },
                    "exact": {
                        "correct": 20,
                        "incorrect": 0,
                        "partial": 0,
                        "missed": 3,
                        "spurious": 5,
                        "possible": 23,
                        "actual": 25,
                        "TP": 20,
                        "FP": 5,
                        "FN": 3,
                        "P_micro": 0.8,
                        "R_micro": 0.8695652173913043,
                        "F1_micro": 0.8333333333333333,
                        "P_macro_doc": 0.8666666666666667,
                        "R_macro_doc": 0.8333333333333334,
                        "F1_macro_doc": 0.9743589743589743,
                        "P_macro_doc_std": 0.33993463423951903,
                        "R_macro_doc_std": 0.3496029493900505,
                        "F1_macro_doc_std": 0.0888231183368655
                    }
                },
                "PERS": {
                    "partial": {
                        "correct": 0,
                        "incorrect": 0,
                        "partial": 0,
                        "missed": 3,
                        "spurious": 4,
                        "possible": 3,
                        "actual": 4,
                        "TP": 0,
                        "FP": 4,
                        "FN": 3,
                        "P_micro": 0.0,
                        "R_micro": 0.0,
                        "F1_micro": 0,
                        "P_macro_doc": 0.0,
                        "R_macro_doc": 0.0,
                        "F1_macro_doc": null,
                        "P_macro_doc_std": 0.0,
                        "R_macro_doc_std": 0.0,
                        "F1_macro_doc_std": null
                    },
                    "strict": {
                        "correct": 0,
                        "incorrect": 0,
                        "partial": 0,
                        "missed": 3,
                        "spurious": 4,
                        "possible": 3,
                        "actual": 4,
                        "TP": 0,
                        "FP": 4,
                        "FN": 3,
                        "P_micro": 0.0,
                        "R_micro": 0.0,
                        "F1_micro": 0,
                        "P_macro_doc": 0.0,
                        "R_macro_doc": 0.0,
                        "F1_macro_doc": null,
                        "P_macro_doc_std": 0.0,
                        "R_macro_doc_std": 0.0,
                        "F1_macro_doc_std": null
                    },
                    "ent_type": {
                        "correct": 0,
                        "incorrect": 0,
                        "partial": 0,
                        "missed": 3,
                        "spurious": 4,
                        "possible": 3,
                        "actual": 4,
                        "TP": 0,
                        "FP": 4,
                        "FN": 3,
                        "P_micro": 0.0,
                        "R_micro": 0.0,
                        "F1_micro": 0,
                        "P_macro_doc": 0.0,
                        "R_macro_doc": 0.0,
                        "F1_macro_doc": null,
                        "P_macro_doc_std": 0.0,
                        "R_macro_doc_std": 0.0,
                        "F1_macro_doc_std": null
                    },
                    "exact": {
                        "correct": 0,
                        "incorrect": 0,
                        "partial": 0,
                        "missed": 3,
                        "spurious": 4,
                        "possible": 3,
                        "actual": 4,
                        "TP": 0,
                        "FP": 4,
                        "FN": 3,
                        "P_micro": 0.0,
                        "R_micro": 0.0,
                        "F1_micro": 0,
                        "P_macro_doc": 0.0,
                        "R_macro_doc": 0.0,
                        "F1_macro_doc": null,
                        "P_macro_doc_std": 0.0,
                        "R_macro_doc_std": 0.0,
                        "F1_macro_doc_std": null
                    }
                },
                "ALL": {
                    "partial": {
                        "correct": 20,
                        "incorrect": 0,
                        "partial": 0,
                        "missed": 6,
                        "spurious": 9,
                        "possible": 26,
                        "actual": 29,
                        "TP": 20,
                        "FP": 9,
                        "FN": 6,
                        "P_micro": 0.6896551724137931,
                        "R_micro": 0.7692307692307693,
                        "F1_micro": 0.7272727272727274,
                        "P_macro_doc": 0.8125,
                        "R_macro_doc": 0.7291666666666666,
                        "F1_macro_doc": 0.9333333333333333,