{
    "NE-COARSE-LIT": {
        "TIME-ALL": {
            "LED-ALL": {
                "PERS": {
                    "partial": {
                        "correct": 3,
                        "incorrect": 0,
                        "partial": 0,
                        "missed": 6,
                        "spurious": 2,
                        "possible": 9,
                        "actual": 5,
                        "TP": 3,
                        "FP": 2,
                        "FN": 6,
                        "P_micro": 0.6,
                        "R_micro": 0.3333333333333333,
                        "F1_micro": 0.42857142857142855,
                        "P_macro_doc": 0.75,
                        "R_macro_doc": 0.3333333333333333,
                        "F1_macro_doc": 1.0,
                        "P_macro_doc_std": 0.4330127018922193,
                        "R_macro_doc_std": 0.4714045207910317,
                        "F1_macro_doc_std": 0.0
                    },
                    "strict": {
                        "correct": 3,
                        "incorrect": 0,
                        "partial": 0,
                        "missed": 6,
                        "spurious": 2,
                        "possible": 9,
                        "actual": 5,
                        "TP": 3,
                        "FP": 2,
                        "FN": 6,
                        "P_micro": 0.6,
                        "R_micro": 0.3333333333333333,
                        "F1_micro": 0.42857142857142855,
                        "P_macro_doc": 0.75,
                        "R_macro_doc": 0.3333333333333333,
                        "F1_macro_doc": 1.0,
                        "P_macro_doc_std": 0.4330127018922193,
                        "R_macro_doc_std": 0.4714045207910317,
                        "F1_macro_doc_std": 0.0
                    },
                    "ent_type": {
                        "correct": 3,
                        "incorrect": 0,
                        "partial": 0,
                        "missed": 6,
                        "spurious": 2,
                        "possible": 9,
                        "actual": 5,
                        "TP": 3,
                        "FP": 2,
                        "FN": 6,
                        "P_micro": 0.6,
                        "R_micro": 0.3333333333333333,
                        "F1_micro": 0.42857142857142855,
                        "P_macro_doc": 0.75,
                        "R_macro_doc": 0.3333333333333333,
                        "F1_macro_doc": 1.0,
                        "P_macro_doc_std": 0.4330127018922193,
                        "R_macro_doc_std": 0.4714045207910317,
                        "F1_macro_doc_std": 0.0
                    },
                    "exact": {
                        "correct": 3,
                        "incorrect": 0,
                        "partial": 0,
                        "missed": 6,
                        "spurious": 2,
                        "possible": 9,
                        "actual": 5,
                        "TP": 3,
                        "FP": 2,
                        "FN": 6,
                        "P_micro": 0.6,
                        "R_micro": 0.3333333333333333,
                        "F1_micro": 0.42857142857142855,
                        "P_macro_doc": 0.75,
                        "R_macro_doc": 0.3333333333333333,
                        "F1_macro_doc": 1.0,
                        "P_macro_doc_std": 0.4330127018922193,
                        "R_macro_doc_std": 0.4714045207910317,
                        "F1_macro_doc_std": 0.0
                    }
                },
                "ORG": {
                    "partial": {
                        "correct": 128,
                        "incorrect": 0,
                        "partial": 5,
                        "missed": 21,
                        "spurious": 11,
                        "possible": 154,
                        "actual": 144,
                        "TP": 128,
                        "FP": 16,
                        "FN": 26,
                        "P_micro": 0.90625,
                        "R_micro": 0.8474025974025974,
                        "F1_micro": 0.8758389261744967,
                        "P_macro_doc": 0.9069548872180452,
                        "R_macro_doc": 0.876121794871795,
                        "F1_macro_doc": 0.9304502955187887,
                        "P_macro_doc_std": 0.2582675681618122,
                        "R_macro_doc_std": 0.2824682051753921,
                        "F1_macro_doc_std": 0.1753386868376998
                    },
                    "strict": {
                        "correct": 128,
                        "incorrect": 5,
                        "partial": 0,
                        "missed": 21,
                        "spurious": 11,
                        "possible": 154,
                        "actual": 144,
                        "TP": 128,
                        "FP": 16,
                        "FN": 26,
                        "P_micro": 0.8888888888888888,
                        "R_micro": 0.8311688311688312,
                        "F1_micro": 0.8590604026845637,
                        "P_macro_doc": 0.8961466165413534,
                        "R_macro_doc": 0.8642551892551893,
                        "F1_macro_doc": 0.9193609282650378,
                        "P_macro_doc_std": 0.2727080840654366,
                        "R_macro_doc_std": 0.3005691984731317,
                        "F1_macro_doc_std": 0.2029595807547363
                    },
                    "ent_type": {
                        "correct": 133,
                        "incorrect": 0,
                        "partial": 0,
                        "missed": 21,
                        "spurious": 11,
                        "possible": 154,
                        "actual": 144,
                        "TP": 133,
                        "FP": 11,
                        "FN": 21,
                        "P_micro": 0.9236111111111112,
                        "R_micro": 0.8636363636363636,
                        "F1_micro": 0.8926174496644295,
                        "P_macro_doc": 0.9177631578947368,
                        "R_macro_doc": 0.8879884004884004,
                        "F1_macro_doc": 0.9415396627725394,
                        "P_macro_doc_std": 0.2512735911114172,
                        "R_macro_doc_std": 0.27696069776317594,
                        "F1_macro_doc_std": 0.15778005126641087
                    },
                    "exact": {
                        "correct": 128,
                        "incorrect": 5,
                        "partial": 0,
                        "missed": 21,
                        "spurious": 11,
                        "possible": 154,
                        "actual": 144,
                        "TP": 128,
                        "FP": 16,
                        "FN": 26,
                        "P_micro": 0.8888888888888888,
                        "R_micro": 0.8311688311688312,
                        "F1_micro": 0.8590604026845637,
                        "P_macro_doc": 0.8961466165413534,
                        "R_macro_doc": 0.8642551892551893,
                        "F1_macro_doc": 0.9193609282650378,
                        "P_macro_doc_std": 0.2727080840654366,
                        "R_macro_doc_std": 0.3005691984731317,
                        "F1_macro_doc_std": 0.2029595807547363
                    }
                },
                "ALL": {
                    "partial": {
                        "correct": 131,
                        "incorrect": 0,
                        "partial": 5,
                        "missed": 27,
                        "spurious": 13,
                        "possible": 163,
                        "actual": 149,
                        "TP": 131,