{
    "NE-COARSE-LIT": {
        "TIME-ALL": {
            "LED-ALL": {
                "ORG": {
                    "partial": {
                        "correct": 94,
                        "incorrect": 0,
                        "partial": 4,
                        "missed": 12,
                        "spurious": 27,
                        "possible": 110,
                        "actual": 125,
                        "TP": 94,
                        "FP": 31,
                        "FN": 16,
                        "P_micro": 0.768,
                        "R_micro": 0.8727272727272727,
                        "F1_micro": 0.8170212765957446,
                        "P_macro_doc": 0.8590367965367965,
                        "R_macro_doc": 0.8936868686868688,
                        "F1_macro_doc": 0.9192445547284257,
                        "P_macro_doc_std": 0.28700249044106624,
                        "R_macro_doc_std": 0.2568221546527828,
                        "F1_macro_doc_std": 0.1543937457676631
                    },
                    "strict": {
                        "correct": 94,
                        "incorrect": 4,
                        "partial": 0,
                        "missed": 12,
                        "spurious": 27,
                        "possible": 110,
                        "actual": 125,
                        "TP": 94,
                        "FP": 31,
                        "FN": 16,
                        "P_micro": 0.752,
                        "R_micro": 0.8545454545454545,
                        "F1_micro": 0.7999999999999999,
                        "P_macro_doc": 0.8457792207792207,
                        "R_macro_doc": 0.8772727272727272,
                        "F1_macro_doc": 0.9040115798180313,
                        "P_macro_doc_std": 0.3086514500658155,
                        "R_macro_doc_std": 0.2809411246486078,
                        "F1_macro_doc_std": 0.19878196470351633
                    },
                    "ent_type": {
                        "correct": 98,
                        "incorrect": 0,
                        "partial": 0,
                        "missed": 12,
                        "spurious": 27,
                        "possible": 110,
                        "actual": 125,
                        "TP": 98,
                        "FP": 27,
                        "FN": 12,
                        "P_micro": 0.784,
                        "R_micro": 0.8909090909090909,
                        "F1_micro": 0.8340425531914893,
                        "P_macro_doc": 0.8722943722943722,
                        "R_macro_doc": 0.9101010101010102,
                        "F1_macro_doc": 0.9344775296388198,
                        "P_macro_doc_std": 0.2796874072201201,
                        "R_macro_doc_std": 0.25219372176690485,
                        "F1_macro_doc_std": 0.13398275806295595
                    },
                    "exact": {
                        "correct": 94,
                        "incorrect": 4,
                        "partial": 0,
                        "missed": 12,
                        "spurious": 27,
                        "possible": 110,
                        "actual": 125,
                        "TP": 94,
                        "FP": 31,
                        "FN": 16,
                        "P_micro": 0.752,
                        "R_micro": 0.8545454545454545,
                        "F1_micro": 0.7999999999999999,
                        "P_macro_doc": 0.8457792207792207,
                        "R_macro_doc": 0.8772727272727272,
                        "F1_macro_doc": 0.9040115798180313,
                        "P_macro_doc_std": 0.3086514500658155,
                        "R_macro_doc_std": 0.2809411246486078,
                        "F1_macro_doc_std": 0.19878196470351633
                    }
                },
                "PERS": {
                    "partial": {
                        "correct": 1,
                        "incorrect": 0,
                        "partial": 0,
                        "missed": 3,
                        "spurious": 3,
                        "possible": 4,
                        "actual": 4,
                        "TP": 1,
                        "FP": 3,
                        "FN": 3,
                        "P_micro": 0.25,
                        "R_micro": 0.25,
                        "F1_micro": 0.25,
                        "P_macro_doc": 0.25,
                        "R_macro_doc": 0.16666666666666666,
                        "F1_macro_doc": 0.6666666666666666,
                        "P_macro_doc_std": 0.4330127018922193,
                        "R_macro_doc_std": 0.23570226039551584,
                        "F1_macro_doc_std": 0.0
                    },
                    "strict": {
                        "correct": 1,
                        "incorrect": 0,
                        "partial": 0,
                        "missed": 3,
                        "spurious": 3,
                        "possible": 4,
                        "actual": 4,
                        "TP": 1,
                        "FP": 3,
                        "FN": 3,
                        "P_micro": 0.25,
                        "R_micro": 0.25,
                        "F1_micro": 0.25,
                        "P_macro_doc": 0.25,
                        "R_macro_doc": 0.16666666666666666,
                        "F1_macro_doc": 0.6666666666666666,
                        "P_macro_doc_std": 0.4330127018922193,
                        "R_macro_doc_std": 0.23570226039551584,
                        "F1_macro_doc_std": 0.0
                    },
                    "ent_type": {
                        "correct": 1,
                        "incorrect": 0,
                        "partial": 0,
                        "missed": 3,
                        "spurious": 3,
                        "possible": 4,
                        "actual": 4,
                        "TP": 1,
                        "FP": 3,
                        "FN": 3,
                        "P_micro": 0.25,
                        "R_micro": 0.25,
                        "F1_micro": 0.25,
                        "P_macro_doc": 0.25,
                        "R_macro_doc": 0.16666666666666666,
                        "F1_macro_doc": 0.6666666666666666,
                        "P_macro_doc_std": 0.4330127018922193,
                        "R_macro_doc_std": 0.23570226039551584,
                        "F1_macro_doc_std": 0.0
                    },
                    "exact": {
                        "correct": 1,
                        "incorrect": 0,
                        "partial": 0,
                        "missed": 3,
                        "spurious": 3,
                        "possible": 4,
                        "actual": 4,
                        "TP": 1,
                        "FP": 3,
                        "FN": 3,
                        "P_micro": 0.25,
                        "R_micro": 0.25,
                        "F1_micro": 0.25,
                        "P_macro_doc": 0.25,
                        "R_macro_doc": 0.16666666666666666,
                        "F1_macro_doc": 0.6666666666666666,
                        "P_macro_doc_std": 0.4330127018922193,
                        "R_macro_doc_std": 0.23570226039551584,
                        "F1_macro_doc_std": 0.0
                    }
                },
                "ALL": {
                    "partial": {
                        "correct": 95,
                        "incorrect": 0,
                        "partial": 4,
                        "missed": 15,
                        "spurious": 30,
                        "possible": 114,
                        "actual": 129,
                        "TP": 95,
                        "FP": 34,
                        "FN": 19,