{
    "NE-COARSE-LIT": {
        "TIME-ALL": {
            "LED-ALL": {
                "ORG": {
                    "partial": {
                        "correct": 122,
                        "incorrect": 0,
                        "partial": 8,
                        "missed": 24,
                        "spurious": 13,
                        "possible": 154,
                        "actual": 143,
                        "TP": 122,
                        "FP": 21,
                        "FN": 32,
                        "P_micro": 0.8811188811188811,
                        "R_micro": 0.8181818181818182,
                        "F1_micro": 0.8484848484848485,
                        "P_macro_doc": 0.8765350877192983,
                        "R_macro_doc": 0.8428342490842491,
                        "F1_macro_doc": 0.9066566920733587,
                        "P_macro_doc_std": 0.2866316996164107,
                        "R_macro_doc_std": 0.30864470883002554,
                        "F1_macro_doc_std": 0.20046112200649946
                    },
                    "strict": {
                        "correct": 121,
                        "incorrect": 9,
                        "partial": 0,
                        "missed": 24,
                        "spurious": 13,
                        "possible": 154,
                        "actual": 143,
                        "TP": 121,
                        "FP": 22,
                        "FN": 33,
                        "P_micro": 0.8461538461538461,
                        "R_micro": 0.7857142857142857,
                        "F1_micro": 0.8148148148148148,
                        "P_macro_doc": 0.8517543859649123,
                        "R_macro_doc": 0.8206654456654456,
                        "F1_macro_doc": 0.8833652458652458,
                        "P_macro_doc_std": 0.31722686998765853,
                        "R_macro_doc_std": 0.33420515319489336,
                        "F1_macro_doc_std": 0.24477032941549667
                    },
                    "ent_type": {
                        "correct": 128,
                        "incorrect": 2,
                        "partial": 0,
                        "missed": 24,
                        "spurious": 13,
                        "possible": 154,
                        "actual": 143,
                        "TP": 128,
                        "FP": 15,
                        "FN": 26,
                        "P_micro": 0.8951048951048951,
                        "R_micro": 0.8311688311688312,
                        "F1_micro": 0.861952861952862,
                        "P_macro_doc": 0.8921052631578948,
                        "R_macro_doc": 0.8573107448107448,
                        "F1_macro_doc": 0.920997520997521,
                        "P_macro_doc_std": 0.2771048327526466,
                        "R_macro_doc_std": 0.30337485102425343,
                        "F1_macro_doc_std": 0.17964747045742813
                    },
                    "exact": {
                        "correct": 122,
                        "incorrect": 8,
                        "partial": 0,
                        "missed": 24,
                        "spurious": 13,
                        "possible": 154,
                        "actual": 143,
                        "TP": 122,
                        "FP": 21,
                        "FN": 32,
                        "P_micro": 0.8531468531468531,
                        "R_micro": 0.7922077922077922,
                        "F1_micro": 0.8215488215488216,
                        "P_macro_doc": 0.8550438596491228,
                        "R_macro_doc": 0.8232295482295482,
                        "F1_macro_doc": 0.8864516656183323,
                        "P_macro_doc_std": 0.3174507805571301,
                        "R_macro_doc_std": 0.333268229273065,
                        "F1_macro_doc_std": 0.24341572192631977
                    }
                },
                "PERS": {
                    "partial": {
                        "correct": 0,
                        "incorrect": 0,
                        "partial": 0,
                        "missed": 9,
                        "spurious": 4,
                        "possible": 9,
                        "actual": 4,
                        "TP": 0,
                        "FP": 4,
                        "FN": 9,
                        "P_micro": 0.0,
                        "R_micro": 0.0,
                        "F1_micro": 0,
                        "P_macro_doc": 0.0,
                        "R_macro_doc": 0.0,
                        "F1_macro_doc": null,
                        "P_macro_doc_std": 0.0,
                        "R_macro_doc_std": 0.0,
                        "F1_macro_doc_std": null
                    },
                    "strict": {
                        "correct": 0,
                        "incorrect": 0,
                        "partial": 0,
                        "missed": 9,
                        "spurious": 4,
                        "possible": 9,
                        "actual": 4,
                        "TP": 0,
                        "FP": 4,
                        "FN": 9,
                        "P_micro": 0.0,
                        "R_micro": 0.0,
                        "F1_micro": 0,
                        "P_macro_doc": 0.0,
                        "R_macro_doc": 0.0,
                        "F1_macro_doc": null,
                        "P_macro_doc_std": 0.0,
                        "R_macro_doc_std": 0.0,
                        "F1_macro_doc_std": null
                    },
                    "ent_type": {
                        "correct": 0,
                        "incorrect": 0,
                        "partial": 0,
                        "missed": 9,
                        "spurious": 4,
                        "possible": 9,
                        "actual": 4,
                        "TP": 0,
                        "FP": 4,
                        "FN": 9,
                        "P_micro": 0.0,
                        "R_micro": 0.0,
                        "F1_micro": 0,
                        "P_macro_doc": 0.0,
                        "R_macro_doc": 0.0,
                        "F1_macro_doc": null,
                        "P_macro_doc_std": 0.0,
                        "R_macro_doc_std": 0.0,
                        "F1_macro_doc_std": null
                    },
                    "exact": {
                        "correct": 0,
                        "incorrect": 0,
                        "partial": 0,
                        "missed": 9,
                        "spurious": 4,
                        "possible": 9,
                        "actual": 4,
                        "TP": 0,
                        "FP": 4,
                        "FN": 9,
                        "P_micro": 0.0,
                        "R_micro": 0.0,
                        "F1_micro": 0,
                        "P_macro_doc": 0.0,
                        "R_macro_doc": 0.0,
                        "F1_macro_doc": null,
                        "P_macro_doc_std": 0.0,
                        "R_macro_doc_std": 0.0,
                        "F1_macro_doc_std": null
                    }
                },
                "ALL": {
                    "partial": {
                        "correct": 122,
                        "incorrect": 0,
                        "partial": 8,
                        "missed": 33,
                        "spurious": 17,
                        "possible": 163,
                        "actual": 147,
                        "TP": 122,
                        "FP": 25,
                        "FN": 41,
                        "P_micro": 0.8571428571428571,
                        "R_micro": 0.7730061349693251,
                        "F1_micro": 0.8129032258064516,
                        "P_macro_doc": 0.8411392405063292,