{"dev": {"global": {"loss": 0.003458746864821018, "precision": 0.746268656716418, "recall": 0.8928571428571429, "f1": 0.8130081300813009}, "sent-level": null, "token-level": "                             precision    recall  f1-score   support\n\n    org.ent.pressagency.AFP     0.7368    1.0000    0.8485        14\n     org.ent.pressagency.AP     0.8571    0.7500    0.8000         8\norg.ent.pressagency.ATS-SDA     0.8276    1.0000    0.9057        24\n    org.ent.pressagency.DNB     1.0000    1.0000    1.0000         3\n    org.ent.pressagency.DPA     0.0000    0.0000    0.0000         0\n  org.ent.pressagency.Extel     0.0000    0.0000    0.0000         1\n  org.ent.pressagency.Havas     0.8333    0.9615    0.8929        26\norg.ent.pressagency.Reuters     0.9000    0.9474    0.9231        19\norg.ent.pressagency.Stefani     1.0000    1.0000    1.0000         1\n org.ent.pressagency.UP-UPI     1.0000    1.0000    1.0000         4\n  org.ent.pressagency.Wolff     0.6000    1.0000    0.7500         3\n     org.ent.pressagency.ag     0.5000    1.0000    0.6667         1\n    org.ent.pressagency.unk     0.0000    0.0000    0.0000         4\n     pers.ind.articleauthor     0.2500    0.2500    0.2500         4\n\n                  micro avg     0.7463    0.8929    0.8130       112\n                  macro avg     0.6075    0.7078    0.6455       112\n               weighted avg     0.7777    0.8929    0.8275       112\n"}, "test": {"global": {"loss": 0.006079498457493877, "precision": 0.8427672955974843, "recall": 0.8427672955974843, "f1": 0.8427672955974843}, "sent-level": null, "token-level": "                             precision    recall  f1-score   support\n\n    org.ent.pressagency.AFP     0.9524    1.0000    0.9756        20\n   org.ent.pressagency.ANSA     0.0000    0.0000    0.0000         1\n     org.ent.pressagency.AP     0.6667    1.0000    0.8000         6\n    org.ent.pressagency.APA     0.0000    0.0000    0.0000         1\norg.ent.pressagency.ATS-SDA     1.0000    0.9565    0.9778        23\n    org.ent.pressagency.DNB     1.0000    0.6667    0.8000         3\n    org.ent.pressagency.DPA     1.0000    1.0000    1.0000         2\n  org.ent.pressagency.Havas     0.8421    0.9412    0.8889        34\n   org.ent.pressagency.Kipa     1.0000    1.0000    1.0000         1\norg.ent.pressagency.Reuters     0.9259    0.8929    0.9091        28\norg.ent.pressagency.Stefani     1.0000    1.0000    1.0000         2\n org.ent.pressagency.UP-UPI     0.9333    1.0000    0.9655        14\n  org.ent.pressagency.Wolff     0.5000    0.7500    0.6000         4\n org.ent.pressagency.Xinhua     0.0000    0.0000    0.0000         1\n     org.ent.pressagency.ag     0.3333    0.6667    0.4444         3\n    org.ent.pressagency.unk     0.7500    0.4286    0.5455         7\n     pers.ind.articleauthor     0.0000    0.0000    0.0000         9\n\n                  micro avg     0.8428    0.8428    0.8428       159\n                  macro avg     0.6414    0.6649    0.6416       159\n               weighted avg     0.8171    0.8428    0.8236       159\n"}}