{
    "NE-COARSE-LIT": {
        "TIME-ALL": {
            "LED-ALL": {
                "ORG": {
                    "partial": {
                        "correct": 137,
                        "incorrect": 0,
                        "partial": 2,
                        "missed": 15,
                        "spurious": 15,
                        "possible": 154,
                        "actual": 154,
                        "TP": 137,
                        "FP": 17,
                        "FN": 17,
                        "P_micro": 0.8961038961038961,
                        "R_micro": 0.8961038961038961,
                        "F1_micro": 0.8961038961038962,
                        "P_macro_doc": 0.8927083333333332,
                        "R_macro_doc": 0.9120268620268621,
                        "F1_macro_doc": 0.94193154993155,
                        "P_macro_doc_std": 0.2902327101511245,
                        "R_macro_doc_std": 0.23693916447120808,
                        "F1_macro_doc_std": 0.1689240740277749
                    },
                    "strict": {
                        "correct": 137,
                        "incorrect": 2,
                        "partial": 0,
                        "missed": 15,
                        "spurious": 15,
                        "possible": 154,
                        "actual": 154,
                        "TP": 137,
                        "FP": 17,
                        "FN": 17,
                        "P_micro": 0.8896103896103896,
                        "R_micro": 0.8896103896103896,
                        "F1_micro": 0.8896103896103895,
                        "P_macro_doc": 0.8875,
                        "R_macro_doc": 0.9034798534798534,
                        "F1_macro_doc": 0.9352648832648831,
                        "P_macro_doc_std": 0.2993337509276968,
                        "R_macro_doc_std": 0.2554350458818153,
                        "F1_macro_doc_std": 0.19035538043171404
                    },
                    "ent_type": {
                        "correct": 139,
                        "incorrect": 0,
                        "partial": 0,
                        "missed": 15,
                        "spurious": 15,
                        "possible": 154,
                        "actual": 154,
                        "TP": 139,
                        "FP": 15,
                        "FN": 15,
                        "P_micro": 0.9025974025974026,
                        "R_micro": 0.9025974025974026,
                        "F1_micro": 0.9025974025974026,
                        "P_macro_doc": 0.8979166666666666,
                        "R_macro_doc": 0.9205738705738705,
                        "F1_macro_doc": 0.9485982165982166,
                        "P_macro_doc_std": 0.28473153778798566,
                        "R_macro_doc_std": 0.23239982157541583,
                        "F1_macro_doc_std": 0.1563660114212631
                    },
                    "exact": {
                        "correct": 137,
                        "incorrect": 2,
                        "partial": 0,
                        "missed": 15,
                        "spurious": 15,
                        "possible": 154,
                        "actual": 154,
                        "TP": 137,
                        "FP": 17,
                        "FN": 17,
                        "P_micro": 0.8896103896103896,
                        "R_micro": 0.8896103896103896,
                        "F1_micro": 0.8896103896103895,
                        "P_macro_doc": 0.8875,
                        "R_macro_doc": 0.9034798534798534,
                        "F1_macro_doc": 0.9352648832648831,
                        "P_macro_doc_std": 0.2993337509276968,
                        "R_macro_doc_std": 0.2554350458818153,
                        "F1_macro_doc_std": 0.19035538043171404
                    }
                },
                "PERS": {
                    "partial": {
                        "correct": 0,
                        "incorrect": 0,
                        "partial": 0,
                        "missed": 9,
                        "spurious": 4,
                        "possible": 9,
                        "actual": 4,
                        "TP": 0,
                        "FP": 4,
                        "FN": 9,
                        "P_micro": 0.0,
                        "R_micro": 0.0,
                        "F1_micro": 0,
                        "P_macro_doc": 0.0,
                        "R_macro_doc": 0.0,
                        "F1_macro_doc": 0.0,
                        "P_macro_doc_std": 0.0,
                        "R_macro_doc_std": 0.0,
                        "F1_macro_doc_std": 0.0
                    },
                    "strict": {
                        "correct": 0,
                        "incorrect": 0,
                        "partial": 0,
                        "missed": 9,
                        "spurious": 4,
                        "possible": 9,
                        "actual": 4,
                        "TP": 0,
                        "FP": 4,
                        "FN": 9,
                        "P_micro": 0.0,
                        "R_micro": 0.0,
                        "F1_micro": 0,
                        "P_macro_doc": 0.0,
                        "R_macro_doc": 0.0,
                        "F1_macro_doc": 0.0,
                        "P_macro_doc_std": 0.0,
                        "R_macro_doc_std": 0.0,
                        "F1_macro_doc_std": 0.0
                    },
                    "ent_type": {
                        "correct": 0,
                        "incorrect": 0,
                        "partial": 0,
                        "missed": 9,
                        "spurious": 4,
                        "possible": 9,
                        "actual": 4,
                        "TP": 0,
                        "FP": 4,
                        "FN": 9,
                        "P_micro": 0.0,
                        "R_micro": 0.0,
                        "F1_micro": 0,
                        "P_macro_doc": 0.0,
                        "R_macro_doc": 0.0,
                        "F1_macro_doc": 0.0,
                        "P_macro_doc_std": 0.0,
                        "R_macro_doc_std": 0.0,
                        "F1_macro_doc_std": 0.0
                    },
                    "exact": {
                        "correct": 0,
                        "incorrect": 0,
                        "partial": 0,
                        "missed": 9,
                        "spurious": 4,
                        "possible": 9,
                        "actual": 4,
                        "TP": 0,
                        "FP": 4,
                        "FN": 9,
                        "P_micro": 0.0,
                        "R_micro": 0.0,
                        "F1_micro": 0,
                        "P_macro_doc": 0.0,
                        "R_macro_doc": 0.0,
                        "F1_macro_doc": 0.0,
                        "P_macro_doc_std": 0.0,
                        "R_macro_doc_std": 0.0,
                        "F1_macro_doc_std": 0.0
                    }
                },
                "ALL": {
                    "partial": {
                        "correct": 137,
                        "incorrect": 0,
                        "partial": 2,
                        "missed": 24,
                        "spurious": 19,
                        "possible": 163,
                        "actual": 158,
                        "TP": 137,
                        "FP": 21,
                        "FN": 26,
                        "P_micro": 0.8734177215189873,
                        "R_micro": 0.8466257668711656,
                        "F1_micro": 0.8598130841121495,
                        "P_macro_doc": 0.866869918699187,