{
    "NE-COARSE-LIT": {
        "TIME-ALL": {
            "LED-ALL": {
                "ORG": {
                    "partial": {
                        "correct": 39,
                        "incorrect": 0,
                        "partial": 3,
                        "missed": 14,
                        "spurious": 11,
                        "possible": 56,
                        "actual": 53,
                        "TP": 39,
                        "FP": 14,
                        "FN": 17,
                        "P_micro": 0.7641509433962265,
                        "R_micro": 0.7232142857142857,
                        "F1_micro": 0.7431192660550459,
                        "P_macro_doc": 0.6645833333333333,
                        "R_macro_doc": 0.7438311688311688,
                        "F1_macro_doc": 0.7963010845363787,
                        "P_macro_doc_std": 0.41171537329945684,
                        "R_macro_doc_std": 0.3498718231430597,
                        "F1_macro_doc_std": 0.2814586739026296
                    },
                    "strict": {
                        "correct": 39,
                        "incorrect": 3,
                        "partial": 0,
                        "missed": 14,
                        "spurious": 11,
                        "possible": 56,
                        "actual": 53,
                        "TP": 39,
                        "FP": 14,
                        "FN": 17,
                        "P_micro": 0.7358490566037735,
                        "R_micro": 0.6964285714285714,
                        "F1_micro": 0.7155963302752294,
                        "P_macro_doc": 0.6416666666666666,
                        "R_macro_doc": 0.7194805194805195,
                        "F1_macro_doc": 0.7713010845363786,
                        "P_macro_doc_std": 0.41624979145807256,
                        "R_macro_doc_std": 0.36275228802289566,
                        "F1_macro_doc_std": 0.3075889504172229
                    },
                    "ent_type": {
                        "correct": 42,
                        "incorrect": 0,
                        "partial": 0,
                        "missed": 14,
                        "spurious": 11,
                        "possible": 56,
                        "actual": 53,
                        "TP": 42,
                        "FP": 11,
                        "FN": 14,
                        "P_micro": 0.7924528301886793,
                        "R_micro": 0.75,
                        "F1_micro": 0.7706422018348623,
                        "P_macro_doc": 0.6875,
                        "R_macro_doc": 0.7681818181818182,
                        "F1_macro_doc": 0.8213010845363786,
                        "P_macro_doc_std": 0.41614550740496203,
                        "R_macro_doc_std": 0.3495063139891751,
                        "F1_macro_doc_std": 0.26671089238907564
                    },
                    "exact": {
                        "correct": 39,
                        "incorrect": 3,
                        "partial": 0,
                        "missed": 14,
                        "spurious": 11,
                        "possible": 56,
                        "actual": 53,
                        "TP": 39,
                        "FP": 14,
                        "FN": 17,
                        "P_micro": 0.7358490566037735,
                        "R_micro": 0.6964285714285714,
                        "F1_micro": 0.7155963302752294,
                        "P_macro_doc": 0.6416666666666666,
                        "R_macro_doc": 0.7194805194805195,
                        "F1_macro_doc": 0.7713010845363786,
                        "P_macro_doc_std": 0.41624979145807256,
                        "R_macro_doc_std": 0.36275228802289566,
                        "F1_macro_doc_std": 0.3075889504172229
                    }
                },
                "PERS": {
                    "partial": {
                        "correct": 0,
                        "incorrect": 0,
                        "partial": 0,
                        "missed": 2,
                        "spurious": 0,
                        "possible": 2,
                        "actual": 0,
                        "TP": 0,
                        "FP": 0,
                        "FN": 2,
                        "P_micro": 0,
                        "R_micro": 0.0,
                        "F1_micro": 0,
                        "P_macro_doc": null,
                        "R_macro_doc": 0.0,
                        "F1_macro_doc": null,
                        "P_macro_doc_std": null,
                        "R_macro_doc_std": 0.0,
                        "F1_macro_doc_std": null
                    },
                    "strict": {
                        "correct": 0,
                        "incorrect": 0,
                        "partial": 0,
                        "missed": 2,
                        "spurious": 0,
                        "possible": 2,
                        "actual": 0,
                        "TP": 0,
                        "FP": 0,
                        "FN": 2,
                        "P_micro": 0,
                        "R_micro": 0.0,
                        "F1_micro": 0,
                        "P_macro_doc": null,
                        "R_macro_doc": 0.0,
                        "F1_macro_doc": null,
                        "P_macro_doc_std": null,
                        "R_macro_doc_std": 0.0,
                        "F1_macro_doc_std": null
                    },
                    "ent_type": {
                        "correct": 0,
                        "incorrect": 0,
                        "partial": 0,
                        "missed": 2,
                        "spurious": 0,
                        "possible": 2,
                        "actual": 0,
                        "TP": 0,
                        "FP": 0,
                        "FN": 2,
                        "P_micro": 0,
                        "R_micro": 0.0,
                        "F1_micro": 0,
                        "P_macro_doc": null,
                        "R_macro_doc": 0.0,
                        "F1_macro_doc": null,
                        "P_macro_doc_std": null,
                        "R_macro_doc_std": 0.0,
                        "F1_macro_doc_std": null
                    },
                    "exact": {
                        "correct": 0,
                        "incorrect": 0,
                        "partial": 0,
                        "missed": 2,
                        "spurious": 0,
                        "possible": 2,
                        "actual": 0,
                        "TP": 0,
                        "FP": 0,
                        "FN": 2,
                        "P_micro": 0,
                        "R_micro": 0.0,
                        "F1_micro": 0,
                        "P_macro_doc": null,
                        "R_macro_doc": 0.0,
                        "F1_macro_doc": null,
                        "P_macro_doc_std": null,
                        "R_macro_doc_std": 0.0,
                        "F1_macro_doc_std": null
                    }
                },
                "ALL": {
                    "partial": {
                        "correct": 39,
                        "incorrect": 0,
                        "partial": 3,
                        "missed": 16,
                        "spurious": 11,
                        "possible": 58,
                        "actual": 53,
                        "TP": 39,
                        "FP": 14,
                        "FN": 19,
                        "P_micro": 0.7641509433962265,
                        "R_micro": 0.6982758620689655,
                        "F1_micro": 0.7297297297297297,
                        "P_macro_doc": 0.6645833333333333,
                        "R_macro_doc": 0.7438311688311688,