{
    "NE-COARSE-LIT": {
        "TIME-ALL": {
            "LED-ALL": {
                "ORG": {
                    "partial": {
                        "correct": 124,
                        "incorrect": 0,
                        "partial": 7,
                        "missed": 23,
                        "spurious": 14,
                        "possible": 154,
                        "actual": 145,
                        "TP": 124,
                        "FP": 21,
                        "FN": 30,
                        "P_micro": 0.8793103448275862,
                        "R_micro": 0.827922077922078,
                        "F1_micro": 0.8528428093645486,
                        "P_macro_doc": 0.8855263157894736,
                        "R_macro_doc": 0.8552808302808302,
                        "F1_macro_doc": 0.9043367591312796,
                        "P_macro_doc_std": 0.2763502484778963,
                        "R_macro_doc_std": 0.2930718306950682,
                        "F1_macro_doc_std": 0.20482469467609868
                    },
                    "strict": {
                        "correct": 124,
                        "incorrect": 7,
                        "partial": 0,
                        "missed": 23,
                        "spurious": 14,
                        "possible": 154,
                        "actual": 145,
                        "TP": 124,
                        "FP": 21,
                        "FN": 30,
                        "P_micro": 0.8551724137931035,
                        "R_micro": 0.8051948051948052,
                        "F1_micro": 0.8294314381270904,
                        "P_macro_doc": 0.8598684210526315,
                        "R_macro_doc": 0.8286782661782661,
                        "F1_macro_doc": 0.8776244303641564,
                        "P_macro_doc_std": 0.32077411884152923,
                        "R_macro_doc_std": 0.33689943270449085,
                        "F1_macro_doc_std": 0.26881028281162905
                    },
                    "ent_type": {
                        "correct": 131,
                        "incorrect": 0,
                        "partial": 0,
                        "missed": 23,
                        "spurious": 14,
                        "possible": 154,
                        "actual": 145,
                        "TP": 131,
                        "FP": 14,
                        "FN": 23,
                        "P_micro": 0.903448275862069,
                        "R_micro": 0.8506493506493507,
                        "F1_micro": 0.8762541806020068,
                        "P_macro_doc": 0.9111842105263158,
                        "R_macro_doc": 0.8818833943833945,
                        "F1_macro_doc": 0.9310490878984028,
                        "P_macro_doc_std": 0.2601364374063772,
                        "R_macro_doc_std": 0.28129200253164505,
                        "F1_macro_doc_std": 0.17473485711168377
                    },
                    "exact": {
                        "correct": 124,
                        "incorrect": 7,
                        "partial": 0,
                        "missed": 23,
                        "spurious": 14,
                        "possible": 154,
                        "actual": 145,
                        "TP": 124,
                        "FP": 21,
                        "FN": 30,
                        "P_micro": 0.8551724137931035,
                        "R_micro": 0.8051948051948052,
                        "F1_micro": 0.8294314381270904,
                        "P_macro_doc": 0.8598684210526315,
                        "R_macro_doc": 0.8286782661782661,
                        "F1_macro_doc": 0.8776244303641564,
                        "P_macro_doc_std": 0.32077411884152923,
                        "R_macro_doc_std": 0.33689943270449085,
                        "F1_macro_doc_std": 0.26881028281162905
                    }
                },
                "PERS": {
                    "partial": {
                        "correct": 0,
                        "incorrect": 0,
                        "partial": 0,
                        "missed": 9,
                        "spurious": 5,
                        "possible": 9,
                        "actual": 5,
                        "TP": 0,
                        "FP": 5,
                        "FN": 9,
                        "P_micro": 0.0,
                        "R_micro": 0.0,
                        "F1_micro": 0,
                        "P_macro_doc": 0.0,
                        "R_macro_doc": 0.0,
                        "F1_macro_doc": null,
                        "P_macro_doc_std": 0.0,
                        "R_macro_doc_std": 0.0,
                        "F1_macro_doc_std": null
                    },
                    "strict": {
                        "correct": 0,
                        "incorrect": 0,
                        "partial": 0,
                        "missed": 9,
                        "spurious": 5,
                        "possible": 9,
                        "actual": 5,
                        "TP": 0,
                        "FP": 5,
                        "FN": 9,
                        "P_micro": 0.0,
                        "R_micro": 0.0,
                        "F1_micro": 0,
                        "P_macro_doc": 0.0,
                        "R_macro_doc": 0.0,
                        "F1_macro_doc": null,
                        "P_macro_doc_std": 0.0,
                        "R_macro_doc_std": 0.0,
                        "F1_macro_doc_std": null
                    },
                    "ent_type": {
                        "correct": 0,
                        "incorrect": 0,
                        "partial": 0,
                        "missed": 9,
                        "spurious": 5,
                        "possible": 9,
                        "actual": 5,
                        "TP": 0,
                        "FP": 5,
                        "FN": 9,
                        "P_micro": 0.0,
                        "R_micro": 0.0,
                        "F1_micro": 0,
                        "P_macro_doc": 0.0,
                        "R_macro_doc": 0.0,
                        "F1_macro_doc": null,
                        "P_macro_doc_std": 0.0,
                        "R_macro_doc_std": 0.0,
                        "F1_macro_doc_std": null
                    },
                    "exact": {
                        "correct": 0,
                        "incorrect": 0,
                        "partial": 0,
                        "missed": 9,
                        "spurious": 5,
                        "possible": 9,
                        "actual": 5,
                        "TP": 0,
                        "FP": 5,
                        "FN": 9,
                        "P_micro": 0.0,
                        "R_micro": 0.0,
                        "F1_micro": 0,
                        "P_macro_doc": 0.0,
                        "R_macro_doc": 0.0,
                        "F1_macro_doc": null,
                        "P_macro_doc_std": 0.0,
                        "R_macro_doc_std": 0.0,
                        "F1_macro_doc_std": null
                    }
                },
                "ALL": {
                    "partial": {
                        "correct": 124,
                        "incorrect": 0,
                        "partial": 7,
                        "missed": 32,
                        "spurious": 19,
                        "possible": 163,
                        "actual": 150,
                        "TP": 124,
                        "FP": 26,
                        "FN": 39,
                        "P_micro": 0.85,
                        "R_micro": 0.7822085889570553,
                        "F1_micro": 0.8146964856230032,
                        "P_macro_doc": 0.8481012658227848,