{
    "NE-COARSE-LIT": {
        "TIME-ALL": {
            "LED-ALL": {
                "ORG": {
                    "partial": {
                        "correct": 19,
                        "incorrect": 0,
                        "partial": 1,
                        "missed": 3,
                        "spurious": 13,
                        "possible": 23,
                        "actual": 33,
                        "TP": 19,
                        "FP": 14,
                        "FN": 4,
                        "P_micro": 0.5909090909090909,
                        "R_micro": 0.8478260869565217,
                        "F1_micro": 0.6964285714285714,
                        "P_macro_doc": 0.78125,
                        "R_macro_doc": 0.8,
                        "F1_macro_doc": 0.9358974358974359,
                        "P_macro_doc_std": 0.39404750665370286,
                        "R_macro_doc_std": 0.35590260840104376,
                        "F1_macro_doc_std": 0.15384615384615385
                    },
                    "strict": {
                        "correct": 19,
                        "incorrect": 1,
                        "partial": 0,
                        "missed": 3,
                        "spurious": 13,
                        "possible": 23,
                        "actual": 33,
                        "TP": 19,
                        "FP": 14,
                        "FN": 4,
                        "P_micro": 0.5757575757575758,
                        "R_micro": 0.8260869565217391,
                        "F1_micro": 0.6785714285714286,
                        "P_macro_doc": 0.75,
                        "R_macro_doc": 0.7666666666666667,
                        "F1_macro_doc": 0.8974358974358974,
                        "P_macro_doc_std": 0.4330127018922193,
                        "R_macro_doc_std": 0.4027681991198191,
                        "F1_macro_doc_std": 0.2737712372315721
                    },
                    "ent_type": {
                        "correct": 20,
                        "incorrect": 0,
                        "partial": 0,
                        "missed": 3,
                        "spurious": 13,
                        "possible": 23,
                        "actual": 33,
                        "TP": 20,
                        "FP": 13,
                        "FN": 3,
                        "P_micro": 0.6060606060606061,
                        "R_micro": 0.8695652173913043,
                        "F1_micro": 0.7142857142857143,
                        "P_macro_doc": 0.8125,
                        "R_macro_doc": 0.8333333333333334,
                        "F1_macro_doc": 0.9743589743589743,
                        "P_macro_doc_std": 0.3903123748998999,
                        "R_macro_doc_std": 0.3496029493900505,
                        "F1_macro_doc_std": 0.0888231183368655
                    },
                    "exact": {
                        "correct": 19,
                        "incorrect": 1,
                        "partial": 0,
                        "missed": 3,
                        "spurious": 13,
                        "possible": 23,
                        "actual": 33,
                        "TP": 19,
                        "FP": 14,
                        "FN": 4,
                        "P_micro": 0.5757575757575758,
                        "R_micro": 0.8260869565217391,
                        "F1_micro": 0.6785714285714286,
                        "P_macro_doc": 0.75,
                        "R_macro_doc": 0.7666666666666667,
                        "F1_macro_doc": 0.8974358974358974,
                        "P_macro_doc_std": 0.4330127018922193,
                        "R_macro_doc_std": 0.4027681991198191,
                        "F1_macro_doc_std": 0.2737712372315721
                    }
                },
                "PERS": {
                    "partial": {
                        "correct": 0,
                        "incorrect": 0,
                        "partial": 0,
                        "missed": 3,
                        "spurious": 0,
                        "possible": 3,
                        "actual": 0,
                        "TP": 0,
                        "FP": 0,
                        "FN": 3,
                        "P_micro": 0,
                        "R_micro": 0.0,
                        "F1_micro": 0,
                        "P_macro_doc": null,
                        "R_macro_doc": 0.0,
                        "F1_macro_doc": null,
                        "P_macro_doc_std": null,
                        "R_macro_doc_std": 0.0,
                        "F1_macro_doc_std": null
                    },
                    "strict": {
                        "correct": 0,
                        "incorrect": 0,
                        "partial": 0,
                        "missed": 3,
                        "spurious": 0,
                        "possible": 3,
                        "actual": 0,
                        "TP": 0,
                        "FP": 0,
                        "FN": 3,
                        "P_micro": 0,
                        "R_micro": 0.0,
                        "F1_micro": 0,
                        "P_macro_doc": null,
                        "R_macro_doc": 0.0,
                        "F1_macro_doc": null,
                        "P_macro_doc_std": null,
                        "R_macro_doc_std": 0.0,
                        "F1_macro_doc_std": null
                    },
                    "ent_type": {
                        "correct": 0,
                        "incorrect": 0,
                        "partial": 0,
                        "missed": 3,
                        "spurious": 0,
                        "possible": 3,
                        "actual": 0,
                        "TP": 0,
                        "FP": 0,
                        "FN": 3,
                        "P_micro": 0,
                        "R_micro": 0.0,
                        "F1_micro": 0,
                        "P_macro_doc": null,
                        "R_macro_doc": 0.0,
                        "F1_macro_doc": null,
                        "P_macro_doc_std": null,
                        "R_macro_doc_std": 0.0,
                        "F1_macro_doc_std": null
                    },
                    "exact": {
                        "correct": 0,
                        "incorrect": 0,
                        "partial": 0,
                        "missed": 3,
                        "spurious": 0,
                        "possible": 3,
                        "actual": 0,
                        "TP": 0,
                        "FP": 0,
                        "FN": 3,
                        "P_micro": 0,
                        "R_micro": 0.0,
                        "F1_micro": 0,
                        "P_macro_doc": null,
                        "R_macro_doc": 0.0,
                        "F1_macro_doc": null,
                        "P_macro_doc_std": null,
                        "R_macro_doc_std": 0.0,
                        "F1_macro_doc_std": null
                    }
                },
                "ALL": {
                    "partial": {
                        "correct": 19,
                        "incorrect": 0,
                        "partial": 1,
                        "missed": 6,
                        "spurious": 13,
                        "possible": 26,
                        "actual": 33,
                        "TP": 19,
                        "FP": 14,
                        "FN": 7,
                        "P_micro": 0.5909090909090909,
                        "R_micro": 0.75,
                        "F1_micro": 0.6610169491525425,
                        "P_macro_doc": 0.78125,
                        "R_macro_doc": 0.6979166666666666,
                        "F1_macro_doc": 0.8948717948717948,