{
    "NE-COARSE-LIT": {
        "TIME-ALL": {
            "LED-ALL": {
                "ORG": {
                    "partial": {
                        "correct": 41,
                        "incorrect": 0,
                        "partial": 1,
                        "missed": 14,
                        "spurious": 9,
                        "possible": 56,
                        "actual": 51,
                        "TP": 41,
                        "FP": 10,
                        "FN": 15,
                        "P_micro": 0.8137254901960784,
                        "R_micro": 0.7410714285714286,
                        "F1_micro": 0.7757009345794393,
                        "P_macro_doc": 0.7277462121212122,
                        "R_macro_doc": 0.8028138528138528,
                        "F1_macro_doc": 0.8487211618790569,
                        "P_macro_doc_std": 0.3801346205762834,
                        "R_macro_doc_std": 0.3000813530118821,
                        "F1_macro_doc_std": 0.16179702011475908
                    },
                    "strict": {
                        "correct": 41,
                        "incorrect": 1,
                        "partial": 0,
                        "missed": 14,
                        "spurious": 9,
                        "possible": 56,
                        "actual": 51,
                        "TP": 41,
                        "FP": 10,
                        "FN": 15,
                        "P_micro": 0.803921568627451,
                        "R_micro": 0.7321428571428571,
                        "F1_micro": 0.766355140186916,
                        "P_macro_doc": 0.7121212121212122,
                        "R_macro_doc": 0.7849567099567099,
                        "F1_macro_doc": 0.8294903926482876,
                        "P_macro_doc_std": 0.38401693747081367,
                        "R_macro_doc_std": 0.30996844293858894,
                        "F1_macro_doc_std": 0.18550771764290583
                    },
                    "ent_type": {
                        "correct": 42,
                        "incorrect": 0,
                        "partial": 0,
                        "missed": 14,
                        "spurious": 9,
                        "possible": 56,
                        "actual": 51,
                        "TP": 42,
                        "FP": 9,
                        "FN": 14,
                        "P_micro": 0.8235294117647058,
                        "R_micro": 0.75,
                        "F1_micro": 0.7850467289719627,
                        "P_macro_doc": 0.7433712121212122,
                        "R_macro_doc": 0.8206709956709956,
                        "F1_macro_doc": 0.867951931109826,
                        "P_macro_doc_std": 0.38582362551674704,
                        "R_macro_doc_std": 0.30382234539223896,
                        "F1_macro_doc_std": 0.16376561841828055
                    },
                    "exact": {
                        "correct": 41,
                        "incorrect": 1,
                        "partial": 0,
                        "missed": 14,
                        "spurious": 9,
                        "possible": 56,
                        "actual": 51,
                        "TP": 41,
                        "FP": 10,
                        "FN": 15,
                        "P_micro": 0.803921568627451,
                        "R_micro": 0.7321428571428571,
                        "F1_micro": 0.766355140186916,
                        "P_macro_doc": 0.7121212121212122,
                        "R_macro_doc": 0.7849567099567099,
                        "F1_macro_doc": 0.8294903926482876,
                        "P_macro_doc_std": 0.38401693747081367,
                        "R_macro_doc_std": 0.30996844293858894,
                        "F1_macro_doc_std": 0.18550771764290583
                    }
                },
                "PERS": {
                    "partial": {
                        "correct": 0,
                        "incorrect": 0,
                        "partial": 0,
                        "missed": 2,
                        "spurious": 0,
                        "possible": 2,
                        "actual": 0,
                        "TP": 0,
                        "FP": 0,
                        "FN": 2,
                        "P_micro": 0,
                        "R_micro": 0.0,
                        "F1_micro": 0,
                        "P_macro_doc": null,
                        "R_macro_doc": 0.0,
                        "F1_macro_doc": null,
                        "P_macro_doc_std": null,
                        "R_macro_doc_std": 0.0,
                        "F1_macro_doc_std": null
                    },
                    "strict": {
                        "correct": 0,
                        "incorrect": 0,
                        "partial": 0,
                        "missed": 2,
                        "spurious": 0,
                        "possible": 2,
                        "actual": 0,
                        "TP": 0,
                        "FP": 0,
                        "FN": 2,
                        "P_micro": 0,
                        "R_micro": 0.0,
                        "F1_micro": 0,
                        "P_macro_doc": null,
                        "R_macro_doc": 0.0,
                        "F1_macro_doc": null,
                        "P_macro_doc_std": null,
                        "R_macro_doc_std": 0.0,
                        "F1_macro_doc_std": null
                    },
                    "ent_type": {
                        "correct": 0,
                        "incorrect": 0,
                        "partial": 0,
                        "missed": 2,
                        "spurious": 0,
                        "possible": 2,
                        "actual": 0,
                        "TP": 0,
                        "FP": 0,
                        "FN": 2,
                        "P_micro": 0,
                        "R_micro": 0.0,
                        "F1_micro": 0,
                        "P_macro_doc": null,
                        "R_macro_doc": 0.0,
                        "F1_macro_doc": null,
                        "P_macro_doc_std": null,
                        "R_macro_doc_std": 0.0,
                        "F1_macro_doc_std": null
                    },
                    "exact": {
                        "correct": 0,
                        "incorrect": 0,
                        "partial": 0,
                        "missed": 2,
                        "spurious": 0,
                        "possible": 2,
                        "actual": 0,
                        "TP": 0,
                        "FP": 0,
                        "FN": 2,
                        "P_micro": 0,
                        "R_micro": 0.0,
                        "F1_micro": 0,
                        "P_macro_doc": null,
                        "R_macro_doc": 0.0,
                        "F1_macro_doc": null,
                        "P_macro_doc_std": null,
                        "R_macro_doc_std": 0.0,
                        "F1_macro_doc_std": null
                    }
                },
                "ALL": {
                    "partial": {
                        "correct": 41,
                        "incorrect": 0,
                        "partial": 1,
                        "missed": 16,
                        "spurious": 9,
                        "possible": 58,
                        "actual": 51,
                        "TP": 41,
                        "FP": 10,
                        "FN": 17,
                        "P_micro": 0.8137254901960784,
                        "R_micro": 0.7155172413793104,
                        "F1_micro": 0.761467889908257,
                        "P_macro_doc": 0.7277462121212122,
                        "R_macro_doc": 0.7551948051948052,