{
    "NE-COARSE-LIT": {
        "TIME-ALL": {
            "LED-ALL": {
                "ORG": {
                    "partial": {
                        "correct": 36,
                        "incorrect": 0,
                        "partial": 14,
                        "missed": 6,
                        "spurious": 15,
                        "possible": 56,
                        "actual": 65,
                        "TP": 36,
                        "FP": 29,
                        "FN": 20,
                        "P_micro": 0.6615384615384615,
                        "R_micro": 0.7678571428571429,
                        "F1_micro": 0.7107438016528925,
                        "P_macro_doc": 0.475,
                        "R_macro_doc": 0.8535714285714285,
                        "F1_macro_doc": 0.8647108843537415,
                        "P_macro_doc_std": 0.45657588466928306,
                        "R_macro_doc_std": 0.17849998570856856,
                        "F1_macro_doc_std": 0.16587847208404832
                    },
                    "strict": {
                        "correct": 36,
                        "incorrect": 14,
                        "partial": 0,
                        "missed": 6,
                        "spurious": 15,
                        "possible": 56,
                        "actual": 65,
                        "TP": 36,
                        "FP": 29,
                        "FN": 20,
                        "P_micro": 0.5538461538461539,
                        "R_micro": 0.6428571428571429,
                        "F1_micro": 0.5950413223140496,
                        "P_macro_doc": 0.4192307692307692,
                        "R_macro_doc": 0.7547077922077923,
                        "F1_macro_doc": 0.7636621315192744,
                        "P_macro_doc_std": 0.45806384402952016,
                        "R_macro_doc_std": 0.3310929455327436,
                        "F1_macro_doc_std": 0.32704578852088007
                    },
                    "ent_type": {
                        "correct": 50,
                        "incorrect": 0,
                        "partial": 0,
                        "missed": 6,
                        "spurious": 15,
                        "possible": 56,
                        "actual": 65,
                        "TP": 50,
                        "FP": 15,
                        "FN": 6,
                        "P_micro": 0.7692307692307693,
                        "R_micro": 0.8928571428571429,
                        "F1_micro": 0.8264462809917357,
                        "P_macro_doc": 0.5307692307692308,
                        "R_macro_doc": 0.9524350649350649,
                        "F1_macro_doc": 0.9657596371882088,
                        "P_macro_doc_std": 0.4928482609120414,
                        "R_macro_doc_std": 0.08225202565533243,
                        "F1_macro_doc_std": 0.0502834147563471
                    },
                    "exact": {
                        "correct": 36,
                        "incorrect": 14,
                        "partial": 0,
                        "missed": 6,
                        "spurious": 15,
                        "possible": 56,
                        "actual": 65,
                        "TP": 36,
                        "FP": 29,
                        "FN": 20,
                        "P_micro": 0.5538461538461539,
                        "R_micro": 0.6428571428571429,
                        "F1_micro": 0.5950413223140496,
                        "P_macro_doc": 0.4192307692307692,
                        "R_macro_doc": 0.7547077922077923,
                        "F1_macro_doc": 0.7636621315192744,
                        "P_macro_doc_std": 0.45806384402952016,
                        "R_macro_doc_std": 0.3310929455327436,
                        "F1_macro_doc_std": 0.32704578852088007
                    }
                },
                "PERS": {
                    "partial": {
                        "correct": 0,
                        "incorrect": 0,
                        "partial": 0,
                        "missed": 2,
                        "spurious": 0,
                        "possible": 2,
                        "actual": 0,
                        "TP": 0,
                        "FP": 0,
                        "FN": 2,
                        "P_micro": 0,
                        "R_micro": 0.0,
                        "F1_micro": 0,
                        "P_macro_doc": null,
                        "R_macro_doc": 0.0,
                        "F1_macro_doc": null,
                        "P_macro_doc_std": null,
                        "R_macro_doc_std": 0.0,
                        "F1_macro_doc_std": null
                    },
                    "strict": {
                        "correct": 0,
                        "incorrect": 0,
                        "partial": 0,
                        "missed": 2,
                        "spurious": 0,
                        "possible": 2,
                        "actual": 0,
                        "TP": 0,
                        "FP": 0,
                        "FN": 2,
                        "P_micro": 0,
                        "R_micro": 0.0,
                        "F1_micro": 0,
                        "P_macro_doc": null,
                        "R_macro_doc": 0.0,
                        "F1_macro_doc": null,
                        "P_macro_doc_std": null,
                        "R_macro_doc_std": 0.0,
                        "F1_macro_doc_std": null
                    },
                    "ent_type": {
                        "correct": 0,
                        "incorrect": 0,
                        "partial": 0,
                        "missed": 2,
                        "spurious": 0,
                        "possible": 2,
                        "actual": 0,
                        "TP": 0,
                        "FP": 0,
                        "FN": 2,
                        "P_micro": 0,
                        "R_micro": 0.0,
                        "F1_micro": 0,
                        "P_macro_doc": null,
                        "R_macro_doc": 0.0,
                        "F1_macro_doc": null,
                        "P_macro_doc_std": null,
                        "R_macro_doc_std": 0.0,
                        "F1_macro_doc_std": null
                    },
                    "exact": {
                        "correct": 0,
                        "incorrect": 0,
                        "partial": 0,
                        "missed": 2,
                        "spurious": 0,
                        "possible": 2,
                        "actual": 0,
                        "TP": 0,
                        "FP": 0,
                        "FN": 2,
                        "P_micro": 0,
                        "R_micro": 0.0,
                        "F1_micro": 0,
                        "P_macro_doc": null,
                        "R_macro_doc": 0.0,
                        "F1_macro_doc": null,
                        "P_macro_doc_std": null,
                        "R_macro_doc_std": 0.0,
                        "F1_macro_doc_std": null
                    }
                },
                "ALL": {
                    "partial": {
                        "correct": 36,
                        "incorrect": 0,
                        "partial": 14,
                        "missed": 8,
                        "spurious": 15,
                        "possible": 58,
                        "actual": 65,
                        "TP": 36,
                        "FP": 29,
                        "FN": 22,
                        "P_micro": 0.6615384615384615,
                        "R_micro": 0.7413793103448276,
                        "F1_micro": 0.6991869918699186,
                        "P_macro_doc": 0.475,
                        "R_macro_doc": 0.805952380952381,