{"dev": {"global": [{"loss": 0.006260347019735818, "precision": 0.8235294117647058, "recall": 0.7567567567567568, "f1": 0.7887323943661971}, {"loss": 0.006048270070913419, "precision": 0.6906474820143885, "recall": 0.8648648648648649, "f1": 0.768}, {"loss": 0.004705958856023888, "precision": 0.7619047619047619, "recall": 0.8648648648648649, "f1": 0.810126582278481}], "sent-level": [null, null, null], "token-level": ["                             precision    recall  f1-score   support\n\n    org.ent.pressagency.AFP     0.6667    1.0000    0.8000        14\n     org.ent.pressagency.AP     1.0000    0.3750    0.5455         8\norg.ent.pressagency.ATS-SDA     0.8800    0.9167    0.8980        24\n    org.ent.pressagency.DNB     1.0000    0.3333    0.5000         3\n  org.ent.pressagency.Extel     0.0000    0.0000    0.0000         1\n  org.ent.pressagency.Havas     0.8800    0.8462    0.8627        26\norg.ent.pressagency.Reuters     0.8571    1.0000    0.9231        18\norg.ent.pressagency.Stefani     0.0000    0.0000    0.0000         1\n org.ent.pressagency.UP-UPI     0.5000    0.5000    0.5000         4\n  org.ent.pressagency.Wolff     1.0000    0.6667    0.8000         3\n     org.ent.pressagency.ag     0.0000    0.0000    0.0000         1\n    org.ent.pressagency.unk     0.0000    0.0000    0.0000         4\n     pers.ind.articleauthor     0.0000    0.0000    0.0000         4\n\n                  micro avg     0.8235    0.7568    0.7887       111\n                  macro avg     0.5218    0.4337    0.4484       111\n               weighted avg     0.7636    0.7568    0.7393       111\n", "                             precision    recall  f1-score   support\n\n    org.ent.pressagency.AFP     0.5600    1.0000    0.7179        14\n     org.ent.pressagency.AP     1.0000    0.8750    0.9333         8\norg.ent.pressagency.ATS-SDA     0.8000    1.0000    0.8889        24\n    org.ent.pressagency.DNB     0.5000    0.3333    0.4000         3\n    org.ent.pressagency.DPA     0.0000    0.0000    0.0000         0\n  org.ent.pressagency.Extel     0.0000    0.0000    0.0000         1\n  org.ent.pressagency.Havas     0.7500    0.9231    0.8276        26\norg.ent.pressagency.Reuters     0.9000    1.0000    0.9474        18\norg.ent.pressagency.Stefani     0.0000    0.0000    0.0000         1\n org.ent.pressagency.UP-UPI     0.8000    1.0000    0.8889         4\n  org.ent.pressagency.Wolff     0.6667    0.6667    0.6667         3\n     org.ent.pressagency.ag     0.0000    0.0000    0.0000         1\n    org.ent.pressagency.unk     0.0000    0.0000    0.0000         4\n     pers.ind.articleauthor     0.1818    0.5000    0.2667         4\n\n                  micro avg     0.6906    0.8649    0.7680       111\n                  macro avg     0.4399    0.5213    0.4670       111\n               weighted avg     0.7042    0.8649    0.7680       111\n", "                             precision    recall  f1-score   support\n\n    org.ent.pressagency.AFP     0.7778    1.0000    0.8750        14\n     org.ent.pressagency.AP     1.0000    0.7500    0.8571         8\norg.ent.pressagency.ATS-SDA     0.8276    1.0000    0.9057        24\n    org.ent.pressagency.DNB     0.3333    0.3333    0.3333         3\n    org.ent.pressagency.DPA     0.0000    0.0000    0.0000         0\n  org.ent.pressagency.Extel     0.0000    0.0000    0.0000         1\n  org.ent.pressagency.Havas     0.8621    0.9615    0.9091        26\norg.ent.pressagency.Reuters     0.9000    1.0000    0.9474        18\norg.ent.pressagency.Stefani     0.0000    0.0000    0.0000         1\n org.ent.pressagency.UP-UPI     0.8000    1.0000    0.8889         4\n  org.ent.pressagency.Wolff     0.6000    1.0000    0.7500         3\n     org.ent.pressagency.ag     0.0000    0.0000    0.0000         1\n    org.ent.pressagency.unk     0.0000    0.0000    0.0000         4\n     pers.ind.articleauthor     0.3333    0.2500    0.2857         4\n\n                  micro avg     0.7619    0.8649    0.8101       111\n                  macro avg     0.4596    0.5211    0.4823       111\n               weighted avg     0.7630    0.8649    0.8061       111\n"]}, "test": {"global": {"loss": 0.007545334152704155, "precision": 0.7828947368421053, "recall": 0.7777777777777778, "f1": 0.7803278688524592}, "token-level": "                             precision    recall  f1-score   support\n\n    org.ent.pressagency.AFP     1.0000    1.0000    1.0000        19\n   org.ent.pressagency.ANSA     0.0000    0.0000    0.0000         1\n     org.ent.pressagency.AP     1.0000    1.0000    1.0000         6\n    org.ent.pressagency.APA     0.0000    0.0000    0.0000         1\norg.ent.pressagency.ATS-SDA     0.8462    0.9565    0.8980        23\n    org.ent.pressagency.DNB     0.5000    0.3333    0.4000         3\n    org.ent.pressagency.DPA     0.5000    1.0000    0.6667         2\n  org.ent.pressagency.Havas     0.8125    0.8125    0.8125        32\n   org.ent.pressagency.Kipa     1.0000    1.0000    1.0000         1\norg.ent.pressagency.Reuters     0.8889    0.8889    0.8889        27\norg.ent.pressagency.Stefani     1.0000    1.0000    1.0000         2\n org.ent.pressagency.UP-UPI     1.0000    0.9231    0.9600        13\n  org.ent.pressagency.Wolff     0.3333    0.6667    0.4444         3\n org.ent.pressagency.Xinhua     0.0000    0.0000    0.0000         1\n     org.ent.pressagency.ag     0.0000    0.0000    0.0000         3\n    org.ent.pressagency.unk     0.2857    0.2857    0.2857         7\n     pers.ind.articleauthor     0.0000    0.0000    0.0000         9\n\n                  micro avg     0.7829    0.7778    0.7803       153\n                  macro avg     0.5392    0.5804    0.5504       153\n               weighted avg     0.7579    0.7778    0.7647       153\n"}}