{
    "NE-COARSE-LIT": {
        "TIME-ALL": {
            "LED-ALL": {
                "ORG": {
                    "partial": {
                        "correct": 134,
                        "incorrect": 0,
                        "partial": 7,
                        "missed": 13,
                        "spurious": 21,
                        "possible": 154,
                        "actual": 162,
                        "TP": 134,
                        "FP": 28,
                        "FN": 20,
                        "P_micro": 0.8487654320987654,
                        "R_micro": 0.8928571428571429,
                        "F1_micro": 0.8702531645569621,
                        "P_macro_doc": 0.887780869923727,
                        "R_macro_doc": 0.9022435897435898,
                        "F1_macro_doc": 0.9269970027322969,
                        "P_macro_doc_std": 0.27128871327063825,
                        "R_macro_doc_std": 0.25733836776548324,
                        "F1_macro_doc_std": 0.1857622937801417
                    },
                    "strict": {
                        "correct": 133,
                        "incorrect": 8,
                        "partial": 0,
                        "missed": 13,
                        "spurious": 21,
                        "possible": 154,
                        "actual": 162,
                        "TP": 133,
                        "FP": 29,
                        "FN": 21,
                        "P_micro": 0.8209876543209876,
                        "R_micro": 0.8636363636363636,
                        "F1_micro": 0.8417721518987342,
                        "P_macro_doc": 0.8733560090702948,
                        "R_macro_doc": 0.8836996336996338,
                        "F1_macro_doc": 0.9103785986138927,
                        "P_macro_doc_std": 0.2912487467505273,
                        "R_macro_doc_std": 0.2843787663783764,
                        "F1_macro_doc_std": 0.22093613255879024
                    },
                    "ent_type": {
                        "correct": 140,
                        "incorrect": 1,
                        "partial": 0,
                        "missed": 13,
                        "spurious": 21,
                        "possible": 154,
                        "actual": 162,
                        "TP": 140,
                        "FP": 22,
                        "FN": 14,
                        "P_micro": 0.8641975308641975,
                        "R_micro": 0.9090909090909091,
                        "F1_micro": 0.8860759493670887,
                        "P_macro_doc": 0.8970109255823541,
                        "R_macro_doc": 0.9156593406593407,
                        "F1_macro_doc": 0.9382100014452956,
                        "P_macro_doc_std": 0.2626876505677175,
                        "R_macro_doc_std": 0.2529371389037435,
                        "F1_macro_doc_std": 0.1708688840607856
                    },
                    "exact": {
                        "correct": 134,
                        "incorrect": 7,
                        "partial": 0,
                        "missed": 13,
                        "spurious": 21,
                        "possible": 154,
                        "actual": 162,
                        "TP": 134,
                        "FP": 28,
                        "FN": 20,
                        "P_micro": 0.8271604938271605,
                        "R_micro": 0.8701298701298701,
                        "F1_micro": 0.8481012658227849,
                        "P_macro_doc": 0.8759534116676974,
                        "R_macro_doc": 0.8862637362637363,
                        "F1_macro_doc": 0.9130813013165954,
                        "P_macro_doc_std": 0.28968696085089973,
                        "R_macro_doc_std": 0.28270595809310434,
                        "F1_macro_doc_std": 0.21833068601093844
                    }
                },
                "PERS": {
                    "partial": {
                        "correct": 0,
                        "incorrect": 0,
                        "partial": 0,
                        "missed": 9,
                        "spurious": 4,
                        "possible": 9,
                        "actual": 4,
                        "TP": 0,
                        "FP": 4,
                        "FN": 9,
                        "P_micro": 0.0,
                        "R_micro": 0.0,
                        "F1_micro": 0,
                        "P_macro_doc": 0.0,
                        "R_macro_doc": 0.0,
                        "F1_macro_doc": null,
                        "P_macro_doc_std": 0.0,
                        "R_macro_doc_std": 0.0,
                        "F1_macro_doc_std": null
                    },
                    "strict": {
                        "correct": 0,
                        "incorrect": 0,
                        "partial": 0,
                        "missed": 9,
                        "spurious": 4,
                        "possible": 9,
                        "actual": 4,
                        "TP": 0,
                        "FP": 4,
                        "FN": 9,
                        "P_micro": 0.0,
                        "R_micro": 0.0,
                        "F1_micro": 0,
                        "P_macro_doc": 0.0,
                        "R_macro_doc": 0.0,
                        "F1_macro_doc": null,
                        "P_macro_doc_std": 0.0,
                        "R_macro_doc_std": 0.0,
                        "F1_macro_doc_std": null
                    },
                    "ent_type": {
                        "correct": 0,
                        "incorrect": 0,
                        "partial": 0,
                        "missed": 9,
                        "spurious": 4,
                        "possible": 9,
                        "actual": 4,
                        "TP": 0,
                        "FP": 4,
                        "FN": 9,
                        "P_micro": 0.0,
                        "R_micro": 0.0,
                        "F1_micro": 0,
                        "P_macro_doc": 0.0,
                        "R_macro_doc": 0.0,
                        "F1_macro_doc": null,
                        "P_macro_doc_std": 0.0,
                        "R_macro_doc_std": 0.0,
                        "F1_macro_doc_std": null
                    },
                    "exact": {
                        "correct": 0,
                        "incorrect": 0,
                        "partial": 0,
                        "missed": 9,
                        "spurious": 4,
                        "possible": 9,
                        "actual": 4,
                        "TP": 0,
                        "FP": 4,
                        "FN": 9,
                        "P_micro": 0.0,
                        "R_micro": 0.0,
                        "F1_micro": 0,
                        "P_macro_doc": 0.0,
                        "R_macro_doc": 0.0,
                        "F1_macro_doc": null,
                        "P_macro_doc_std": 0.0,
                        "R_macro_doc_std": 0.0,
                        "F1_macro_doc_std": null
                    }
                },
                "ALL": {
                    "partial": {
                        "correct": 134,
                        "incorrect": 0,
                        "partial": 7,
                        "missed": 22,
                        "spurious": 25,
                        "possible": 163,
                        "actual": 166,
                        "TP": 134,
                        "FP": 32,
                        "FN": 29,
                        "P_micro": 0.8283132530120482,
                        "R_micro": 0.843558282208589,
                        "F1_micro": 0.8358662613981763,
                        "P_macro_doc": 0.8529265873015873,