{
    "NE-COARSE-LIT": {
        "TIME-ALL": {
            "LED-ALL": {
                "ORG": {
                    "partial": {
                        "correct": 101,
                        "incorrect": 0,
                        "partial": 2,
                        "missed": 7,
                        "spurious": 24,
                        "possible": 110,
                        "actual": 127,
                        "TP": 101,
                        "FP": 26,
                        "FN": 9,
                        "P_micro": 0.8031496062992126,
                        "R_micro": 0.9272727272727272,
                        "F1_micro": 0.8607594936708861,
                        "P_macro_doc": 0.8946969696969697,
                        "R_macro_doc": 0.9338383838383838,
                        "F1_macro_doc": 0.9492877492877493,
                        "P_macro_doc_std": 0.24551377262740234,
                        "R_macro_doc_std": 0.22288983737290943,
                        "F1_macro_doc_std": 0.1166886421220368
                    },
                    "strict": {
                        "correct": 101,
                        "incorrect": 2,
                        "partial": 0,
                        "missed": 7,
                        "spurious": 24,
                        "possible": 110,
                        "actual": 127,
                        "TP": 101,
                        "FP": 26,
                        "FN": 9,
                        "P_micro": 0.7952755905511811,
                        "R_micro": 0.9181818181818182,
                        "F1_micro": 0.8523206751054853,
                        "P_macro_doc": 0.8845959595959597,
                        "R_macro_doc": 0.9237373737373737,
                        "F1_macro_doc": 0.9387057387057386,
                        "P_macro_doc_std": 0.2658456522597764,
                        "R_macro_doc_std": 0.2467134238727773,
                        "F1_macro_doc_std": 0.16018270297535564
                    },
                    "ent_type": {
                        "correct": 103,
                        "incorrect": 0,
                        "partial": 0,
                        "missed": 7,
                        "spurious": 24,
                        "possible": 110,
                        "actual": 127,
                        "TP": 103,
                        "FP": 24,
                        "FN": 7,
                        "P_micro": 0.8110236220472441,
                        "R_micro": 0.9363636363636364,
                        "F1_micro": 0.869198312236287,
                        "P_macro_doc": 0.9047979797979798,
                        "R_macro_doc": 0.9439393939393939,
                        "F1_macro_doc": 0.9598697598697599,
                        "P_macro_doc_std": 0.24102606058565673,
                        "R_macro_doc_std": 0.21611500016565807,
                        "F1_macro_doc_std": 0.10083830781919381
                    },
                    "exact": {
                        "correct": 101,
                        "incorrect": 2,
                        "partial": 0,
                        "missed": 7,
                        "spurious": 24,
                        "possible": 110,
                        "actual": 127,
                        "TP": 101,
                        "FP": 26,
                        "FN": 9,
                        "P_micro": 0.7952755905511811,
                        "R_micro": 0.9181818181818182,
                        "F1_micro": 0.8523206751054853,
                        "P_macro_doc": 0.8845959595959597,
                        "R_macro_doc": 0.9237373737373737,
                        "F1_macro_doc": 0.9387057387057386,
                        "P_macro_doc_std": 0.2658456522597764,
                        "R_macro_doc_std": 0.2467134238727773,
                        "F1_macro_doc_std": 0.16018270297535564
                    }
                },
                "PERS": {
                    "partial": {
                        "correct": 1,
                        "incorrect": 0,
                        "partial": 0,
                        "missed": 3,
                        "spurious": 2,
                        "possible": 4,
                        "actual": 3,
                        "TP": 1,
                        "FP": 2,
                        "FN": 3,
                        "P_micro": 0.3333333333333333,
                        "R_micro": 0.25,
                        "F1_micro": 0.28571428571428575,
                        "P_macro_doc": 0.3333333333333333,
                        "R_macro_doc": 0.16666666666666666,
                        "F1_macro_doc": 0.6666666666666666,
                        "P_macro_doc_std": 0.4714045207910317,
                        "R_macro_doc_std": 0.23570226039551584,
                        "F1_macro_doc_std": 0.0
                    },
                    "strict": {
                        "correct": 1,
                        "incorrect": 0,
                        "partial": 0,
                        "missed": 3,
                        "spurious": 2,
                        "possible": 4,
                        "actual": 3,
                        "TP": 1,
                        "FP": 2,
                        "FN": 3,
                        "P_micro": 0.3333333333333333,
                        "R_micro": 0.25,
                        "F1_micro": 0.28571428571428575,
                        "P_macro_doc": 0.3333333333333333,
                        "R_macro_doc": 0.16666666666666666,
                        "F1_macro_doc": 0.6666666666666666,
                        "P_macro_doc_std": 0.4714045207910317,
                        "R_macro_doc_std": 0.23570226039551584,
                        "F1_macro_doc_std": 0.0
                    },
                    "ent_type": {
                        "correct": 1,
                        "incorrect": 0,
                        "partial": 0,
                        "missed": 3,
                        "spurious": 2,
                        "possible": 4,
                        "actual": 3,
                        "TP": 1,
                        "FP": 2,
                        "FN": 3,
                        "P_micro": 0.3333333333333333,
                        "R_micro": 0.25,
                        "F1_micro": 0.28571428571428575,
                        "P_macro_doc": 0.3333333333333333,
                        "R_macro_doc": 0.16666666666666666,
                        "F1_macro_doc": 0.6666666666666666,
                        "P_macro_doc_std": 0.4714045207910317,
                        "R_macro_doc_std": 0.23570226039551584,
                        "F1_macro_doc_std": 0.0
                    },
                    "exact": {
                        "correct": 1,
                        "incorrect": 0,
                        "partial": 0,
                        "missed": 3,
                        "spurious": 2,
                        "possible": 4,
                        "actual": 3,
                        "TP": 1,
                        "FP": 2,
                        "FN": 3,
                        "P_micro": 0.3333333333333333,
                        "R_micro": 0.25,
                        "F1_micro": 0.28571428571428575,
                        "P_macro_doc": 0.3333333333333333,
                        "R_macro_doc": 0.16666666666666666,
                        "F1_macro_doc": 0.6666666666666666,
                        "P_macro_doc_std": 0.4714045207910317,
                        "R_macro_doc_std": 0.23570226039551584,
                        "F1_macro_doc_std": 0.0
                    }
                },
                "ALL": {
                    "partial": {
                        "correct": 102,
                        "incorrect": 0,
                        "partial": 2,
                        "missed": 10,
                        "spurious": 26,