{
    "NE-COARSE-LIT": {
        "TIME-ALL": {
            "LED-ALL": {
                "ORG": {
                    "partial": {
                        "correct": 76,
                        "incorrect": 0,
                        "partial": 6,
                        "missed": 28,
                        "spurious": 27,
                        "possible": 110,
                        "actual": 109,
                        "TP": 76,
                        "FP": 33,
                        "FN": 34,
                        "P_micro": 0.7247706422018348,
                        "R_micro": 0.7181818181818181,
                        "F1_micro": 0.7214611872146118,
                        "P_macro_doc": 0.7493169398907105,
                        "R_macro_doc": 0.7126262626262626,
                        "F1_macro_doc": 0.8774302620456467,
                        "P_macro_doc_std": 0.37952580146194953,
                        "R_macro_doc_std": 0.4112277401389276,
                        "F1_macro_doc_std": 0.21024527790416145
                    },
                    "strict": {
                        "correct": 76,
                        "incorrect": 6,
                        "partial": 0,
                        "missed": 28,
                        "spurious": 27,
                        "possible": 110,
                        "actual": 109,
                        "TP": 76,
                        "FP": 33,
                        "FN": 34,
                        "P_micro": 0.6972477064220184,
                        "R_micro": 0.6909090909090909,
                        "F1_micro": 0.6940639269406393,
                        "P_macro_doc": 0.7165300546448088,
                        "R_macro_doc": 0.6810606060606061,
                        "F1_macro_doc": 0.8383276979430825,
                        "P_macro_doc_std": 0.4114993570633703,
                        "R_macro_doc_std": 0.4352317232148433,
                        "F1_macro_doc_std": 0.28880615836807666
                    },
                    "ent_type": {
                        "correct": 82,
                        "incorrect": 0,
                        "partial": 0,
                        "missed": 28,
                        "spurious": 27,
                        "possible": 110,
                        "actual": 109,
                        "TP": 82,
                        "FP": 27,
                        "FN": 28,
                        "P_micro": 0.7522935779816514,
                        "R_micro": 0.7454545454545455,
                        "F1_micro": 0.7488584474885845,
                        "P_macro_doc": 0.7821038251366119,
                        "R_macro_doc": 0.7441919191919192,
                        "F1_macro_doc": 0.9165328261482106,
                        "P_macro_doc_std": 0.37936841166659113,
                        "R_macro_doc_std": 0.4160550301136241,
                        "F1_macro_doc_std": 0.1856354037710663
                    },
                    "exact": {
                        "correct": 76,
                        "incorrect": 6,
                        "partial": 0,
                        "missed": 28,
                        "spurious": 27,
                        "possible": 110,
                        "actual": 109,
                        "TP": 76,
                        "FP": 33,
                        "FN": 34,
                        "P_micro": 0.6972477064220184,
                        "R_micro": 0.6909090909090909,
                        "F1_micro": 0.6940639269406393,
                        "P_macro_doc": 0.7165300546448088,
                        "R_macro_doc": 0.6810606060606061,
                        "F1_macro_doc": 0.8383276979430825,
                        "P_macro_doc_std": 0.4114993570633703,
                        "R_macro_doc_std": 0.4352317232148433,
                        "F1_macro_doc_std": 0.28880615836807666
                    }
                },
                "PERS": {
                    "partial": {
                        "correct": 0,
                        "incorrect": 0,
                        "partial": 0,
                        "missed": 4,
                        "spurious": 0,
                        "possible": 4,
                        "actual": 0,
                        "TP": 0,
                        "FP": 0,
                        "FN": 4,
                        "P_micro": 0,
                        "R_micro": 0.0,
                        "F1_micro": 0,
                        "P_macro_doc": null,
                        "R_macro_doc": 0.0,
                        "F1_macro_doc": null,
                        "P_macro_doc_std": null,
                        "R_macro_doc_std": 0.0,
                        "F1_macro_doc_std": null
                    },
                    "strict": {
                        "correct": 0,
                        "incorrect": 0,
                        "partial": 0,
                        "missed": 4,
                        "spurious": 0,
                        "possible": 4,
                        "actual": 0,
                        "TP": 0,
                        "FP": 0,
                        "FN": 4,
                        "P_micro": 0,
                        "R_micro": 0.0,
                        "F1_micro": 0,
                        "P_macro_doc": null,
                        "R_macro_doc": 0.0,
                        "F1_macro_doc": null,
                        "P_macro_doc_std": null,
                        "R_macro_doc_std": 0.0,
                        "F1_macro_doc_std": null
                    },
                    "ent_type": {
                        "correct": 0,
                        "incorrect": 0,
                        "partial": 0,
                        "missed": 4,
                        "spurious": 0,
                        "possible": 4,
                        "actual": 0,
                        "TP": 0,
                        "FP": 0,
                        "FN": 4,
                        "P_micro": 0,
                        "R_micro": 0.0,
                        "F1_micro": 0,
                        "P_macro_doc": null,
                        "R_macro_doc": 0.0,
                        "F1_macro_doc": null,
                        "P_macro_doc_std": null,
                        "R_macro_doc_std": 0.0,
                        "F1_macro_doc_std": null
                    },
                    "exact": {
                        "correct": 0,
                        "incorrect": 0,
                        "partial": 0,
                        "missed": 4,
                        "spurious": 0,
                        "possible": 4,
                        "actual": 0,
                        "TP": 0,
                        "FP": 0,
                        "FN": 4,
                        "P_micro": 0,
                        "R_micro": 0.0,
                        "F1_micro": 0,
                        "P_macro_doc": null,
                        "R_macro_doc": 0.0,
                        "F1_macro_doc": null,
                        "P_macro_doc_std": null,
                        "R_macro_doc_std": 0.0,
                        "F1_macro_doc_std": null
                    }
                },
                "ALL": {
                    "partial": {
                        "correct": 76,
                        "incorrect": 0,
                        "partial": 6,
                        "missed": 32,
                        "spurious": 27,
                        "possible": 114,
                        "actual": 109,
                        "TP": 76,
                        "FP": 33,
                        "FN": 38,
                        "P_micro": 0.7247706422018348,
                        "R_micro": 0.6929824561403509,
                        "F1_micro": 0.7085201793721974,
                        "P_macro_doc": 0.7493169398907105,