{"dev": {"global": {"loss": 0.0044157342410696574, "precision": 0.7352941176470589, "recall": 0.9174311926605505, "f1": 0.8163265306122449}, "sent-level": null, "token-level": "                             precision    recall  f1-score   support\n\n    org.ent.pressagency.AFP     0.7368    1.0000    0.8485        14\n     org.ent.pressagency.AP     0.7778    0.8750    0.8235         8\norg.ent.pressagency.ATS-SDA     0.8889    1.0000    0.9412        24\n    org.ent.pressagency.DNB     0.2500    0.3333    0.2857         3\n    org.ent.pressagency.DPA     0.0000    0.0000    0.0000         0\n  org.ent.pressagency.Extel     0.0000    0.0000    0.0000         1\n  org.ent.pressagency.Havas     0.8571    0.9231    0.8889        26\norg.ent.pressagency.Reuters     0.8000    1.0000    0.8889        16\norg.ent.pressagency.Stefani     1.0000    1.0000    1.0000         1\n org.ent.pressagency.UP-UPI     1.0000    1.0000    1.0000         4\n  org.ent.pressagency.Wolff     0.5000    1.0000    0.6667         3\n     org.ent.pressagency.ag     0.3333    1.0000    0.5000         1\n    org.ent.pressagency.unk     0.2500    0.5000    0.3333         4\n     pers.ind.articleauthor     0.6000    0.7500    0.6667         4\n\n                  micro avg     0.7353    0.9174    0.8163       109\n                  macro avg     0.5710    0.7415    0.6317       109\n               weighted avg     0.7701    0.9174    0.8325       109\n"}, "test": {"global": {"loss": 0.006515796188214355, "precision": 0.8205128205128205, "recall": 0.8533333333333334, "f1": 0.8366013071895425}, "sent-level": null, "token-level": "                             precision    recall  f1-score   support\n\n    org.ent.pressagency.AFP     1.0000    1.0000    1.0000        18\n   org.ent.pressagency.ANSA     0.0000    0.0000    0.0000         1\n     org.ent.pressagency.AP     0.7500    1.0000    0.8571         6\n    org.ent.pressagency.APA     0.0000    0.0000    0.0000         1\norg.ent.pressagency.ATS-SDA     1.0000    1.0000    1.0000        23\n    org.ent.pressagency.DNB     0.3333    0.3333    0.3333         3\n    org.ent.pressagency.DPA     1.0000    1.0000    1.0000         2\n  org.ent.pressagency.Havas     0.8182    0.8438    0.8308        32\n   org.ent.pressagency.Kipa     1.0000    1.0000    1.0000         1\norg.ent.pressagency.Reuters     0.8929    0.9259    0.9091        27\norg.ent.pressagency.Stefani     1.0000    1.0000    1.0000         2\n org.ent.pressagency.UP-UPI     1.0000    1.0000    1.0000        13\n  org.ent.pressagency.Wolff     0.6667    0.6667    0.6667         3\n org.ent.pressagency.Xinhua     0.0000    0.0000    0.0000         1\n     org.ent.pressagency.ag     0.5000    1.0000    0.6667         3\n    org.ent.pressagency.unk     0.2500    0.5000    0.3333         6\n     pers.ind.articleauthor     0.5000    0.2500    0.3333         8\n\n                  micro avg     0.8205    0.8533    0.8366       150\n                  macro avg     0.6301    0.6776    0.6430       150\n               weighted avg     0.8253    0.8533    0.8329       150\n"}}