{
    "NE-COARSE-LIT": {
        "TIME-ALL": {
            "LED-ALL": {
                "ORG": {
                    "partial": {
                        "correct": 100,
                        "incorrect": 0,
                        "partial": 3,
                        "missed": 7,
                        "spurious": 24,
                        "possible": 110,
                        "actual": 127,
                        "TP": 100,
                        "FP": 27,
                        "FN": 10,
                        "P_micro": 0.7992125984251969,
                        "R_micro": 0.9227272727272727,
                        "F1_micro": 0.8565400843881856,
                        "P_macro_doc": 0.8863095238095239,
                        "R_macro_doc": 0.9345959595959596,
                        "F1_macro_doc": 0.9466015466015467,
                        "P_macro_doc_std": 0.2507595355881415,
                        "R_macro_doc_std": 0.21804747664492072,
                        "F1_macro_doc_std": 0.12260077793108194
                    },
                    "strict": {
                        "correct": 100,
                        "incorrect": 3,
                        "partial": 0,
                        "missed": 7,
                        "spurious": 24,
                        "possible": 110,
                        "actual": 127,
                        "TP": 100,
                        "FP": 27,
                        "FN": 10,
                        "P_micro": 0.7874015748031497,
                        "R_micro": 0.9090909090909091,
                        "F1_micro": 0.8438818565400844,
                        "P_macro_doc": 0.8736832611832612,
                        "R_macro_doc": 0.9207070707070707,
                        "F1_macro_doc": 0.9328449328449328,
                        "P_macro_doc_std": 0.274631282143699,
                        "R_macro_doc_std": 0.2469862215867695,
                        "F1_macro_doc_std": 0.17255335097345426
                    },
                    "ent_type": {
                        "correct": 103,
                        "incorrect": 0,
                        "partial": 0,
                        "missed": 7,
                        "spurious": 24,
                        "possible": 110,
                        "actual": 127,
                        "TP": 103,
                        "FP": 24,
                        "FN": 7,
                        "P_micro": 0.8110236220472441,
                        "R_micro": 0.9363636363636364,
                        "F1_micro": 0.869198312236287,
                        "P_macro_doc": 0.8989357864357865,
                        "R_macro_doc": 0.9484848484848485,
                        "F1_macro_doc": 0.9603581603581604,
                        "P_macro_doc_std": 0.24347230332896874,
                        "R_macro_doc_std": 0.2097924112808603,
                        "F1_macro_doc_std": 0.09998468454650587
                    },
                    "exact": {
                        "correct": 100,
                        "incorrect": 3,
                        "partial": 0,
                        "missed": 7,
                        "spurious": 24,
                        "possible": 110,
                        "actual": 127,
                        "TP": 100,
                        "FP": 27,
                        "FN": 10,
                        "P_micro": 0.7874015748031497,
                        "R_micro": 0.9090909090909091,
                        "F1_micro": 0.8438818565400844,
                        "P_macro_doc": 0.8736832611832612,
                        "R_macro_doc": 0.9207070707070707,
                        "F1_macro_doc": 0.9328449328449328,
                        "P_macro_doc_std": 0.274631282143699,
                        "R_macro_doc_std": 0.2469862215867695,
                        "F1_macro_doc_std": 0.17255335097345426
                    }
                },
                "PERS": {
                    "partial": {
                        "correct": 3,
                        "incorrect": 0,
                        "partial": 0,
                        "missed": 1,
                        "spurious": 2,
                        "possible": 4,
                        "actual": 5,
                        "TP": 3,
                        "FP": 2,
                        "FN": 1,
                        "P_micro": 0.6,
                        "R_micro": 0.75,
                        "F1_micro": 0.6666666666666665,
                        "P_macro_doc": 0.5,
                        "R_macro_doc": 0.6666666666666666,
                        "F1_macro_doc": 1.0,
                        "P_macro_doc_std": 0.5,
                        "R_macro_doc_std": 0.4714045207910317,
                        "F1_macro_doc_std": 0.0
                    },
                    "strict": {
                        "correct": 3,
                        "incorrect": 0,
                        "partial": 0,
                        "missed": 1,
                        "spurious": 2,
                        "possible": 4,
                        "actual": 5,
                        "TP": 3,
                        "FP": 2,
                        "FN": 1,
                        "P_micro": 0.6,
                        "R_micro": 0.75,
                        "F1_micro": 0.6666666666666665,
                        "P_macro_doc": 0.5,
                        "R_macro_doc": 0.6666666666666666,
                        "F1_macro_doc": 1.0,
                        "P_macro_doc_std": 0.5,
                        "R_macro_doc_std": 0.4714045207910317,
                        "F1_macro_doc_std": 0.0
                    },
                    "ent_type": {
                        "correct": 3,
                        "incorrect": 0,
                        "partial": 0,
                        "missed": 1,
                        "spurious": 2,
                        "possible": 4,
                        "actual": 5,
                        "TP": 3,
                        "FP": 2,
                        "FN": 1,
                        "P_micro": 0.6,
                        "R_micro": 0.75,
                        "F1_micro": 0.6666666666666665,
                        "P_macro_doc": 0.5,
                        "R_macro_doc": 0.6666666666666666,
                        "F1_macro_doc": 1.0,
                        "P_macro_doc_std": 0.5,
                        "R_macro_doc_std": 0.4714045207910317,
                        "F1_macro_doc_std": 0.0
                    },
                    "exact": {
                        "correct": 3,
                        "incorrect": 0,
                        "partial": 0,
                        "missed": 1,
                        "spurious": 2,
                        "possible": 4,
                        "actual": 5,
                        "TP": 3,
                        "FP": 2,
                        "FN": 1,
                        "P_micro": 0.6,
                        "R_micro": 0.75,
                        "F1_micro": 0.6666666666666665,
                        "P_macro_doc": 0.5,
                        "R_macro_doc": 0.6666666666666666,
                        "F1_macro_doc": 1.0,
                        "P_macro_doc_std": 0.5,
                        "R_macro_doc_std": 0.4714045207910317,
                        "F1_macro_doc_std": 0.0
                    }
                },
                "ALL": {
                    "partial": {
                        "correct": 103,
                        "incorrect": 0,
                        "partial": 3,
                        "missed": 8,
                        "spurious": 26,
                        "possible": 114,
                        "actual": 132,
                        "TP": 103,
                        "FP": 29,
                        "FN": 11,
                        "P_micro": 0.7916666666666666,