{"dev": {"global": [{"loss": 0.009823763004492371, "precision": 0.6461538461538462, "recall": 0.375, "f1": 0.47457627118644075}, {"loss": 0.0092259155818702, "precision": 0.46357615894039733, "recall": 0.625, "f1": 0.532319391634981}, {"loss": 0.006712358238351197, "precision": 0.6902654867256637, "recall": 0.6964285714285714, "f1": 0.6933333333333332}], "sent-level": [null, null, null], "token-level": ["                             precision    recall  f1-score   support\n\n    org.ent.pressagency.AFP     0.7000    0.5000    0.5833        14\n     org.ent.pressagency.AP     0.0000    0.0000    0.0000         8\norg.ent.pressagency.ATS-SDA     0.0000    0.0000    0.0000        24\n    org.ent.pressagency.DNB     0.0000    0.0000    0.0000         3\n  org.ent.pressagency.Extel     0.0000    0.0000    0.0000         1\n  org.ent.pressagency.Havas     0.6111    0.8462    0.7097        26\norg.ent.pressagency.Reuters     0.8462    0.5789    0.6875        19\norg.ent.pressagency.Stefani     0.0000    0.0000    0.0000         1\n org.ent.pressagency.UP-UPI     0.0000    0.0000    0.0000         4\n  org.ent.pressagency.Wolff     0.3333    0.6667    0.4444         3\n     org.ent.pressagency.ag     0.0000    0.0000    0.0000         1\n    org.ent.pressagency.unk     0.0000    0.0000    0.0000         4\n     pers.ind.articleauthor     0.0000    0.0000    0.0000         4\n\n                  micro avg     0.6462    0.3750    0.4746       112\n                  macro avg     0.1916    0.1994    0.1865       112\n               weighted avg     0.3818    0.3750    0.3662       112\n", "                             precision    recall  f1-score   support\n\n    org.ent.pressagency.AFP     0.5714    0.8571    0.6857        14\n     org.ent.pressagency.AP     1.0000    0.6250    0.7692         8\norg.ent.pressagency.ATS-SDA     0.5926    0.6667    0.6275        24\n    org.ent.pressagency.DNB     0.0000    0.0000    0.0000         3\n    org.ent.pressagency.DPA     0.0000    0.0000    0.0000         0\n  org.ent.pressagency.Extel     0.0000    0.0000    0.0000         1\n  org.ent.pressagency.Havas     0.3151    0.8846    0.4646        26\norg.ent.pressagency.Reuters     0.7692    0.5263    0.6250        19\norg.ent.pressagency.Stefani     0.0000    0.0000    0.0000         1\n org.ent.pressagency.UP-UPI     0.6667    1.0000    0.8000         4\n  org.ent.pressagency.Wolff     0.0000    0.0000    0.0000         3\n     org.ent.pressagency.ag     0.0000    0.0000    0.0000         1\n    org.ent.pressagency.unk     0.0000    0.0000    0.0000         4\n     pers.ind.articleauthor     0.0000    0.0000    0.0000         4\n\n                  micro avg     0.4636    0.6250    0.5323       112\n                  macro avg     0.2796    0.3257    0.2837       112\n               weighted avg     0.4973    0.6250    0.5176       112\n", "                             precision    recall  f1-score   support\n\n    org.ent.pressagency.AFP     0.6667    0.8571    0.7500        14\n     org.ent.pressagency.AP     1.0000    0.7500    0.8571         8\norg.ent.pressagency.ATS-SDA     0.7083    0.7083    0.7083        24\n    org.ent.pressagency.DNB     0.0000    0.0000    0.0000         3\n    org.ent.pressagency.DPA     0.0000    0.0000    0.0000         0\n  org.ent.pressagency.Extel     0.0000    0.0000    0.0000         1\n  org.ent.pressagency.Havas     0.6970    0.8846    0.7797        26\norg.ent.pressagency.Reuters     0.8421    0.8421    0.8421        19\norg.ent.pressagency.Stefani     0.0000    0.0000    0.0000         1\n org.ent.pressagency.UP-UPI     0.4286    0.7500    0.5455         4\n  org.ent.pressagency.Wolff     0.5000    0.3333    0.4000         3\n     org.ent.pressagency.ag     0.0000    0.0000    0.0000         1\n    org.ent.pressagency.unk     0.0000    0.0000    0.0000         4\n     pers.ind.articleauthor     0.0000    0.0000    0.0000         4\n\n                  micro avg     0.6903    0.6964    0.6933       112\n                  macro avg     0.3459    0.3661    0.3488       112\n               weighted avg     0.6399    0.6964    0.6608       112\n"]}, "test": {"global": {"loss": 0.010211193629206292, "precision": 0.673469387755102, "recall": 0.6226415094339622, "f1": 0.6470588235294118}, "token-level": "                             precision    recall  f1-score   support\n\n    org.ent.pressagency.AFP     0.7917    0.9500    0.8636        20\n   org.ent.pressagency.ANSA     0.0000    0.0000    0.0000         1\n     org.ent.pressagency.AP     0.7500    1.0000    0.8571         6\n    org.ent.pressagency.APA     0.0000    0.0000    0.0000         1\norg.ent.pressagency.ATS-SDA     0.7917    0.8261    0.8085        23\n    org.ent.pressagency.DNB     1.0000    0.3333    0.5000         3\n    org.ent.pressagency.DPA     0.5000    0.5000    0.5000         2\n  org.ent.pressagency.Extel     0.0000    0.0000    0.0000         0\n  org.ent.pressagency.Havas     0.5476    0.6765    0.6053        34\n   org.ent.pressagency.Kipa     0.0000    0.0000    0.0000         1\norg.ent.pressagency.Reuters     0.8148    0.7857    0.8000        28\norg.ent.pressagency.Stefani     1.0000    0.5000    0.6667         2\n org.ent.pressagency.UP-UPI     0.5455    0.4286    0.4800        14\n  org.ent.pressagency.Wolff     0.5000    0.2500    0.3333         4\n org.ent.pressagency.Xinhua     0.0000    0.0000    0.0000         1\n     org.ent.pressagency.ag     0.0000    0.0000    0.0000         3\n    org.ent.pressagency.unk     0.0000    0.0000    0.0000         7\n     pers.ind.articleauthor     0.0000    0.0000    0.0000         9\n\n                  micro avg     0.6735    0.6226    0.6471       159\n                  macro avg     0.4023    0.3472    0.3564       159\n               weighted avg     0.6013    0.6226    0.6030       159\n"}}