{
    "NE-COARSE-LIT": {
        "TIME-ALL": {
            "LED-ALL": {
                "ORG": {
                    "partial": {
                        "correct": 135,
                        "incorrect": 0,
                        "partial": 8,
                        "missed": 11,
                        "spurious": 16,
                        "possible": 154,
                        "actual": 159,
                        "TP": 135,
                        "FP": 24,
                        "FN": 19,
                        "P_micro": 0.8742138364779874,
                        "R_micro": 0.9025974025974026,
                        "F1_micro": 0.8881789137380192,
                        "P_macro_doc": 0.8937678062678063,
                        "R_macro_doc": 0.9184218559218559,
                        "F1_macro_doc": 0.9203406736881972,
                        "P_macro_doc_std": 0.25322554573656153,
                        "R_macro_doc_std": 0.22140786959621025,
                        "F1_macro_doc_std": 0.18808177314708668
                    },
                    "strict": {
                        "correct": 134,
                        "incorrect": 9,
                        "partial": 0,
                        "missed": 11,
                        "spurious": 16,
                        "possible": 154,
                        "actual": 159,
                        "TP": 134,
                        "FP": 25,
                        "FN": 20,
                        "P_micro": 0.8427672955974843,
                        "R_micro": 0.8701298701298701,
                        "F1_micro": 0.8562300319488818,
                        "P_macro_doc": 0.8680199430199429,
                        "R_macro_doc": 0.8901098901098902,
                        "F1_macro_doc": 0.893184240939659,
                        "P_macro_doc_std": 0.2979288879375016,
                        "R_macro_doc_std": 0.28127583172341325,
                        "F1_macro_doc_std": 0.25282994914111334
                    },
                    "ent_type": {
                        "correct": 142,
                        "incorrect": 1,
                        "partial": 0,
                        "missed": 11,
                        "spurious": 16,
                        "possible": 154,
                        "actual": 159,
                        "TP": 142,
                        "FP": 17,
                        "FN": 12,
                        "P_micro": 0.8930817610062893,
                        "R_micro": 0.922077922077922,
                        "F1_micro": 0.9073482428115016,
                        "P_macro_doc": 0.9131054131054132,
                        "R_macro_doc": 0.9416056166056166,
                        "F1_macro_doc": 0.9416491532203608,
                        "P_macro_doc_std": 0.23663880090718042,
                        "R_macro_doc_std": 0.20480510531833307,
                        "F1_macro_doc_std": 0.16231644370043552
                    },
                    "exact": {
                        "correct": 135,
                        "incorrect": 8,
                        "partial": 0,
                        "missed": 11,
                        "spurious": 16,
                        "possible": 154,
                        "actual": 159,
                        "TP": 135,
                        "FP": 24,
                        "FN": 19,
                        "P_micro": 0.8490566037735849,
                        "R_micro": 0.8766233766233766,
                        "F1_micro": 0.8626198083067093,
                        "P_macro_doc": 0.8712250712250711,
                        "R_macro_doc": 0.8926739926739927,
                        "F1_macro_doc": 0.8961082175478462,
                        "P_macro_doc_std": 0.29798673355682365,
                        "R_macro_doc_std": 0.27952566318024297,
                        "F1_macro_doc_std": 0.2514747342101286
                    }
                },
                "PERS": {
                    "partial": {
                        "correct": 0,
                        "incorrect": 0,
                        "partial": 0,
                        "missed": 9,
                        "spurious": 2,
                        "possible": 9,
                        "actual": 2,
                        "TP": 0,
                        "FP": 2,
                        "FN": 9,
                        "P_micro": 0.0,
                        "R_micro": 0.0,
                        "F1_micro": 0,
                        "P_macro_doc": 0.0,
                        "R_macro_doc": 0.0,
                        "F1_macro_doc": null,
                        "P_macro_doc_std": 0.0,
                        "R_macro_doc_std": 0.0,
                        "F1_macro_doc_std": null
                    },
                    "strict": {
                        "correct": 0,
                        "incorrect": 0,
                        "partial": 0,
                        "missed": 9,
                        "spurious": 2,
                        "possible": 9,
                        "actual": 2,
                        "TP": 0,
                        "FP": 2,
                        "FN": 9,
                        "P_micro": 0.0,
                        "R_micro": 0.0,
                        "F1_micro": 0,
                        "P_macro_doc": 0.0,
                        "R_macro_doc": 0.0,
                        "F1_macro_doc": null,
                        "P_macro_doc_std": 0.0,
                        "R_macro_doc_std": 0.0,
                        "F1_macro_doc_std": null
                    },
                    "ent_type": {
                        "correct": 0,
                        "incorrect": 0,
                        "partial": 0,
                        "missed": 9,
                        "spurious": 2,
                        "possible": 9,
                        "actual": 2,
                        "TP": 0,
                        "FP": 2,
                        "FN": 9,
                        "P_micro": 0.0,
                        "R_micro": 0.0,
                        "F1_micro": 0,
                        "P_macro_doc": 0.0,
                        "R_macro_doc": 0.0,
                        "F1_macro_doc": null,
                        "P_macro_doc_std": 0.0,
                        "R_macro_doc_std": 0.0,
                        "F1_macro_doc_std": null
                    },
                    "exact": {
                        "correct": 0,
                        "incorrect": 0,
                        "partial": 0,
                        "missed": 9,
                        "spurious": 2,
                        "possible": 9,
                        "actual": 2,
                        "TP": 0,
                        "FP": 2,
                        "FN": 9,
                        "P_micro": 0.0,
                        "R_micro": 0.0,
                        "F1_micro": 0,
                        "P_macro_doc": 0.0,
                        "R_macro_doc": 0.0,
                        "F1_macro_doc": null,
                        "P_macro_doc_std": 0.0,
                        "R_macro_doc_std": 0.0,
                        "F1_macro_doc_std": null
                    }
                },
                "ALL": {
                    "partial": {
                        "correct": 135,
                        "incorrect": 0,
                        "partial": 8,
                        "missed": 20,
                        "spurious": 18,
                        "possible": 163,
                        "actual": 161,
                        "TP": 135,
                        "FP": 26,
                        "FN": 28,
                        "P_micro": 0.8633540372670807,
                        "R_micro": 0.852760736196319,
                        "F1_micro": 0.8580246913580246,
                        "P_macro_doc": 0.8808720112517581,