{"dev": {"global": {"loss": 0.003248568455551884, "precision": 0.7651515151515151, "recall": 0.9017857142857143, "f1": 0.8278688524590163}, "sent-level": null, "token-level": "                             precision    recall  f1-score   support\n\n    org.ent.pressagency.AFP     0.7368    1.0000    0.8485        14\n     org.ent.pressagency.AP     1.0000    0.8750    0.9333         8\norg.ent.pressagency.ATS-SDA     0.8889    1.0000    0.9412        24\n    org.ent.pressagency.DNB     0.6667    0.6667    0.6667         3\n  org.ent.pressagency.Extel     0.0000    0.0000    0.0000         1\n  org.ent.pressagency.Havas     0.8571    0.9231    0.8889        26\norg.ent.pressagency.Reuters     0.9048    1.0000    0.9500        19\norg.ent.pressagency.Stefani     1.0000    1.0000    1.0000         1\n org.ent.pressagency.UP-UPI     1.0000    1.0000    1.0000         4\n  org.ent.pressagency.Wolff     0.5000    1.0000    0.6667         3\n     org.ent.pressagency.ag     0.2500    1.0000    0.4000         1\n    org.ent.pressagency.unk     0.0000    0.0000    0.0000         4\n     pers.ind.articleauthor     0.4000    0.5000    0.4444         4\n\n                  micro avg     0.7652    0.9018    0.8279       112\n                  macro avg     0.6311    0.7665    0.6723       112\n               weighted avg     0.7989    0.9018    0.8417       112\n"}, "test": {"global": {"loss": 0.004989271859069341, "precision": 0.823170731707317, "recall": 0.8544303797468354, "f1": 0.8385093167701863}, "sent-level": null, "token-level": "                             precision    recall  f1-score   support\n\n    org.ent.pressagency.AFP     0.9524    1.0000    0.9756        20\n   org.ent.pressagency.ANSA     0.0000    0.0000    0.0000         1\n     org.ent.pressagency.AP     0.8571    1.0000    0.9231         6\n    org.ent.pressagency.APA     0.0000    0.0000    0.0000         1\norg.ent.pressagency.ATS-SDA     0.8846    1.0000    0.9388        23\n    org.ent.pressagency.DNB     0.5000    0.6667    0.5714         3\n    org.ent.pressagency.DPA     1.0000    1.0000    1.0000         2\n  org.ent.pressagency.Havas     0.9091    0.9091    0.9091        33\n   org.ent.pressagency.Kipa     1.0000    1.0000    1.0000         1\norg.ent.pressagency.Reuters     0.9286    0.9286    0.9286        28\norg.ent.pressagency.Stefani     1.0000    1.0000    1.0000         2\n org.ent.pressagency.UP-UPI     1.0000    1.0000    1.0000        14\n  org.ent.pressagency.Wolff     0.7500    0.7500    0.7500         4\n org.ent.pressagency.Xinhua     0.0000    0.0000    0.0000         1\n     org.ent.pressagency.ag     0.5000    1.0000    0.6667         3\n    org.ent.pressagency.unk     0.2727    0.4286    0.3333         7\n     pers.ind.articleauthor     0.0000    0.0000    0.0000         9\n\n                  micro avg     0.8232    0.8544    0.8385       158\n                  macro avg     0.6209    0.6872    0.6469       158\n               weighted avg     0.8066    0.8544    0.8272       158\n"}}