{
    "NE-COARSE-LIT": {
        "TIME-ALL": {
            "LED-ALL": {
                "ORG": {
                    "partial": {
                        "correct": 47,
                        "incorrect": 0,
                        "partial": 1,
                        "missed": 8,
                        "spurious": 5,
                        "possible": 56,
                        "actual": 53,
                        "TP": 47,
                        "FP": 6,
                        "FN": 9,
                        "P_micro": 0.8962264150943396,
                        "R_micro": 0.8482142857142857,
                        "F1_micro": 0.8715596330275229,
                        "P_macro_doc": 0.8447916666666666,
                        "R_macro_doc": 0.9392857142857143,
                        "F1_macro_doc": 0.9456336920733206,
                        "P_macro_doc_std": 0.32610489269814197,
                        "R_macro_doc_std": 0.13083327917153,
                        "F1_macro_doc_std": 0.09240364399834364
                    },
                    "strict": {
                        "correct": 47,
                        "incorrect": 1,
                        "partial": 0,
                        "missed": 8,
                        "spurious": 5,
                        "possible": 56,
                        "actual": 53,
                        "TP": 47,
                        "FP": 6,
                        "FN": 9,
                        "P_micro": 0.8867924528301887,
                        "R_micro": 0.8392857142857143,
                        "F1_micro": 0.8623853211009174,
                        "P_macro_doc": 0.8395833333333333,
                        "R_macro_doc": 0.9360389610389611,
                        "F1_macro_doc": 0.9414320114010517,
                        "P_macro_doc_std": 0.32558041121459785,
                        "R_macro_doc_std": 0.14179876538032116,
                        "F1_macro_doc_std": 0.1061930765119709
                    },
                    "ent_type": {
                        "correct": 48,
                        "incorrect": 0,
                        "partial": 0,
                        "missed": 8,
                        "spurious": 5,
                        "possible": 56,
                        "actual": 53,
                        "TP": 48,
                        "FP": 5,
                        "FN": 8,
                        "P_micro": 0.9056603773584906,
                        "R_micro": 0.8571428571428571,
                        "F1_micro": 0.8807339449541285,
                        "P_macro_doc": 0.85,
                        "R_macro_doc": 0.9425324675324676,
                        "F1_macro_doc": 0.9498353727455895,
                        "P_macro_doc_std": 0.32787192621510003,
                        "R_macro_doc_std": 0.12000783552312543,
                        "F1_macro_doc_std": 0.07911323834563104
                    },
                    "exact": {
                        "correct": 47,
                        "incorrect": 1,
                        "partial": 0,
                        "missed": 8,
                        "spurious": 5,
                        "possible": 56,
                        "actual": 53,
                        "TP": 47,
                        "FP": 6,
                        "FN": 9,
                        "P_micro": 0.8867924528301887,
                        "R_micro": 0.8392857142857143,
                        "F1_micro": 0.8623853211009174,
                        "P_macro_doc": 0.8395833333333333,
                        "R_macro_doc": 0.9360389610389611,
                        "F1_macro_doc": 0.9414320114010517,
                        "P_macro_doc_std": 0.32558041121459785,
                        "R_macro_doc_std": 0.14179876538032116,
                        "F1_macro_doc_std": 0.1061930765119709
                    }
                },
                "PERS": {
                    "partial": {
                        "correct": 0,
                        "incorrect": 0,
                        "partial": 0,
                        "missed": 2,
                        "spurious": 1,
                        "possible": 2,
                        "actual": 1,
                        "TP": 0,
                        "FP": 1,
                        "FN": 2,
                        "P_micro": 0.0,
                        "R_micro": 0.0,
                        "F1_micro": 0,
                        "P_macro_doc": 0.0,
                        "R_macro_doc": 0.0,
                        "F1_macro_doc": null,
                        "P_macro_doc_std": 0.0,
                        "R_macro_doc_std": 0.0,
                        "F1_macro_doc_std": null
                    },
                    "strict": {
                        "correct": 0,
                        "incorrect": 0,
                        "partial": 0,
                        "missed": 2,
                        "spurious": 1,
                        "possible": 2,
                        "actual": 1,
                        "TP": 0,
                        "FP": 1,
                        "FN": 2,
                        "P_micro": 0.0,
                        "R_micro": 0.0,
                        "F1_micro": 0,
                        "P_macro_doc": 0.0,
                        "R_macro_doc": 0.0,
                        "F1_macro_doc": null,
                        "P_macro_doc_std": 0.0,
                        "R_macro_doc_std": 0.0,
                        "F1_macro_doc_std": null
                    },
                    "ent_type": {
                        "correct": 0,
                        "incorrect": 0,
                        "partial": 0,
                        "missed": 2,
                        "spurious": 1,
                        "possible": 2,
                        "actual": 1,
                        "TP": 0,
                        "FP": 1,
                        "FN": 2,
                        "P_micro": 0.0,
                        "R_micro": 0.0,
                        "F1_micro": 0,
                        "P_macro_doc": 0.0,
                        "R_macro_doc": 0.0,
                        "F1_macro_doc": null,
                        "P_macro_doc_std": 0.0,
                        "R_macro_doc_std": 0.0,
                        "F1_macro_doc_std": null
                    },
                    "exact": {
                        "correct": 0,
                        "incorrect": 0,
                        "partial": 0,
                        "missed": 2,
                        "spurious": 1,
                        "possible": 2,
                        "actual": 1,
                        "TP": 0,
                        "FP": 1,
                        "FN": 2,
                        "P_micro": 0.0,
                        "R_micro": 0.0,
                        "F1_micro": 0,
                        "P_macro_doc": 0.0,
                        "R_macro_doc": 0.0,
                        "F1_macro_doc": null,
                        "P_macro_doc_std": 0.0,
                        "R_macro_doc_std": 0.0,
                        "F1_macro_doc_std": null
                    }
                },
                "ALL": {
                    "partial": {
                        "correct": 47,
                        "incorrect": 0,
                        "partial": 1,
                        "missed": 10,
                        "spurious": 6,
                        "possible": 58,
                        "actual": 54,
                        "TP": 47,
                        "FP": 7,
                        "FN": 11,
                        "P_micro": 0.8796296296296297,
                        "R_micro": 0.8189655172413793,
                        "F1_micro": 0.8482142857142858,
                        "P_macro_doc": 0.8369791666666666,
                        "R_macro_doc": 0.8916666666666666,