{
    "NE-COARSE-LIT": {
        "TIME-ALL": {
            "LED-ALL": {
                "PERS": {
                    "partial": {
                        "correct": 1,
                        "incorrect": 0,
                        "partial": 2,
                        "missed": 6,
                        "spurious": 4,
                        "possible": 9,
                        "actual": 7,
                        "TP": 1,
                        "FP": 6,
                        "FN": 8,
                        "P_micro": 0.2857142857142857,
                        "R_micro": 0.2222222222222222,
                        "F1_micro": 0.25,
                        "P_macro_doc": 0.2857142857142857,
                        "R_macro_doc": 0.2222222222222222,
                        "F1_macro_doc": 0.6666666666666666,
                        "P_macro_doc_std": 0.36421567954234174,
                        "R_macro_doc_std": 0.3424674446093876,
                        "F1_macro_doc_std": 0.23570226039551584
                    },
                    "strict": {
                        "correct": 1,
                        "incorrect": 2,
                        "partial": 0,
                        "missed": 6,
                        "spurious": 4,
                        "possible": 9,
                        "actual": 7,
                        "TP": 1,
                        "FP": 6,
                        "FN": 8,
                        "P_micro": 0.14285714285714285,
                        "R_micro": 0.1111111111111111,
                        "F1_micro": 0.125,
                        "P_macro_doc": 0.14285714285714285,
                        "R_macro_doc": 0.1111111111111111,
                        "F1_macro_doc": 0.3333333333333333,
                        "P_macro_doc_std": 0.3499271061118826,
                        "R_macro_doc_std": 0.31426968052735443,
                        "F1_macro_doc_std": 0.4714045207910317
                    },
                    "ent_type": {
                        "correct": 3,
                        "incorrect": 0,
                        "partial": 0,
                        "missed": 6,
                        "spurious": 4,
                        "possible": 9,
                        "actual": 7,
                        "TP": 3,
                        "FP": 4,
                        "FN": 6,
                        "P_micro": 0.42857142857142855,
                        "R_micro": 0.3333333333333333,
                        "F1_micro": 0.375,
                        "P_macro_doc": 0.42857142857142855,
                        "R_macro_doc": 0.3333333333333333,
                        "F1_macro_doc": 1.0,
                        "P_macro_doc_std": 0.4948716593053935,
                        "R_macro_doc_std": 0.4714045207910317,
                        "F1_macro_doc_std": 0.0
                    },
                    "exact": {
                        "correct": 1,
                        "incorrect": 2,
                        "partial": 0,
                        "missed": 6,
                        "spurious": 4,
                        "possible": 9,
                        "actual": 7,
                        "TP": 1,
                        "FP": 6,
                        "FN": 8,
                        "P_micro": 0.14285714285714285,
                        "R_micro": 0.1111111111111111,
                        "F1_micro": 0.125,
                        "P_macro_doc": 0.14285714285714285,
                        "R_macro_doc": 0.1111111111111111,
                        "F1_macro_doc": 0.3333333333333333,
                        "P_macro_doc_std": 0.3499271061118826,
                        "R_macro_doc_std": 0.31426968052735443,
                        "F1_macro_doc_std": 0.4714045207910317
                    }
                },
                "ORG": {
                    "partial": {
                        "correct": 131,
                        "incorrect": 0,
                        "partial": 8,
                        "missed": 15,
                        "spurious": 21,
                        "possible": 154,
                        "actual": 160,
                        "TP": 131,
                        "FP": 29,
                        "FN": 23,
                        "P_micro": 0.84375,
                        "R_micro": 0.8766233766233766,
                        "F1_micro": 0.8598726114649682,
                        "P_macro_doc": 0.8632911392405064,
                        "R_macro_doc": 0.8958791208791209,
                        "F1_macro_doc": 0.9091100011100012,
                        "P_macro_doc_std": 0.29860646510829036,
                        "R_macro_doc_std": 0.24741899060063724,
                        "F1_macro_doc_std": 0.20472044182738183
                    },
                    "strict": {
                        "correct": 131,
                        "incorrect": 8,
                        "partial": 0,
                        "missed": 15,
                        "spurious": 21,
                        "possible": 154,
                        "actual": 160,
                        "TP": 131,
                        "FP": 29,
                        "FN": 23,
                        "P_micro": 0.81875,
                        "R_micro": 0.8506493506493507,
                        "F1_micro": 0.8343949044585987,
                        "P_macro_doc": 0.8424050632911392,
                        "R_macro_doc": 0.8683150183150183,
                        "F1_macro_doc": 0.8848877788877788,
                        "P_macro_doc_std": 0.33434232804592295,
                        "R_macro_doc_std": 0.3030904417410831,
                        "F1_macro_doc_std": 0.2652711365734721
                    },
                    "ent_type": {
                        "correct": 138,
                        "incorrect": 1,
                        "partial": 0,
                        "missed": 15,
                        "spurious": 21,
                        "possible": 154,
                        "actual": 160,
                        "TP": 138,
                        "FP": 22,
                        "FN": 16,
                        "P_micro": 0.8625,
                        "R_micro": 0.8961038961038961,
                        "F1_micro": 0.8789808917197451,
                        "P_macro_doc": 0.8816455696202532,
                        "R_macro_doc": 0.9208791208791208,
                        "F1_macro_doc": 0.9306655566655566,
                        "P_macro_doc_std": 0.2832103845514565,
                        "R_macro_doc_std": 0.23148577149437008,
                        "F1_macro_doc_std": 0.17447625610811082
                    },
                    "exact": {
                        "correct": 131,
                        "incorrect": 8,
                        "partial": 0,
                        "missed": 15,
                        "spurious": 21,
                        "possible": 154,
                        "actual": 160,
                        "TP": 131,
                        "FP": 29,
                        "FN": 23,
                        "P_micro": 0.81875,
                        "R_micro": 0.8506493506493507,
                        "F1_micro": 0.8343949044585987,
                        "P_macro_doc": 0.8424050632911392,
                        "R_macro_doc": 0.8683150183150183,
                        "F1_macro_doc": 0.8848877788877788,
                        "P_macro_doc_std": 0.33434232804592295,
                        "R_macro_doc_std": 0.3030904417410831,
                        "F1_macro_doc_std": 0.2652711365734721
                    }
                },
                "ALL": {
                    "partial": {
                        "correct": 132,
                        "incorrect": 0,
                        "partial": 10,
                        "missed": 21,
                        "spurious": 25,