{
    "NE-COARSE-LIT": {
        "TIME-ALL": {
            "LED-ALL": {
                "ORG": {
                    "partial": {
                        "correct": 47,
                        "incorrect": 0,
                        "partial": 1,
                        "missed": 8,
                        "spurious": 76,
                        "possible": 56,
                        "actual": 124,
                        "TP": 47,
                        "FP": 77,
                        "FN": 9,
                        "P_micro": 0.38306451612903225,
                        "R_micro": 0.8482142857142857,
                        "F1_micro": 0.5277777777777777,
                        "P_macro_doc": 0.3864942528735632,
                        "R_macro_doc": 0.9420454545454546,
                        "F1_macro_doc": 0.8458299986661331,
                        "P_macro_doc_std": 0.4225357553229756,
                        "R_macro_doc_std": 0.1638948850727521,
                        "F1_macro_doc_std": 0.1629486207064753
                    },
                    "strict": {
                        "correct": 47,
                        "incorrect": 1,
                        "partial": 0,
                        "missed": 8,
                        "spurious": 76,
                        "possible": 56,
                        "actual": 124,
                        "TP": 47,
                        "FP": 77,
                        "FN": 9,
                        "P_micro": 0.3790322580645161,
                        "R_micro": 0.8392857142857143,
                        "F1_micro": 0.5222222222222223,
                        "P_macro_doc": 0.3847701149425287,
                        "R_macro_doc": 0.938474025974026,
                        "F1_macro_doc": 0.8422585700947046,
                        "P_macro_doc_std": 0.42032912759568636,
                        "R_macro_doc_std": 0.16422707297435174,
                        "F1_macro_doc_std": 0.16116450564120594
                    },
                    "ent_type": {
                        "correct": 48,
                        "incorrect": 0,
                        "partial": 0,
                        "missed": 8,
                        "spurious": 76,
                        "possible": 56,
                        "actual": 124,
                        "TP": 48,
                        "FP": 76,
                        "FN": 8,
                        "P_micro": 0.3870967741935484,
                        "R_micro": 0.8571428571428571,
                        "F1_micro": 0.5333333333333333,
                        "P_macro_doc": 0.3882183908045977,
                        "R_macro_doc": 0.9456168831168831,
                        "F1_macro_doc": 0.8494014272375617,
                        "P_macro_doc_std": 0.4249268431592162,
                        "R_macro_doc_std": 0.16457268260971933,
                        "F1_macro_doc_std": 0.16571705028382688
                    },
                    "exact": {
                        "correct": 47,
                        "incorrect": 1,
                        "partial": 0,
                        "missed": 8,
                        "spurious": 76,
                        "possible": 56,
                        "actual": 124,
                        "TP": 47,
                        "FP": 77,
                        "FN": 9,
                        "P_micro": 0.3790322580645161,
                        "R_micro": 0.8392857142857143,
                        "F1_micro": 0.5222222222222223,
                        "P_macro_doc": 0.3847701149425287,
                        "R_macro_doc": 0.938474025974026,
                        "F1_macro_doc": 0.8422585700947046,
                        "P_macro_doc_std": 0.42032912759568636,
                        "R_macro_doc_std": 0.16422707297435174,
                        "F1_macro_doc_std": 0.16116450564120594
                    }
                },
                "PERS": {
                    "partial": {
                        "correct": 0,
                        "incorrect": 0,
                        "partial": 0,
                        "missed": 2,
                        "spurious": 3,
                        "possible": 2,
                        "actual": 3,
                        "TP": 0,
                        "FP": 3,
                        "FN": 2,
                        "P_micro": 0.0,
                        "R_micro": 0.0,
                        "F1_micro": 0,
                        "P_macro_doc": 0.0,
                        "R_macro_doc": 0.0,
                        "F1_macro_doc": null,
                        "P_macro_doc_std": 0.0,
                        "R_macro_doc_std": 0.0,
                        "F1_macro_doc_std": null
                    },
                    "strict": {
                        "correct": 0,
                        "incorrect": 0,
                        "partial": 0,
                        "missed": 2,
                        "spurious": 3,
                        "possible": 2,
                        "actual": 3,
                        "TP": 0,
                        "FP": 3,
                        "FN": 2,
                        "P_micro": 0.0,
                        "R_micro": 0.0,
                        "F1_micro": 0,
                        "P_macro_doc": 0.0,
                        "R_macro_doc": 0.0,
                        "F1_macro_doc": null,
                        "P_macro_doc_std": 0.0,
                        "R_macro_doc_std": 0.0,
                        "F1_macro_doc_std": null
                    },
                    "ent_type": {
                        "correct": 0,
                        "incorrect": 0,
                        "partial": 0,
                        "missed": 2,
                        "spurious": 3,
                        "possible": 2,
                        "actual": 3,
                        "TP": 0,
                        "FP": 3,
                        "FN": 2,
                        "P_micro": 0.0,
                        "R_micro": 0.0,
                        "F1_micro": 0,
                        "P_macro_doc": 0.0,
                        "R_macro_doc": 0.0,
                        "F1_macro_doc": null,
                        "P_macro_doc_std": 0.0,
                        "R_macro_doc_std": 0.0,
                        "F1_macro_doc_std": null
                    },
                    "exact": {
                        "correct": 0,
                        "incorrect": 0,
                        "partial": 0,
                        "missed": 2,
                        "spurious": 3,
                        "possible": 2,
                        "actual": 3,
                        "TP": 0,
                        "FP": 3,
                        "FN": 2,
                        "P_micro": 0.0,
                        "R_micro": 0.0,
                        "F1_micro": 0,
                        "P_macro_doc": 0.0,
                        "R_macro_doc": 0.0,
                        "F1_macro_doc": null,
                        "P_macro_doc_std": 0.0,
                        "R_macro_doc_std": 0.0,
                        "F1_macro_doc_std": null
                    }
                },
                "ALL": {
                    "partial": {
                        "correct": 47,
                        "incorrect": 0,
                        "partial": 1,
                        "missed": 10,
                        "spurious": 79,
                        "possible": 58,
                        "actual": 127,
                        "TP": 47,
                        "FP": 80,
                        "FN": 11,
                        "P_micro": 0.37401574803149606,
                        "R_micro": 0.8189655172413793,
                        "F1_micro": 0.5135135135135136,
                        "P_macro_doc": 0.3770898641588296,