{"dev": {"global": [{"loss": 0.00756099552112001, "precision": 0.79, "recall": 0.7053571428571429, "f1": 0.7452830188679247}, {"loss": 0.0059280512165121235, "precision": 0.7398373983739838, "recall": 0.8125, "f1": 0.7744680851063831}, {"loss": 0.004526105141481372, "precision": 0.6762589928057554, "recall": 0.8392857142857143, "f1": 0.749003984063745}], "sent-level": [null, null, null], "token-level": ["                             precision    recall  f1-score   support\n\n    org.ent.pressagency.AFP     0.6087    1.0000    0.7568        14\n     org.ent.pressagency.AP     1.0000    0.1250    0.2222         8\norg.ent.pressagency.ATS-SDA     0.9545    0.8750    0.9130        24\n    org.ent.pressagency.DNB     0.0000    0.0000    0.0000         3\n  org.ent.pressagency.Extel     0.0000    0.0000    0.0000         1\n  org.ent.pressagency.Havas     0.7857    0.8462    0.8148        26\norg.ent.pressagency.Reuters     0.7619    0.8421    0.8000        19\norg.ent.pressagency.Stefani     0.0000    0.0000    0.0000         1\n org.ent.pressagency.UP-UPI     1.0000    0.7500    0.8571         4\n  org.ent.pressagency.Wolff     1.0000    0.6667    0.8000         3\n     org.ent.pressagency.ag     0.0000    0.0000    0.0000         1\n    org.ent.pressagency.unk     0.0000    0.0000    0.0000         4\n     pers.ind.articleauthor     0.0000    0.0000    0.0000         4\n\n                  micro avg     0.7900    0.7054    0.7453       112\n                  macro avg     0.4701    0.3927    0.3972       112\n               weighted avg     0.7262    0.7054    0.6830       112\n", "                             precision    recall  f1-score   support\n\n    org.ent.pressagency.AFP     0.5600    1.0000    0.7179        14\n     org.ent.pressagency.AP     0.6250    0.6250    0.6250         8\norg.ent.pressagency.ATS-SDA     0.8889    1.0000    0.9412        24\n    org.ent.pressagency.DNB     1.0000    0.3333    0.5000         3\n  org.ent.pressagency.Extel     0.0000    0.0000    0.0000         1\n  org.ent.pressagency.Havas     0.6970    0.8846    0.7797        26\norg.ent.pressagency.Reuters     0.8500    0.8947    0.8718        19\norg.ent.pressagency.Stefani     1.0000    1.0000    1.0000         1\n org.ent.pressagency.UP-UPI     1.0000    1.0000    1.0000         4\n  org.ent.pressagency.Wolff     1.0000    0.6667    0.8000         3\n     org.ent.pressagency.ag     0.0000    0.0000    0.0000         1\n    org.ent.pressagency.unk     0.0000    0.0000    0.0000         4\n     pers.ind.articleauthor     0.0000    0.0000    0.0000         4\n\n                  micro avg     0.7398    0.8125    0.7745       112\n                  macro avg     0.5862    0.5696    0.5566       112\n               weighted avg     0.7093    0.8125    0.7444       112\n", "                             precision    recall  f1-score   support\n\n    org.ent.pressagency.AFP     0.6667    1.0000    0.8000        14\n     org.ent.pressagency.AP     0.5455    0.7500    0.6316         8\norg.ent.pressagency.ATS-SDA     0.8889    1.0000    0.9412        24\n    org.ent.pressagency.DNB     0.5000    0.3333    0.4000         3\n  org.ent.pressagency.Extel     0.0000    0.0000    0.0000         1\n  org.ent.pressagency.Havas     0.6970    0.8846    0.7797        26\norg.ent.pressagency.Reuters     0.8636    1.0000    0.9268        19\norg.ent.pressagency.Stefani     0.0000    0.0000    0.0000         1\n org.ent.pressagency.UP-UPI     1.0000    1.0000    1.0000         4\n  org.ent.pressagency.Wolff     0.6000    1.0000    0.7500         3\n     org.ent.pressagency.ag     0.0000    0.0000    0.0000         1\n    org.ent.pressagency.unk     0.0000    0.0000    0.0000         4\n     pers.ind.articleauthor     0.0000    0.0000    0.0000         4\n\n                  micro avg     0.6763    0.8393    0.7490       112\n                  macro avg     0.4432    0.5360    0.4792       112\n               weighted avg     0.6863    0.8393    0.7515       112\n"]}, "test": {"global": {"loss": 0.007892368937762472, "precision": 0.7423312883435583, "recall": 0.7806451612903226, "f1": 0.7610062893081762}, "token-level": "                             precision    recall  f1-score   support\n\n    org.ent.pressagency.AFP     1.0000    1.0000    1.0000        20\n   org.ent.pressagency.ANSA     0.0000    0.0000    0.0000         1\n     org.ent.pressagency.AP     0.6000    1.0000    0.7500         6\n    org.ent.pressagency.APA     0.0000    0.0000    0.0000         1\norg.ent.pressagency.ATS-SDA     0.9167    0.9565    0.9362        23\n    org.ent.pressagency.DNB     1.0000    0.3333    0.5000         3\n    org.ent.pressagency.DPA     1.0000    1.0000    1.0000         2\n  org.ent.pressagency.Havas     0.5870    0.8182    0.6835        33\n   org.ent.pressagency.Kipa     0.0000    0.0000    0.0000         1\norg.ent.pressagency.Reuters     0.9600    0.8889    0.9231        27\norg.ent.pressagency.Stefani     1.0000    1.0000    1.0000         2\n org.ent.pressagency.UP-UPI     1.0000    1.0000    1.0000        13\n  org.ent.pressagency.Wolff     0.3333    0.6667    0.4444         3\n org.ent.pressagency.Xinhua     0.0000    0.0000    0.0000         1\n     org.ent.pressagency.ag     0.0000    0.0000    0.0000         3\n    org.ent.pressagency.unk     0.4000    0.2857    0.3333         7\n     pers.ind.articleauthor     0.0000    0.0000    0.0000         9\n\n                  micro avg     0.7423    0.7806    0.7610       155\n                  macro avg     0.5175    0.5264    0.5042       155\n               weighted avg     0.7340    0.7806    0.7463       155\n"}}