{"dev": {"global": [{"loss": 0.006817902952401239, "precision": 0.7339449541284404, "recall": 0.7142857142857143, "f1": 0.7239819004524886}, {"loss": 0.004689855608008207, "precision": 0.7014925373134329, "recall": 0.8392857142857143, "f1": 0.7642276422764228}, {"loss": 0.003830631918001958, "precision": 0.7226277372262774, "recall": 0.8839285714285714, "f1": 0.7951807228915663}], "sent-level": [null, null, null], "token-level": ["                             precision    recall  f1-score   support\n\n    org.ent.pressagency.AFP     0.5909    0.9286    0.7222        14\n     org.ent.pressagency.AP     1.0000    0.3750    0.5455         8\norg.ent.pressagency.ATS-SDA     0.8696    0.8333    0.8511        24\n    org.ent.pressagency.DNB     0.0000    0.0000    0.0000         3\n  org.ent.pressagency.Extel     0.0000    0.0000    0.0000         1\n  org.ent.pressagency.Havas     0.6970    0.8846    0.7797        26\norg.ent.pressagency.Reuters     0.8947    0.8947    0.8947        19\norg.ent.pressagency.Stefani     0.0000    0.0000    0.0000         1\n org.ent.pressagency.UP-UPI     1.0000    0.2500    0.4000         4\n  org.ent.pressagency.Wolff     0.4286    1.0000    0.6000         3\n     org.ent.pressagency.ag     0.0000    0.0000    0.0000         1\n    org.ent.pressagency.unk     0.0000    0.0000    0.0000         4\n     pers.ind.articleauthor     0.0000    0.0000    0.0000         4\n\n                  micro avg     0.7339    0.7143    0.7240       112\n                  macro avg     0.4216    0.3974    0.3687       112\n               weighted avg     0.6924    0.7143    0.6747       112\n", "                             precision    recall  f1-score   support\n\n    org.ent.pressagency.AFP     0.6667    1.0000    0.8000        14\n     org.ent.pressagency.AP     1.0000    0.6250    0.7692         8\norg.ent.pressagency.ATS-SDA     0.8276    1.0000    0.9057        24\n    org.ent.pressagency.DNB     1.0000    0.3333    0.5000         3\n  org.ent.pressagency.Extel     0.0000    0.0000    0.0000         1\n  org.ent.pressagency.Havas     0.5897    0.8846    0.7077        26\norg.ent.pressagency.Reuters     0.9048    1.0000    0.9500        19\norg.ent.pressagency.Stefani     1.0000    1.0000    1.0000         1\n org.ent.pressagency.UP-UPI     0.5714    1.0000    0.7273         4\n  org.ent.pressagency.Wolff     0.6000    1.0000    0.7500         3\n     org.ent.pressagency.ag     0.0000    0.0000    0.0000         1\n    org.ent.pressagency.unk     0.0000    0.0000    0.0000         4\n     pers.ind.articleauthor     0.0000    0.0000    0.0000         4\n\n                  micro avg     0.7015    0.8393    0.7642       112\n                  macro avg     0.5508    0.6033    0.5469       112\n               weighted avg     0.6947    0.8393    0.7428       112\n", "                             precision    recall  f1-score   support\n\n    org.ent.pressagency.AFP     0.7368    1.0000    0.8485        14\n     org.ent.pressagency.AP     1.0000    0.8750    0.9333         8\norg.ent.pressagency.ATS-SDA     0.8571    1.0000    0.9231        24\n    org.ent.pressagency.DNB     0.3333    0.3333    0.3333         3\n  org.ent.pressagency.Extel     0.0000    0.0000    0.0000         1\n  org.ent.pressagency.Havas     0.7143    0.9615    0.8197        26\norg.ent.pressagency.Reuters     0.7600    1.0000    0.8636        19\norg.ent.pressagency.Stefani     1.0000    1.0000    1.0000         1\n org.ent.pressagency.UP-UPI     1.0000    1.0000    1.0000         4\n  org.ent.pressagency.Wolff     0.6000    1.0000    0.7500         3\n     org.ent.pressagency.ag     0.0000    0.0000    0.0000         1\n    org.ent.pressagency.unk     0.3333    0.2500    0.2857         4\n     pers.ind.articleauthor     0.0000    0.0000    0.0000         4\n\n                  micro avg     0.7226    0.8839    0.7952       112\n                  macro avg     0.5642    0.6477    0.5967       112\n               weighted avg     0.7235    0.8839    0.7912       112\n"]}, "test": {"global": {"loss": 0.00618761165555726, "precision": 0.7878787878787878, "recall": 0.8176100628930818, "f1": 0.8024691358024691}, "token-level": "                             precision    recall  f1-score   support\n\n    org.ent.pressagency.AFP     0.9524    1.0000    0.9756        20\n   org.ent.pressagency.ANSA     0.0000    0.0000    0.0000         1\n     org.ent.pressagency.AP     0.6667    1.0000    0.8000         6\n    org.ent.pressagency.APA     0.0000    0.0000    0.0000         1\norg.ent.pressagency.ATS-SDA     0.9200    1.0000    0.9583        23\n    org.ent.pressagency.DNB     0.5000    0.3333    0.4000         3\n    org.ent.pressagency.DPA     1.0000    1.0000    1.0000         2\n  org.ent.pressagency.Havas     0.8000    0.9412    0.8649        34\n   org.ent.pressagency.Kipa     0.0000    0.0000    0.0000         1\norg.ent.pressagency.Reuters     0.7879    0.9286    0.8525        28\norg.ent.pressagency.Stefani     1.0000    1.0000    1.0000         2\n org.ent.pressagency.UP-UPI     0.8571    0.8571    0.8571        14\n  org.ent.pressagency.Wolff     0.5000    0.7500    0.6000         4\n org.ent.pressagency.Xinhua     0.0000    0.0000    0.0000         1\n     org.ent.pressagency.ag     0.0000    0.0000    0.0000         3\n    org.ent.pressagency.unk     0.5000    0.4286    0.4615         7\n     pers.ind.articleauthor     0.0000    0.0000    0.0000         9\n\n                  micro avg     0.7879    0.8176    0.8025       159\n                  macro avg     0.4991    0.5435    0.5159       159\n               weighted avg     0.7325    0.8176    0.7702       159\n"}}