{"dev": {"global": {"loss": 0.0035430438090750184, "precision": 0.7357142857142858, "recall": 0.9196428571428571, "f1": 0.8174603174603174}, "sent-level": null, "token-level": "                             precision    recall  f1-score   support\n\n    org.ent.pressagency.AFP     0.7778    1.0000    0.8750        14\n     org.ent.pressagency.AP     0.8750    0.8750    0.8750         8\norg.ent.pressagency.ATS-SDA     0.8000    1.0000    0.8889        24\n    org.ent.pressagency.DNB     0.6667    0.6667    0.6667         3\n    org.ent.pressagency.DPA     0.0000    0.0000    0.0000         0\n  org.ent.pressagency.Extel     0.0000    0.0000    0.0000         1\n  org.ent.pressagency.Havas     0.8333    0.9615    0.8929        26\norg.ent.pressagency.Reuters     0.9048    1.0000    0.9500        19\norg.ent.pressagency.Stefani     1.0000    1.0000    1.0000         1\n org.ent.pressagency.UP-UPI     1.0000    1.0000    1.0000         4\n  org.ent.pressagency.Wolff     0.5000    1.0000    0.6667         3\n     org.ent.pressagency.ag     0.2000    1.0000    0.3333         1\n    org.ent.pressagency.unk     0.2500    0.2500    0.2500         4\n     pers.ind.articleauthor     0.2500    0.5000    0.3333         4\n\n                  micro avg     0.7357    0.9196    0.8175       112\n                  macro avg     0.5755    0.7324    0.6237       112\n               weighted avg     0.7736    0.9196    0.8349       112\n"}, "test": {"global": {"loss": 0.006167577721709717, "precision": 0.8333333333333334, "recall": 0.8544303797468354, "f1": 0.84375}, "sent-level": null, "token-level": "                             precision    recall  f1-score   support\n\n    org.ent.pressagency.AFP     0.9524    1.0000    0.9756        20\n   org.ent.pressagency.ANSA     0.0000    0.0000    0.0000         1\n     org.ent.pressagency.AP     0.7500    1.0000    0.8571         6\n    org.ent.pressagency.APA     0.0000    0.0000    0.0000         1\norg.ent.pressagency.ATS-SDA     0.9200    1.0000    0.9583        23\n    org.ent.pressagency.DNB     1.0000    0.6667    0.8000         3\n    org.ent.pressagency.DPA     1.0000    1.0000    1.0000         2\n  org.ent.pressagency.Havas     0.8571    0.9091    0.8824        33\n   org.ent.pressagency.Kipa     1.0000    1.0000    1.0000         1\norg.ent.pressagency.Reuters     0.9259    0.8929    0.9091        28\norg.ent.pressagency.Stefani     1.0000    1.0000    1.0000         2\n org.ent.pressagency.UP-UPI     0.8667    0.9286    0.8966        14\n  org.ent.pressagency.Wolff     0.5714    1.0000    0.7273         4\n org.ent.pressagency.Xinhua     0.0000    0.0000    0.0000         1\n     org.ent.pressagency.ag     0.5000    1.0000    0.6667         3\n    org.ent.pressagency.unk     0.6000    0.4286    0.5000         7\n     pers.ind.articleauthor     0.1667    0.1111    0.1333         9\n\n                  micro avg     0.8333    0.8544    0.8438       158\n                  macro avg     0.6535    0.7022    0.6651       158\n               weighted avg     0.8135    0.8544    0.8280       158\n"}}