{"dev": {"global": [{"loss": 0.006788452430295625, "precision": 0.7647058823529411, "recall": 0.5, "f1": 0.6046511627906976}, {"loss": 0.004258372403689594, "precision": 0.782608695652174, "recall": 0.6923076923076923, "f1": 0.7346938775510203}, {"loss": 0.009050291013097324, "precision": 0.5405405405405406, "recall": 0.7692307692307693, "f1": 0.6349206349206349}], "sent-level": [null, null, null], "token-level": ["                                 precision    recall  f1-score   support\n\n        org.ent.pressagency.AFP     1.0000    1.0000    1.0000         7\n         org.ent.pressagency.AP     0.0000    0.0000    0.0000         2\n    org.ent.pressagency.ATS-SDA     0.0000    0.0000    0.0000         1\n        org.ent.pressagency.DNB     0.0000    0.0000    0.0000         1\norg.ent.pressagency.Europapress     0.0000    0.0000    0.0000         1\n      org.ent.pressagency.Extel     0.0000    0.0000    0.0000         1\n      org.ent.pressagency.Havas     0.0000    0.0000    0.0000         1\n    org.ent.pressagency.Reuters     0.5000    0.6667    0.5714         3\n     org.ent.pressagency.UP-UPI     1.0000    1.0000    1.0000         3\n      org.ent.pressagency.Wolff     0.0000    0.0000    0.0000         1\n         org.ent.pressagency.ag     0.3333    1.0000    0.5000         1\n        org.ent.pressagency.unk     0.0000    0.0000    0.0000         1\n         pers.ind.articleauthor     0.0000    0.0000    0.0000         3\n\n                      micro avg     0.7647    0.5000    0.6047        26\n                      macro avg     0.2179    0.2821    0.2363        26\n                   weighted avg     0.4551    0.5000    0.4698        26\n", "                                 precision    recall  f1-score   support\n\n        org.ent.pressagency.AFP     1.0000    1.0000    1.0000         7\n         org.ent.pressagency.AP     1.0000    1.0000    1.0000         2\n    org.ent.pressagency.ATS-SDA     0.0000    0.0000    0.0000         1\n        org.ent.pressagency.DNB     1.0000    1.0000    1.0000         1\norg.ent.pressagency.Europapress     1.0000    1.0000    1.0000         1\n      org.ent.pressagency.Extel     1.0000    1.0000    1.0000         1\n      org.ent.pressagency.Havas     0.0000    0.0000    0.0000         1\n    org.ent.pressagency.Reuters     0.0000    0.0000    0.0000         3\n     org.ent.pressagency.UP-UPI     1.0000    1.0000    1.0000         3\n      org.ent.pressagency.Wolff     1.0000    1.0000    1.0000         1\n         org.ent.pressagency.ag     1.0000    1.0000    1.0000         1\n        org.ent.pressagency.unk     1.0000    1.0000    1.0000         1\n         pers.ind.articleauthor     0.0000    0.0000    0.0000         3\n\n                      micro avg     0.7826    0.6923    0.7347        26\n                      macro avg     0.6923    0.6923    0.6923        26\n                   weighted avg     0.6923    0.6923    0.6923        26\n", "                                 precision    recall  f1-score   support\n\n        org.ent.pressagency.AFP     1.0000    1.0000    1.0000         7\n         org.ent.pressagency.AP     1.0000    1.0000    1.0000         2\n    org.ent.pressagency.ATS-SDA     0.0000    0.0000    0.0000         1\n        org.ent.pressagency.DNB     1.0000    1.0000    1.0000         1\norg.ent.pressagency.Europapress     1.0000    1.0000    1.0000         1\n      org.ent.pressagency.Extel     1.0000    1.0000    1.0000         1\n      org.ent.pressagency.Havas     0.2000    1.0000    0.3333         1\n    org.ent.pressagency.Reuters     0.5000    0.6667    0.5714         3\n     org.ent.pressagency.UP-UPI     1.0000    1.0000    1.0000         3\n      org.ent.pressagency.Wolff     1.0000    1.0000    1.0000         1\n         org.ent.pressagency.ag     0.5000    1.0000    0.6667         1\n        org.ent.pressagency.unk     0.0000    0.0000    0.0000         1\n         pers.ind.articleauthor     0.0000    0.0000    0.0000         3\n\n                      micro avg     0.5405    0.7692    0.6349        26\n                      macro avg     0.6308    0.7436    0.6593        26\n                   weighted avg     0.7000    0.7692    0.7198        26\n"]}, "test": {"global": {"loss": 0.007210143845655052, "precision": 0.703125, "recall": 0.8181818181818182, "f1": 0.7563025210084033}, "token-level": "                                 precision    recall  f1-score   support\n\n        org.ent.pressagency.AFP     1.0000    1.0000    1.0000         5\n         org.ent.pressagency.AP     0.6667    0.6667    0.6667         6\n    org.ent.pressagency.ATS-SDA     0.0000    0.0000    0.0000         0\n        org.ent.pressagency.DNB     1.0000    1.0000    1.0000         3\norg.ent.pressagency.Europapress     1.0000    1.0000    1.0000         1\n      org.ent.pressagency.Extel     1.0000    1.0000    1.0000         1\n      org.ent.pressagency.Havas     0.6364    1.0000    0.7778         7\n    org.ent.pressagency.Reuters     1.0000    1.0000    1.0000         4\n    org.ent.pressagency.SPK-SMP     0.0000    0.0000    0.0000         0\n     org.ent.pressagency.UP-UPI     0.7500    0.7500    0.7500         4\n      org.ent.pressagency.Wolff     1.0000    1.0000    1.0000         6\n         org.ent.pressagency.ag     0.7857    0.9167    0.8462        12\n        org.ent.pressagency.unk     0.0000    0.0000    0.0000         4\n         pers.ind.articleauthor     0.0000    0.0000    0.0000         2\n\n                      micro avg     0.7031    0.8182    0.7563        55\n                      macro avg     0.6313    0.6667    0.6458        55\n                   weighted avg     0.7433    0.8182    0.7745        55\n"}}