{
    "NE-COARSE-LIT": {
        "TIME-ALL": {
            "LED-ALL": {
                "ORG": {
                    "partial": {
                        "correct": 44,
                        "incorrect": 0,
                        "partial": 1,
                        "missed": 11,
                        "spurious": 11,
                        "possible": 56,
                        "actual": 56,
                        "TP": 44,
                        "FP": 12,
                        "FN": 12,
                        "P_micro": 0.7946428571428571,
                        "R_micro": 0.7946428571428571,
                        "F1_micro": 0.7946428571428572,
                        "P_macro_doc": 0.6972222222222223,
                        "R_macro_doc": 0.9027597402597403,
                        "F1_macro_doc": 0.866592075426662,
                        "P_macro_doc_std": 0.41715711875550565,
                        "R_macro_doc_std": 0.17386454581594873,
                        "F1_macro_doc_std": 0.1941775384821178
                    },
                    "strict": {
                        "correct": 44,
                        "incorrect": 1,
                        "partial": 0,
                        "missed": 11,
                        "spurious": 11,
                        "possible": 56,
                        "actual": 56,
                        "TP": 44,
                        "FP": 12,
                        "FN": 12,
                        "P_micro": 0.7857142857142857,
                        "R_micro": 0.7857142857142857,
                        "F1_micro": 0.7857142857142857,
                        "P_macro_doc": 0.6833333333333333,
                        "R_macro_doc": 0.8849025974025974,
                        "F1_macro_doc": 0.848734932569519,
                        "P_macro_doc_std": 0.41932485418030413,
                        "R_macro_doc_std": 0.19957453110136042,
                        "F1_macro_doc_std": 0.21450950400401606
                    },
                    "ent_type": {
                        "correct": 45,
                        "incorrect": 0,
                        "partial": 0,
                        "missed": 11,
                        "spurious": 11,
                        "possible": 56,
                        "actual": 56,
                        "TP": 45,
                        "FP": 11,
                        "FN": 11,
                        "P_micro": 0.8035714285714286,
                        "R_micro": 0.8035714285714286,
                        "F1_micro": 0.8035714285714286,
                        "P_macro_doc": 0.7111111111111111,
                        "R_macro_doc": 0.9206168831168832,
                        "F1_macro_doc": 0.8844492182838047,
                        "P_macro_doc_std": 0.42280661312089884,
                        "R_macro_doc_std": 0.1700546484097833,
                        "F1_macro_doc_std": 0.19412965234716278
                    },
                    "exact": {
                        "correct": 44,
                        "incorrect": 1,
                        "partial": 0,
                        "missed": 11,
                        "spurious": 11,
                        "possible": 56,
                        "actual": 56,
                        "TP": 44,
                        "FP": 12,
                        "FN": 12,
                        "P_micro": 0.7857142857142857,
                        "R_micro": 0.7857142857142857,
                        "F1_micro": 0.7857142857142857,
                        "P_macro_doc": 0.6833333333333333,
                        "R_macro_doc": 0.8849025974025974,
                        "F1_macro_doc": 0.848734932569519,
                        "P_macro_doc_std": 0.41932485418030413,
                        "R_macro_doc_std": 0.19957453110136042,
                        "F1_macro_doc_std": 0.21450950400401606
                    }
                },
                "PERS": {
                    "partial": {
                        "correct": 0,
                        "incorrect": 0,
                        "partial": 0,
                        "missed": 2,
                        "spurious": 0,
                        "possible": 2,
                        "actual": 0,
                        "TP": 0,
                        "FP": 0,
                        "FN": 2,
                        "P_micro": 0,
                        "R_micro": 0.0,
                        "F1_micro": 0,
                        "P_macro_doc": null,
                        "R_macro_doc": 0.0,
                        "F1_macro_doc": null,
                        "P_macro_doc_std": null,
                        "R_macro_doc_std": 0.0,
                        "F1_macro_doc_std": null
                    },
                    "strict": {
                        "correct": 0,
                        "incorrect": 0,
                        "partial": 0,
                        "missed": 2,
                        "spurious": 0,
                        "possible": 2,
                        "actual": 0,
                        "TP": 0,
                        "FP": 0,
                        "FN": 2,
                        "P_micro": 0,
                        "R_micro": 0.0,
                        "F1_micro": 0,
                        "P_macro_doc": null,
                        "R_macro_doc": 0.0,
                        "F1_macro_doc": null,
                        "P_macro_doc_std": null,
                        "R_macro_doc_std": 0.0,
                        "F1_macro_doc_std": null
                    },
                    "ent_type": {
                        "correct": 0,
                        "incorrect": 0,
                        "partial": 0,
                        "missed": 2,
                        "spurious": 0,
                        "possible": 2,
                        "actual": 0,
                        "TP": 0,
                        "FP": 0,
                        "FN": 2,
                        "P_micro": 0,
                        "R_micro": 0.0,
                        "F1_micro": 0,
                        "P_macro_doc": null,
                        "R_macro_doc": 0.0,
                        "F1_macro_doc": null,
                        "P_macro_doc_std": null,
                        "R_macro_doc_std": 0.0,
                        "F1_macro_doc_std": null
                    },
                    "exact": {
                        "correct": 0,
                        "incorrect": 0,
                        "partial": 0,
                        "missed": 2,
                        "spurious": 0,
                        "possible": 2,
                        "actual": 0,
                        "TP": 0,
                        "FP": 0,
                        "FN": 2,
                        "P_micro": 0,
                        "R_micro": 0.0,
                        "F1_micro": 0,
                        "P_macro_doc": null,
                        "R_macro_doc": 0.0,
                        "F1_macro_doc": null,
                        "P_macro_doc_std": null,
                        "R_macro_doc_std": 0.0,
                        "F1_macro_doc_std": null
                    }
                },
                "ALL": {
                    "partial": {
                        "correct": 44,
                        "incorrect": 0,
                        "partial": 1,
                        "missed": 13,
                        "spurious": 11,
                        "possible": 58,
                        "actual": 56,
                        "TP": 44,
                        "FP": 12,
                        "FN": 14,
                        "P_micro": 0.7946428571428571,
                        "R_micro": 0.7672413793103449,
                        "F1_micro": 0.7807017543859649,
                        "P_macro_doc": 0.6972222222222223,