{
    "NE-COARSE-LIT": {
        "TIME-ALL": {
            "LED-ALL": {
                "ORG": {
                    "partial": {
                        "correct": 49,
                        "incorrect": 0,
                        "partial": 2,
                        "missed": 5,
                        "spurious": 9,
                        "possible": 56,
                        "actual": 60,
                        "TP": 49,
                        "FP": 11,
                        "FN": 7,
                        "P_micro": 0.8333333333333334,
                        "R_micro": 0.8928571428571429,
                        "F1_micro": 0.8620689655172413,
                        "P_macro_doc": 0.6944444444444444,
                        "R_macro_doc": 0.8905844155844156,
                        "F1_macro_doc": 0.9568793779320095,
                        "P_macro_doc_std": 0.43521670492630865,
                        "R_macro_doc_std": 0.2588371067538169,
                        "F1_macro_doc_std": 0.05824729973265883
                    },
                    "strict": {
                        "correct": 49,
                        "incorrect": 2,
                        "partial": 0,
                        "missed": 5,
                        "spurious": 9,
                        "possible": 56,
                        "actual": 60,
                        "TP": 49,
                        "FP": 11,
                        "FN": 7,
                        "P_micro": 0.8166666666666667,
                        "R_micro": 0.875,
                        "F1_micro": 0.8448275862068966,
                        "P_macro_doc": 0.6888888888888888,
                        "R_macro_doc": 0.8840909090909091,
                        "F1_macro_doc": 0.9495533706060022,
                        "P_macro_doc_std": 0.4331908597692873,
                        "R_macro_doc_std": 0.26169656942918357,
                        "F1_macro_doc_std": 0.07414939979648101
                    },
                    "ent_type": {
                        "correct": 51,
                        "incorrect": 0,
                        "partial": 0,
                        "missed": 5,
                        "spurious": 9,
                        "possible": 56,
                        "actual": 60,
                        "TP": 51,
                        "FP": 9,
                        "FN": 5,
                        "P_micro": 0.85,
                        "R_micro": 0.9107142857142857,
                        "F1_micro": 0.8793103448275861,
                        "P_macro_doc": 0.7,
                        "R_macro_doc": 0.897077922077922,
                        "F1_macro_doc": 0.9642053852580168,
                        "P_macro_doc_std": 0.4384315479321968,
                        "R_macro_doc_std": 0.25807849097799973,
                        "F1_macro_doc_std": 0.05074890700587679
                    },
                    "exact": {
                        "correct": 49,
                        "incorrect": 2,
                        "partial": 0,
                        "missed": 5,
                        "spurious": 9,
                        "possible": 56,
                        "actual": 60,
                        "TP": 49,
                        "FP": 11,
                        "FN": 7,
                        "P_micro": 0.8166666666666667,
                        "R_micro": 0.875,
                        "F1_micro": 0.8448275862068966,
                        "P_macro_doc": 0.6888888888888888,
                        "R_macro_doc": 0.8840909090909091,
                        "F1_macro_doc": 0.9495533706060022,
                        "P_macro_doc_std": 0.4331908597692873,
                        "R_macro_doc_std": 0.26169656942918357,
                        "F1_macro_doc_std": 0.07414939979648101
                    }
                },
                "PERS": {
                    "partial": {
                        "correct": 0,
                        "incorrect": 0,
                        "partial": 0,
                        "missed": 2,
                        "spurious": 0,
                        "possible": 2,
                        "actual": 0,
                        "TP": 0,
                        "FP": 0,
                        "FN": 2,
                        "P_micro": 0,
                        "R_micro": 0.0,
                        "F1_micro": 0,
                        "P_macro_doc": null,
                        "R_macro_doc": 0.0,
                        "F1_macro_doc": null,
                        "P_macro_doc_std": null,
                        "R_macro_doc_std": 0.0,
                        "F1_macro_doc_std": null
                    },
                    "strict": {
                        "correct": 0,
                        "incorrect": 0,
                        "partial": 0,
                        "missed": 2,
                        "spurious": 0,
                        "possible": 2,
                        "actual": 0,
                        "TP": 0,
                        "FP": 0,
                        "FN": 2,
                        "P_micro": 0,
                        "R_micro": 0.0,
                        "F1_micro": 0,
                        "P_macro_doc": null,
                        "R_macro_doc": 0.0,
                        "F1_macro_doc": null,
                        "P_macro_doc_std": null,
                        "R_macro_doc_std": 0.0,
                        "F1_macro_doc_std": null
                    },
                    "ent_type": {
                        "correct": 0,
                        "incorrect": 0,
                        "partial": 0,
                        "missed": 2,
                        "spurious": 0,
                        "possible": 2,
                        "actual": 0,
                        "TP": 0,
                        "FP": 0,
                        "FN": 2,
                        "P_micro": 0,
                        "R_micro": 0.0,
                        "F1_micro": 0,
                        "P_macro_doc": null,
                        "R_macro_doc": 0.0,
                        "F1_macro_doc": null,
                        "P_macro_doc_std": null,
                        "R_macro_doc_std": 0.0,
                        "F1_macro_doc_std": null
                    },
                    "exact": {
                        "correct": 0,
                        "incorrect": 0,
                        "partial": 0,
                        "missed": 2,
                        "spurious": 0,
                        "possible": 2,
                        "actual": 0,
                        "TP": 0,
                        "FP": 0,
                        "FN": 2,
                        "P_micro": 0,
                        "R_micro": 0.0,
                        "F1_micro": 0,
                        "P_macro_doc": null,
                        "R_macro_doc": 0.0,
                        "F1_macro_doc": null,
                        "P_macro_doc_std": null,
                        "R_macro_doc_std": 0.0,
                        "F1_macro_doc_std": null
                    }
                },
                "ALL": {
                    "partial": {
                        "correct": 49,
                        "incorrect": 0,
                        "partial": 2,
                        "missed": 7,
                        "spurious": 9,
                        "possible": 58,
                        "actual": 60,
                        "TP": 49,
                        "FP": 11,
                        "FN": 9,
                        "P_micro": 0.8333333333333334,
                        "R_micro": 0.8620689655172413,
                        "F1_micro": 0.847457627118644,
                        "P_macro_doc": 0.6944444444444444,
                        "R_macro_doc": 0.8905844155844156,