{"dev": {"global": {"loss": 0.0037519693306227527, "precision": 0.7686567164179104, "recall": 0.9279279279279279, "f1": 0.8408163265306122}, "sent-level": null, "token-level": "                             precision    recall  f1-score   support\n\n    org.ent.pressagency.AFP     0.7778    1.0000    0.8750        14\n     org.ent.pressagency.AP     1.0000    0.8750    0.9333         8\norg.ent.pressagency.ATS-SDA     0.8000    1.0000    0.8889        24\n    org.ent.pressagency.DNB     1.0000    1.0000    1.0000         3\n    org.ent.pressagency.DPA     0.0000    0.0000    0.0000         0\n  org.ent.pressagency.Extel     0.0000    0.0000    0.0000         1\n  org.ent.pressagency.Havas     0.8065    0.9615    0.8772        26\norg.ent.pressagency.Reuters     0.8571    1.0000    0.9231        18\norg.ent.pressagency.Stefani     1.0000    1.0000    1.0000         1\n org.ent.pressagency.UP-UPI     1.0000    1.0000    1.0000         4\n  org.ent.pressagency.Wolff     0.4286    1.0000    0.6000         3\n     org.ent.pressagency.ag     0.5000    1.0000    0.6667         1\n    org.ent.pressagency.unk     0.4000    0.5000    0.4444         4\n     pers.ind.articleauthor     0.3333    0.2500    0.2857         4\n\n                  micro avg     0.7687    0.9279    0.8408       111\n                  macro avg     0.6359    0.7562    0.6782       111\n               weighted avg     0.7856    0.9279    0.8456       111\n"}, "test": {"global": {"loss": 0.007434707009572409, "precision": 0.8311688311688312, "recall": 0.8366013071895425, "f1": 0.8338762214983714}, "sent-level": null, "token-level": "                             precision    recall  f1-score   support\n\n    org.ent.pressagency.AFP     1.0000    1.0000    1.0000        19\n   org.ent.pressagency.ANSA     0.0000    0.0000    0.0000         1\n     org.ent.pressagency.AP     0.8571    1.0000    0.9231         6\n    org.ent.pressagency.APA     0.0000    0.0000    0.0000         1\norg.ent.pressagency.ATS-SDA     0.8800    0.9565    0.9167        23\n    org.ent.pressagency.DNB     0.6667    0.6667    0.6667         3\n    org.ent.pressagency.DPA     1.0000    1.0000    1.0000         2\n  org.ent.pressagency.Havas     0.7714    0.8438    0.8060        32\n   org.ent.pressagency.Kipa     1.0000    1.0000    1.0000         1\norg.ent.pressagency.Reuters     0.9600    0.8889    0.9231        27\norg.ent.pressagency.Stefani     1.0000    1.0000    1.0000         2\n org.ent.pressagency.UP-UPI     0.9167    0.8462    0.8800        13\n  org.ent.pressagency.Wolff     0.4286    1.0000    0.6000         3\n org.ent.pressagency.Xinhua     0.0000    0.0000    0.0000         1\n     org.ent.pressagency.ag     1.0000    1.0000    1.0000         3\n    org.ent.pressagency.unk     0.3750    0.4286    0.4000         7\n     pers.ind.articleauthor     0.6000    0.3333    0.4286         9\n\n                  micro avg     0.8312    0.8366    0.8339       153\n                  macro avg     0.6739    0.7038    0.6791       153\n               weighted avg     0.8249    0.8366    0.8251       153\n"}}