{
    "NE-COARSE-LIT": {
        "TIME-ALL": {
            "LED-ALL": {
                "ORG": {
                    "partial": {
                        "correct": 42,
                        "incorrect": 0,
                        "partial": 5,
                        "missed": 9,
                        "spurious": 10,
                        "possible": 56,
                        "actual": 57,
                        "TP": 42,
                        "FP": 15,
                        "FN": 14,
                        "P_micro": 0.7807017543859649,
                        "R_micro": 0.7946428571428571,
                        "F1_micro": 0.7876106194690264,
                        "P_macro_doc": 0.6975426534250063,
                        "R_macro_doc": 0.8396103896103896,
                        "F1_macro_doc": 0.8995148126727076,
                        "P_macro_doc_std": 0.4039842992733485,
                        "R_macro_doc_std": 0.2806081509690783,
                        "F1_macro_doc_std": 0.1319821978260723
                    },
                    "strict": {
                        "correct": 42,
                        "incorrect": 5,
                        "partial": 0,
                        "missed": 9,
                        "spurious": 10,
                        "possible": 56,
                        "actual": 57,
                        "TP": 42,
                        "FP": 15,
                        "FN": 14,
                        "P_micro": 0.7368421052631579,
                        "R_micro": 0.75,
                        "F1_micro": 0.743362831858407,
                        "P_macro_doc": 0.6660300483829895,
                        "R_macro_doc": 0.8087662337662337,
                        "F1_macro_doc": 0.8631900263479212,
                        "P_macro_doc_std": 0.41058860924668106,
                        "R_macro_doc_std": 0.31275739947434844,
                        "F1_macro_doc_std": 0.20546540773152455
                    },
                    "ent_type": {
                        "correct": 47,
                        "incorrect": 0,
                        "partial": 0,
                        "missed": 9,
                        "spurious": 10,
                        "possible": 56,
                        "actual": 57,
                        "TP": 47,
                        "FP": 10,
                        "FN": 9,
                        "P_micro": 0.8245614035087719,
                        "R_micro": 0.8392857142857143,
                        "F1_micro": 0.8318584070796461,
                        "P_macro_doc": 0.7290552584670232,
                        "R_macro_doc": 0.8704545454545454,
                        "F1_macro_doc": 0.9358395989974938,
                        "P_macro_doc_std": 0.415685357254318,
                        "R_macro_doc_std": 0.26723225022590896,
                        "F1_macro_doc_std": 0.08483108306921144
                    },
                    "exact": {
                        "correct": 42,
                        "incorrect": 5,
                        "partial": 0,
                        "missed": 9,
                        "spurious": 10,
                        "possible": 56,
                        "actual": 57,
                        "TP": 42,
                        "FP": 15,
                        "FN": 14,
                        "P_micro": 0.7368421052631579,
                        "R_micro": 0.75,
                        "F1_micro": 0.743362831858407,
                        "P_macro_doc": 0.6660300483829895,
                        "R_macro_doc": 0.8087662337662337,
                        "F1_macro_doc": 0.8631900263479212,
                        "P_macro_doc_std": 0.41058860924668106,
                        "R_macro_doc_std": 0.31275739947434844,
                        "F1_macro_doc_std": 0.20546540773152455
                    }
                },
                "PERS": {
                    "partial": {
                        "correct": 0,
                        "incorrect": 0,
                        "partial": 0,
                        "missed": 2,
                        "spurious": 0,
                        "possible": 2,
                        "actual": 0,
                        "TP": 0,
                        "FP": 0,
                        "FN": 2,
                        "P_micro": 0,
                        "R_micro": 0.0,
                        "F1_micro": 0,
                        "P_macro_doc": null,
                        "R_macro_doc": 0.0,
                        "F1_macro_doc": null,
                        "P_macro_doc_std": null,
                        "R_macro_doc_std": 0.0,
                        "F1_macro_doc_std": null
                    },
                    "strict": {
                        "correct": 0,
                        "incorrect": 0,
                        "partial": 0,
                        "missed": 2,
                        "spurious": 0,
                        "possible": 2,
                        "actual": 0,
                        "TP": 0,
                        "FP": 0,
                        "FN": 2,
                        "P_micro": 0,
                        "R_micro": 0.0,
                        "F1_micro": 0,
                        "P_macro_doc": null,
                        "R_macro_doc": 0.0,
                        "F1_macro_doc": null,
                        "P_macro_doc_std": null,
                        "R_macro_doc_std": 0.0,
                        "F1_macro_doc_std": null
                    },
                    "ent_type": {
                        "correct": 0,
                        "incorrect": 0,
                        "partial": 0,
                        "missed": 2,
                        "spurious": 0,
                        "possible": 2,
                        "actual": 0,
                        "TP": 0,
                        "FP": 0,
                        "FN": 2,
                        "P_micro": 0,
                        "R_micro": 0.0,
                        "F1_micro": 0,
                        "P_macro_doc": null,
                        "R_macro_doc": 0.0,
                        "F1_macro_doc": null,
                        "P_macro_doc_std": null,
                        "R_macro_doc_std": 0.0,
                        "F1_macro_doc_std": null
                    },
                    "exact": {
                        "correct": 0,
                        "incorrect": 0,
                        "partial": 0,
                        "missed": 2,
                        "spurious": 0,
                        "possible": 2,
                        "actual": 0,
                        "TP": 0,
                        "FP": 0,
                        "FN": 2,
                        "P_micro": 0,
                        "R_micro": 0.0,
                        "F1_micro": 0,
                        "P_macro_doc": null,
                        "R_macro_doc": 0.0,
                        "F1_macro_doc": null,
                        "P_macro_doc_std": null,
                        "R_macro_doc_std": 0.0,
                        "F1_macro_doc_std": null
                    }
                },
                "ALL": {
                    "partial": {
                        "correct": 42,
                        "incorrect": 0,
                        "partial": 5,
                        "missed": 11,
                        "spurious": 10,
                        "possible": 58,
                        "actual": 57,
                        "TP": 42,
                        "FP": 15,
                        "FN": 16,
                        "P_micro": 0.7807017543859649,
                        "R_micro": 0.7672413793103449,
                        "F1_micro": 0.773913043478261,
                        "P_macro_doc": 0.6975426534250063,
                        "R_macro_doc": 0.7919913419913419,