{
    "NE-COARSE-LIT": {
        "TIME-ALL": {
            "LED-ALL": {
                "ORG": {
                    "partial": {
                        "correct": 48,
                        "incorrect": 0,
                        "partial": 1,
                        "missed": 7,
                        "spurious": 15,
                        "possible": 56,
                        "actual": 64,
                        "TP": 48,
                        "FP": 16,
                        "FN": 8,
                        "P_micro": 0.7578125,
                        "R_micro": 0.8660714285714286,
                        "F1_micro": 0.8083333333333333,
                        "P_macro_doc": 0.7305555555555555,
                        "R_macro_doc": 0.9412337662337663,
                        "F1_macro_doc": 0.932848295687459,
                        "P_macro_doc_std": 0.41470836100970765,
                        "R_macro_doc_std": 0.10472125655905686,
                        "F1_macro_doc_std": 0.12699469338414493
                    },
                    "strict": {
                        "correct": 48,
                        "incorrect": 1,
                        "partial": 0,
                        "missed": 7,
                        "spurious": 15,
                        "possible": 56,
                        "actual": 64,
                        "TP": 48,
                        "FP": 16,
                        "FN": 8,
                        "P_micro": 0.75,
                        "R_micro": 0.8571428571428571,
                        "F1_micro": 0.7999999999999999,
                        "P_macro_doc": 0.7277777777777777,
                        "R_macro_doc": 0.9376623376623376,
                        "F1_macro_doc": 0.9292768671160303,
                        "P_macro_doc_std": 0.4133945593841252,
                        "R_macro_doc_std": 0.10521284116668138,
                        "F1_macro_doc_std": 0.12716507500333019
                    },
                    "ent_type": {
                        "correct": 49,
                        "incorrect": 0,
                        "partial": 0,
                        "missed": 7,
                        "spurious": 15,
                        "possible": 56,
                        "actual": 64,
                        "TP": 49,
                        "FP": 15,
                        "FN": 7,
                        "P_micro": 0.765625,
                        "R_micro": 0.875,
                        "F1_micro": 0.8166666666666667,
                        "P_macro_doc": 0.7333333333333333,
                        "R_macro_doc": 0.9448051948051948,
                        "F1_macro_doc": 0.9364197242588875,
                        "P_macro_doc_std": 0.41633319989322654,
                        "R_macro_doc_std": 0.10580630348571639,
                        "F1_macro_doc_std": 0.12812486350402333
                    },
                    "exact": {
                        "correct": 48,
                        "incorrect": 1,
                        "partial": 0,
                        "missed": 7,
                        "spurious": 15,
                        "possible": 56,
                        "actual": 64,
                        "TP": 48,
                        "FP": 16,
                        "FN": 8,
                        "P_micro": 0.75,
                        "R_micro": 0.8571428571428571,
                        "F1_micro": 0.7999999999999999,
                        "P_macro_doc": 0.7277777777777777,
                        "R_macro_doc": 0.9376623376623376,
                        "F1_macro_doc": 0.9292768671160303,
                        "P_macro_doc_std": 0.4133945593841252,
                        "R_macro_doc_std": 0.10521284116668138,
                        "F1_macro_doc_std": 0.12716507500333019
                    }
                },
                "PERS": {
                    "partial": {
                        "correct": 0,
                        "incorrect": 0,
                        "partial": 0,
                        "missed": 2,
                        "spurious": 1,
                        "possible": 2,
                        "actual": 1,
                        "TP": 0,
                        "FP": 1,
                        "FN": 2,
                        "P_micro": 0.0,
                        "R_micro": 0.0,
                        "F1_micro": 0,
                        "P_macro_doc": 0.0,
                        "R_macro_doc": 0.0,
                        "F1_macro_doc": null,
                        "P_macro_doc_std": 0.0,
                        "R_macro_doc_std": 0.0,
                        "F1_macro_doc_std": null
                    },
                    "strict": {
                        "correct": 0,
                        "incorrect": 0,
                        "partial": 0,
                        "missed": 2,
                        "spurious": 1,
                        "possible": 2,
                        "actual": 1,
                        "TP": 0,
                        "FP": 1,
                        "FN": 2,
                        "P_micro": 0.0,
                        "R_micro": 0.0,
                        "F1_micro": 0,
                        "P_macro_doc": 0.0,
                        "R_macro_doc": 0.0,
                        "F1_macro_doc": null,
                        "P_macro_doc_std": 0.0,
                        "R_macro_doc_std": 0.0,
                        "F1_macro_doc_std": null
                    },
                    "ent_type": {
                        "correct": 0,
                        "incorrect": 0,
                        "partial": 0,
                        "missed": 2,
                        "spurious": 1,
                        "possible": 2,
                        "actual": 1,
                        "TP": 0,
                        "FP": 1,
                        "FN": 2,
                        "P_micro": 0.0,
                        "R_micro": 0.0,
                        "F1_micro": 0,
                        "P_macro_doc": 0.0,
                        "R_macro_doc": 0.0,
                        "F1_macro_doc": null,
                        "P_macro_doc_std": 0.0,
                        "R_macro_doc_std": 0.0,
                        "F1_macro_doc_std": null
                    },
                    "exact": {
                        "correct": 0,
                        "incorrect": 0,
                        "partial": 0,
                        "missed": 2,
                        "spurious": 1,
                        "possible": 2,
                        "actual": 1,
                        "TP": 0,
                        "FP": 1,
                        "FN": 2,
                        "P_micro": 0.0,
                        "R_micro": 0.0,
                        "F1_micro": 0,
                        "P_macro_doc": 0.0,
                        "R_macro_doc": 0.0,
                        "F1_macro_doc": null,
                        "P_macro_doc_std": 0.0,
                        "R_macro_doc_std": 0.0,
                        "F1_macro_doc_std": null
                    }
                },
                "ALL": {
                    "partial": {
                        "correct": 48,
                        "incorrect": 0,
                        "partial": 1,
                        "missed": 9,
                        "spurious": 16,
                        "possible": 58,
                        "actual": 65,
                        "TP": 48,
                        "FP": 17,
                        "FN": 10,
                        "P_micro": 0.7461538461538462,
                        "R_micro": 0.8362068965517241,
                        "F1_micro": 0.7886178861788617,
                        "P_macro_doc": 0.7291666666666666,
                        "R_macro_doc": 0.8936147186147186,