{
    "NE-COARSE-LIT": {
        "TIME-ALL": {
            "LED-ALL": {
                "ORG": {
                    "partial": {
                        "correct": 21,
                        "incorrect": 0,
                        "partial": 0,
                        "missed": 2,
                        "spurious": 9,
                        "possible": 23,
                        "actual": 30,
                        "TP": 21,
                        "FP": 9,
                        "FN": 2,
                        "P_micro": 0.7,
                        "R_micro": 0.9130434782608695,
                        "F1_micro": 0.7924528301886793,
                        "P_macro_doc": 0.8666666666666667,
                        "R_macro_doc": 0.8666666666666667,
                        "F1_macro_doc": 1.0,
                        "P_macro_doc_std": 0.33993463423951903,
                        "R_macro_doc_std": 0.3399346342395189,
                        "F1_macro_doc_std": 0.0
                    },
                    "strict": {
                        "correct": 21,
                        "incorrect": 0,
                        "partial": 0,
                        "missed": 2,
                        "spurious": 9,
                        "possible": 23,
                        "actual": 30,
                        "TP": 21,
                        "FP": 9,
                        "FN": 2,
                        "P_micro": 0.7,
                        "R_micro": 0.9130434782608695,
                        "F1_micro": 0.7924528301886793,
                        "P_macro_doc": 0.8666666666666667,
                        "R_macro_doc": 0.8666666666666667,
                        "F1_macro_doc": 1.0,
                        "P_macro_doc_std": 0.33993463423951903,
                        "R_macro_doc_std": 0.3399346342395189,
                        "F1_macro_doc_std": 0.0
                    },
                    "ent_type": {
                        "correct": 21,
                        "incorrect": 0,
                        "partial": 0,
                        "missed": 2,
                        "spurious": 9,
                        "possible": 23,
                        "actual": 30,
                        "TP": 21,
                        "FP": 9,
                        "FN": 2,
                        "P_micro": 0.7,
                        "R_micro": 0.9130434782608695,
                        "F1_micro": 0.7924528301886793,
                        "P_macro_doc": 0.8666666666666667,
                        "R_macro_doc": 0.8666666666666667,
                        "F1_macro_doc": 1.0,
                        "P_macro_doc_std": 0.33993463423951903,
                        "R_macro_doc_std": 0.3399346342395189,
                        "F1_macro_doc_std": 0.0
                    },
                    "exact": {
                        "correct": 21,
                        "incorrect": 0,
                        "partial": 0,
                        "missed": 2,
                        "spurious": 9,
                        "possible": 23,
                        "actual": 30,
                        "TP": 21,
                        "FP": 9,
                        "FN": 2,
                        "P_micro": 0.7,
                        "R_micro": 0.9130434782608695,
                        "F1_micro": 0.7924528301886793,
                        "P_macro_doc": 0.8666666666666667,
                        "R_macro_doc": 0.8666666666666667,
                        "F1_macro_doc": 1.0,
                        "P_macro_doc_std": 0.33993463423951903,
                        "R_macro_doc_std": 0.3399346342395189,
                        "F1_macro_doc_std": 0.0
                    }
                },
                "PERS": {
                    "partial": {
                        "correct": 0,
                        "incorrect": 0,
                        "partial": 1,
                        "missed": 2,
                        "spurious": 5,
                        "possible": 3,
                        "actual": 6,
                        "TP": 0,
                        "FP": 6,
                        "FN": 3,
                        "P_micro": 0.08333333333333333,
                        "R_micro": 0.16666666666666666,
                        "F1_micro": 0.1111111111111111,
                        "P_macro_doc": 0.1,
                        "R_macro_doc": 0.16666666666666666,
                        "F1_macro_doc": 0.5,
                        "P_macro_doc_std": 0.20000000000000004,
                        "R_macro_doc_std": 0.23570226039551584,
                        "F1_macro_doc_std": 0.0
                    },
                    "strict": {
                        "correct": 0,
                        "incorrect": 1,
                        "partial": 0,
                        "missed": 2,
                        "spurious": 5,
                        "possible": 3,
                        "actual": 6,
                        "TP": 0,
                        "FP": 6,
                        "FN": 3,
                        "P_micro": 0.0,
                        "R_micro": 0.0,
                        "F1_micro": 0,
                        "P_macro_doc": 0.0,
                        "R_macro_doc": 0.0,
                        "F1_macro_doc": 0.0,
                        "P_macro_doc_std": 0.0,
                        "R_macro_doc_std": 0.0,
                        "F1_macro_doc_std": 0.0
                    },
                    "ent_type": {
                        "correct": 1,
                        "incorrect": 0,
                        "partial": 0,
                        "missed": 2,
                        "spurious": 5,
                        "possible": 3,
                        "actual": 6,
                        "TP": 1,
                        "FP": 5,
                        "FN": 2,
                        "P_micro": 0.16666666666666666,
                        "R_micro": 0.3333333333333333,
                        "F1_micro": 0.2222222222222222,
                        "P_macro_doc": 0.2,
                        "R_macro_doc": 0.3333333333333333,
                        "F1_macro_doc": 1.0,
                        "P_macro_doc_std": 0.4000000000000001,
                        "R_macro_doc_std": 0.4714045207910317,
                        "F1_macro_doc_std": 0.0
                    },
                    "exact": {
                        "correct": 0,
                        "incorrect": 1,
                        "partial": 0,
                        "missed": 2,
                        "spurious": 5,
                        "possible": 3,
                        "actual": 6,
                        "TP": 0,
                        "FP": 6,
                        "FN": 3,
                        "P_micro": 0.0,
                        "R_micro": 0.0,
                        "F1_micro": 0,
                        "P_macro_doc": 0.0,
                        "R_macro_doc": 0.0,
                        "F1_macro_doc": 0.0,
                        "P_macro_doc_std": 0.0,
                        "R_macro_doc_std": 0.0,
                        "F1_macro_doc_std": 0.0
                    }
                },
                "ALL": {
                    "partial": {
                        "correct": 21,
                        "incorrect": 0,
                        "partial": 1,
                        "missed": 4,
                        "spurious": 14,
                        "possible": 26,
                        "actual": 36,
                        "TP": 21,
                        "FP": 15,
                        "FN": 5,
                        "P_micro": 0.5972222222222222,
                        "R_micro": 0.8269230769230769,
                        "F1_micro": 0.6935483870967742,
                        "P_macro_doc": 0.7083333333333334,
                        "R_macro_doc": 0.7760416666666666,