{
    "NE-COARSE-LIT": {
        "TIME-ALL": {
            "LED-ALL": {
                "ORG": {
                    "partial": {
                        "correct": 20,
                        "incorrect": 0,
                        "partial": 1,
                        "missed": 2,
                        "spurious": 11,
                        "possible": 23,
                        "actual": 32,
                        "TP": 20,
                        "FP": 12,
                        "FN": 3,
                        "P_micro": 0.640625,
                        "R_micro": 0.8913043478260869,
                        "F1_micro": 0.7454545454545454,
                        "P_macro_doc": 0.85,
                        "R_macro_doc": 0.85,
                        "F1_macro_doc": 0.9807692307692307,
                        "P_macro_doc_std": 0.33911649915626335,
                        "R_macro_doc_std": 0.33911649915626335,
                        "F1_macro_doc_std": 0.06661733875264912
                    },
                    "strict": {
                        "correct": 20,
                        "incorrect": 1,
                        "partial": 0,
                        "missed": 2,
                        "spurious": 11,
                        "possible": 23,
                        "actual": 32,
                        "TP": 20,
                        "FP": 12,
                        "FN": 3,
                        "P_micro": 0.625,
                        "R_micro": 0.8695652173913043,
                        "F1_micro": 0.7272727272727273,
                        "P_macro_doc": 0.8333333333333334,
                        "R_macro_doc": 0.8333333333333334,
                        "F1_macro_doc": 0.9615384615384616,
                        "P_macro_doc_std": 0.3496029493900505,
                        "R_macro_doc_std": 0.3496029493900505,
                        "F1_macro_doc_std": 0.13323467750529827
                    },
                    "ent_type": {
                        "correct": 21,
                        "incorrect": 0,
                        "partial": 0,
                        "missed": 2,
                        "spurious": 11,
                        "possible": 23,
                        "actual": 32,
                        "TP": 21,
                        "FP": 11,
                        "FN": 2,
                        "P_micro": 0.65625,
                        "R_micro": 0.9130434782608695,
                        "F1_micro": 0.7636363636363634,
                        "P_macro_doc": 0.8666666666666667,
                        "R_macro_doc": 0.8666666666666667,
                        "F1_macro_doc": 1.0,
                        "P_macro_doc_std": 0.33993463423951903,
                        "R_macro_doc_std": 0.3399346342395189,
                        "F1_macro_doc_std": 0.0
                    },
                    "exact": {
                        "correct": 20,
                        "incorrect": 1,
                        "partial": 0,
                        "missed": 2,
                        "spurious": 11,
                        "possible": 23,
                        "actual": 32,
                        "TP": 20,
                        "FP": 12,
                        "FN": 3,
                        "P_micro": 0.625,
                        "R_micro": 0.8695652173913043,
                        "F1_micro": 0.7272727272727273,
                        "P_macro_doc": 0.8333333333333334,
                        "R_macro_doc": 0.8333333333333334,
                        "F1_macro_doc": 0.9615384615384616,
                        "P_macro_doc_std": 0.3496029493900505,
                        "R_macro_doc_std": 0.3496029493900505,
                        "F1_macro_doc_std": 0.13323467750529827
                    }
                },
                "PERS": {
                    "partial": {
                        "correct": 0,
                        "incorrect": 0,
                        "partial": 0,
                        "missed": 3,
                        "spurious": 2,
                        "possible": 3,
                        "actual": 2,
                        "TP": 0,
                        "FP": 2,
                        "FN": 3,
                        "P_micro": 0.0,
                        "R_micro": 0.0,
                        "F1_micro": 0,
                        "P_macro_doc": 0.0,
                        "R_macro_doc": 0.0,
                        "F1_macro_doc": 0.0,
                        "P_macro_doc_std": 0.0,
                        "R_macro_doc_std": 0.0,
                        "F1_macro_doc_std": 0.0
                    },
                    "strict": {
                        "correct": 0,
                        "incorrect": 0,
                        "partial": 0,
                        "missed": 3,
                        "spurious": 2,
                        "possible": 3,
                        "actual": 2,
                        "TP": 0,
                        "FP": 2,
                        "FN": 3,
                        "P_micro": 0.0,
                        "R_micro": 0.0,
                        "F1_micro": 0,
                        "P_macro_doc": 0.0,
                        "R_macro_doc": 0.0,
                        "F1_macro_doc": 0.0,
                        "P_macro_doc_std": 0.0,
                        "R_macro_doc_std": 0.0,
                        "F1_macro_doc_std": 0.0
                    },
                    "ent_type": {
                        "correct": 0,
                        "incorrect": 0,
                        "partial": 0,
                        "missed": 3,
                        "spurious": 2,
                        "possible": 3,
                        "actual": 2,
                        "TP": 0,
                        "FP": 2,
                        "FN": 3,
                        "P_micro": 0.0,
                        "R_micro": 0.0,
                        "F1_micro": 0,
                        "P_macro_doc": 0.0,
                        "R_macro_doc": 0.0,
                        "F1_macro_doc": 0.0,
                        "P_macro_doc_std": 0.0,
                        "R_macro_doc_std": 0.0,
                        "F1_macro_doc_std": 0.0
                    },
                    "exact": {
                        "correct": 0,
                        "incorrect": 0,
                        "partial": 0,
                        "missed": 3,
                        "spurious": 2,
                        "possible": 3,
                        "actual": 2,
                        "TP": 0,
                        "FP": 2,
                        "FN": 3,
                        "P_micro": 0.0,
                        "R_micro": 0.0,
                        "F1_micro": 0,
                        "P_macro_doc": 0.0,
                        "R_macro_doc": 0.0,
                        "F1_macro_doc": 0.0,
                        "P_macro_doc_std": 0.0,
                        "R_macro_doc_std": 0.0,
                        "F1_macro_doc_std": 0.0
                    }
                },
                "ALL": {
                    "partial": {
                        "correct": 20,
                        "incorrect": 0,
                        "partial": 1,
                        "missed": 5,
                        "spurious": 13,
                        "possible": 26,
                        "actual": 34,
                        "TP": 20,
                        "FP": 14,
                        "FN": 6,
                        "P_micro": 0.6029411764705882,
                        "R_micro": 0.7884615384615384,
                        "F1_micro": 0.6833333333333333,
                        "P_macro_doc": 0.7760416666666666,
                        "R_macro_doc": 0.7447916666666666,
                        "F1_macro_doc": 0.9294871794871794,