{"dev": {"global": [{"loss": 0.004618278264492151, "precision": 0.6956521739130435, "recall": 0.6153846153846154, "f1": 0.6530612244897959}, {"loss": 0.0092697074877963, "precision": 0.6060606060606061, "recall": 0.7692307692307693, "f1": 0.6779661016949152}, {"loss": 0.006016257852570562, "precision": 0.7777777777777778, "recall": 0.8076923076923077, "f1": 0.7924528301886792}], "sent-level": [null, null, null], "token-level": ["                                 precision    recall  f1-score   support\n\n        org.ent.pressagency.AFP     1.0000    1.0000    1.0000         7\n         org.ent.pressagency.AP     1.0000    0.5000    0.6667         2\n    org.ent.pressagency.ATS-SDA     0.0000    0.0000    0.0000         1\n        org.ent.pressagency.DNB     0.0000    0.0000    0.0000         1\norg.ent.pressagency.Europapress     0.0000    0.0000    0.0000         1\n      org.ent.pressagency.Extel     1.0000    1.0000    1.0000         1\n      org.ent.pressagency.Havas     0.0000    0.0000    0.0000         1\n    org.ent.pressagency.Reuters     0.6667    0.6667    0.6667         3\n     org.ent.pressagency.UP-UPI     1.0000    1.0000    1.0000         3\n      org.ent.pressagency.Wolff     1.0000    1.0000    1.0000         1\n         org.ent.pressagency.ag     0.5000    1.0000    0.6667         1\n        org.ent.pressagency.unk     0.0000    0.0000    0.0000         1\n         pers.ind.articleauthor     0.0000    0.0000    0.0000         3\n\n                      micro avg     0.6957    0.6154    0.6531        26\n                      macro avg     0.4744    0.4744    0.4615        26\n                   weighted avg     0.6346    0.6154    0.6154        26\n", "                                 precision    recall  f1-score   support\n\n        org.ent.pressagency.AFP     0.8750    1.0000    0.9333         7\n         org.ent.pressagency.AP     1.0000    1.0000    1.0000         2\n    org.ent.pressagency.ATS-SDA     0.0000    0.0000    0.0000         1\n        org.ent.pressagency.DNB     1.0000    1.0000    1.0000         1\norg.ent.pressagency.Europapress     1.0000    1.0000    1.0000         1\n      org.ent.pressagency.Extel     1.0000    1.0000    1.0000         1\n      org.ent.pressagency.Havas     0.3333    1.0000    0.5000         1\n    org.ent.pressagency.Reuters     0.4000    0.6667    0.5000         3\n     org.ent.pressagency.UP-UPI     1.0000    1.0000    1.0000         3\n      org.ent.pressagency.Wolff     1.0000    1.0000    1.0000         1\n         org.ent.pressagency.ag     1.0000    1.0000    1.0000         1\n        org.ent.pressagency.unk     0.0000    0.0000    0.0000         1\n         pers.ind.articleauthor     0.0000    0.0000    0.0000         3\n\n                      micro avg     0.6061    0.7692    0.6780        26\n                      macro avg     0.6622    0.7436    0.6872        26\n                   weighted avg     0.6792    0.7692    0.7128        26\n", "                                 precision    recall  f1-score   support\n\n        org.ent.pressagency.AFP     1.0000    1.0000    1.0000         7\n         org.ent.pressagency.AP     1.0000    1.0000    1.0000         2\n    org.ent.pressagency.ATS-SDA     0.0000    0.0000    0.0000         1\n        org.ent.pressagency.DNB     1.0000    1.0000    1.0000         1\norg.ent.pressagency.Europapress     1.0000    1.0000    1.0000         1\n      org.ent.pressagency.Extel     1.0000    1.0000    1.0000         1\n      org.ent.pressagency.Havas     0.5000    1.0000    0.6667         1\n    org.ent.pressagency.Reuters     1.0000    0.6667    0.8000         3\n     org.ent.pressagency.UP-UPI     1.0000    1.0000    1.0000         3\n      org.ent.pressagency.Wolff     1.0000    1.0000    1.0000         1\n         org.ent.pressagency.ag     1.0000    1.0000    1.0000         1\n        org.ent.pressagency.unk     0.3333    1.0000    0.5000         1\n         pers.ind.articleauthor     0.0000    0.0000    0.0000         3\n\n                      micro avg     0.7778    0.8077    0.7925        26\n                      macro avg     0.7564    0.8205    0.7667        26\n                   weighted avg     0.8013    0.8077    0.7910        26\n"]}, "test": {"global": {"loss": 0.0070313004650469175, "precision": 0.7377049180327869, "recall": 0.8333333333333334, "f1": 0.782608695652174}, "token-level": "                                 precision    recall  f1-score   support\n\n        org.ent.pressagency.AFP     1.0000    1.0000    1.0000         5\n         org.ent.pressagency.AP     0.8333    0.8333    0.8333         6\n    org.ent.pressagency.ATS-SDA     0.0000    0.0000    0.0000         0\n        org.ent.pressagency.DNB     1.0000    1.0000    1.0000         3\norg.ent.pressagency.Europapress     1.0000    1.0000    1.0000         1\n      org.ent.pressagency.Extel     1.0000    1.0000    1.0000         1\n      org.ent.pressagency.Havas     0.7778    1.0000    0.8750         7\n    org.ent.pressagency.Reuters     1.0000    1.0000    1.0000         4\n     org.ent.pressagency.UP-UPI     0.7500    0.7500    0.7500         4\n      org.ent.pressagency.Wolff     1.0000    1.0000    1.0000         6\n         org.ent.pressagency.ag     0.8333    0.9091    0.8696        11\n        org.ent.pressagency.unk     0.0000    0.0000    0.0000         4\n         pers.ind.articleauthor     0.0000    0.0000    0.0000         2\n\n                      micro avg     0.7377    0.8333    0.7826        54\n                      macro avg     0.7073    0.7302    0.7175        54\n                   weighted avg     0.7891    0.8333    0.8091        54\n"}}