{
    "NE-COARSE-LIT": {
        "TIME-ALL": {
            "LED-ALL": {
                "ORG": {
                    "partial": {
                        "correct": 134,
                        "incorrect": 0,
                        "partial": 3,
                        "missed": 17,
                        "spurious": 14,
                        "possible": 154,
                        "actual": 151,
                        "TP": 134,
                        "FP": 17,
                        "FN": 20,
                        "P_micro": 0.8973509933774835,
                        "R_micro": 0.8798701298701299,
                        "F1_micro": 0.8885245901639345,
                        "P_macro_doc": 0.9102564102564102,
                        "R_macro_doc": 0.9081807081807082,
                        "F1_macro_doc": 0.938005624005624,
                        "P_macro_doc_std": 0.2597011043459572,
                        "R_macro_doc_std": 0.2397320386134291,
                        "F1_macro_doc_std": 0.17550688918710058
                    },
                    "strict": {
                        "correct": 133,
                        "incorrect": 4,
                        "partial": 0,
                        "missed": 17,
                        "spurious": 14,
                        "possible": 154,
                        "actual": 151,
                        "TP": 133,
                        "FP": 18,
                        "FN": 21,
                        "P_micro": 0.8807947019867549,
                        "R_micro": 0.8636363636363636,
                        "F1_micro": 0.8721311475409835,
                        "P_macro_doc": 0.8995726495726495,
                        "R_macro_doc": 0.8960012210012211,
                        "F1_macro_doc": 0.9268204388204389,
                        "P_macro_doc_std": 0.2729361085783892,
                        "R_macro_doc_std": 0.2626790899910531,
                        "F1_macro_doc_std": 0.20238440382714157
                    },
                    "ent_type": {
                        "correct": 136,
                        "incorrect": 1,
                        "partial": 0,
                        "missed": 17,
                        "spurious": 14,
                        "possible": 154,
                        "actual": 151,
                        "TP": 136,
                        "FP": 15,
                        "FN": 18,
                        "P_micro": 0.9006622516556292,
                        "R_micro": 0.8831168831168831,
                        "F1_micro": 0.8918032786885246,
                        "P_macro_doc": 0.9145299145299146,
                        "R_macro_doc": 0.9152319902319903,
                        "F1_macro_doc": 0.9432648832648832,
                        "P_macro_doc_std": 0.2531758250561657,
                        "R_macro_doc_std": 0.23490485823327023,
                        "F1_macro_doc_std": 0.16311631655681919
                    },
                    "exact": {
                        "correct": 134,
                        "incorrect": 3,
                        "partial": 0,
                        "missed": 17,
                        "spurious": 14,
                        "possible": 154,
                        "actual": 151,
                        "TP": 134,
                        "FP": 17,
                        "FN": 20,
                        "P_micro": 0.8874172185430463,
                        "R_micro": 0.8701298701298701,
                        "F1_micro": 0.878688524590164,
                        "P_macro_doc": 0.9027777777777777,
                        "R_macro_doc": 0.8985653235653235,
                        "F1_macro_doc": 0.9297834017834017,
                        "P_macro_doc_std": 0.2726285559780246,
                        "R_macro_doc_std": 0.260746227642694,
                        "F1_macro_doc_std": 0.20016855895421226
                    }
                },
                "PERS": {
                    "partial": {
                        "correct": 0,
                        "incorrect": 0,
                        "partial": 0,
                        "missed": 9,
                        "spurious": 2,
                        "possible": 9,
                        "actual": 2,
                        "TP": 0,
                        "FP": 2,
                        "FN": 9,
                        "P_micro": 0.0,
                        "R_micro": 0.0,
                        "F1_micro": 0,
                        "P_macro_doc": 0.0,
                        "R_macro_doc": 0.0,
                        "F1_macro_doc": null,
                        "P_macro_doc_std": 0.0,
                        "R_macro_doc_std": 0.0,
                        "F1_macro_doc_std": null
                    },
                    "strict": {
                        "correct": 0,
                        "incorrect": 0,
                        "partial": 0,
                        "missed": 9,
                        "spurious": 2,
                        "possible": 9,
                        "actual": 2,
                        "TP": 0,
                        "FP": 2,
                        "FN": 9,
                        "P_micro": 0.0,
                        "R_micro": 0.0,
                        "F1_micro": 0,
                        "P_macro_doc": 0.0,
                        "R_macro_doc": 0.0,
                        "F1_macro_doc": null,
                        "P_macro_doc_std": 0.0,
                        "R_macro_doc_std": 0.0,
                        "F1_macro_doc_std": null
                    },
                    "ent_type": {
                        "correct": 0,
                        "incorrect": 0,
                        "partial": 0,
                        "missed": 9,
                        "spurious": 2,
                        "possible": 9,
                        "actual": 2,
                        "TP": 0,
                        "FP": 2,
                        "FN": 9,
                        "P_micro": 0.0,
                        "R_micro": 0.0,
                        "F1_micro": 0,
                        "P_macro_doc": 0.0,
                        "R_macro_doc": 0.0,
                        "F1_macro_doc": null,
                        "P_macro_doc_std": 0.0,
                        "R_macro_doc_std": 0.0,
                        "F1_macro_doc_std": null
                    },
                    "exact": {
                        "correct": 0,
                        "incorrect": 0,
                        "partial": 0,
                        "missed": 9,
                        "spurious": 2,
                        "possible": 9,
                        "actual": 2,
                        "TP": 0,
                        "FP": 2,
                        "FN": 9,
                        "P_micro": 0.0,
                        "R_micro": 0.0,
                        "F1_micro": 0,
                        "P_macro_doc": 0.0,
                        "R_macro_doc": 0.0,
                        "F1_macro_doc": null,
                        "P_macro_doc_std": 0.0,
                        "R_macro_doc_std": 0.0,
                        "F1_macro_doc_std": null
                    }
                },
                "ALL": {
                    "partial": {
                        "correct": 134,
                        "incorrect": 0,
                        "partial": 3,
                        "missed": 26,
                        "spurious": 16,
                        "possible": 163,
                        "actual": 153,
                        "TP": 134,
                        "FP": 19,
                        "FN": 29,
                        "P_micro": 0.8856209150326797,
                        "R_micro": 0.8312883435582822,
                        "F1_micro": 0.8575949367088608,
                        "P_macro_doc": 0.8987341772151899,