{
    "NE-COARSE-LIT": {
        "TIME-ALL": {
            "LED-ALL": {
                "ORG": {
                    "partial": {
                        "correct": 99,
                        "incorrect": 0,
                        "partial": 2,
                        "missed": 9,
                        "spurious": 27,
                        "possible": 110,
                        "actual": 128,
                        "TP": 99,
                        "FP": 29,
                        "FN": 11,
                        "P_micro": 0.78125,
                        "R_micro": 0.9090909090909091,
                        "F1_micro": 0.8403361344537814,
                        "P_macro_doc": 0.8581057422969187,
                        "R_macro_doc": 0.9156565656565657,
                        "F1_macro_doc": 0.9282347282347282,
                        "P_macro_doc_std": 0.29635517758181823,
                        "R_macro_doc_std": 0.23657344137489922,
                        "F1_macro_doc_std": 0.14942163620690416
                    },
                    "strict": {
                        "correct": 99,
                        "incorrect": 2,
                        "partial": 0,
                        "missed": 9,
                        "spurious": 27,
                        "possible": 110,
                        "actual": 128,
                        "TP": 99,
                        "FP": 29,
                        "FN": 11,
                        "P_micro": 0.7734375,
                        "R_micro": 0.9,
                        "F1_micro": 0.8319327731092439,
                        "P_macro_doc": 0.8483018207282913,
                        "R_macro_doc": 0.9055555555555556,
                        "F1_macro_doc": 0.9176527176527175,
                        "P_macro_doc_std": 0.3117738539632409,
                        "R_macro_doc_std": 0.25843242370231134,
                        "F1_macro_doc_std": 0.18418338121508662
                    },
                    "ent_type": {
                        "correct": 101,
                        "incorrect": 0,
                        "partial": 0,
                        "missed": 9,
                        "spurious": 27,
                        "possible": 110,
                        "actual": 128,
                        "TP": 101,
                        "FP": 27,
                        "FN": 9,
                        "P_micro": 0.7890625,
                        "R_micro": 0.9181818181818182,
                        "F1_micro": 0.8487394957983193,
                        "P_macro_doc": 0.8679096638655461,
                        "R_macro_doc": 0.9257575757575758,
                        "F1_macro_doc": 0.9388167388167388,
                        "P_macro_doc_std": 0.293985624526583,
                        "R_macro_doc_std": 0.2309980872532536,
                        "F1_macro_doc_std": 0.1390126507676004
                    },
                    "exact": {
                        "correct": 99,
                        "incorrect": 2,
                        "partial": 0,
                        "missed": 9,
                        "spurious": 27,
                        "possible": 110,
                        "actual": 128,
                        "TP": 99,
                        "FP": 29,
                        "FN": 11,
                        "P_micro": 0.7734375,
                        "R_micro": 0.9,
                        "F1_micro": 0.8319327731092439,
                        "P_macro_doc": 0.8483018207282913,
                        "R_macro_doc": 0.9055555555555556,
                        "F1_macro_doc": 0.9176527176527175,
                        "P_macro_doc_std": 0.3117738539632409,
                        "R_macro_doc_std": 0.25843242370231134,
                        "F1_macro_doc_std": 0.18418338121508662
                    }
                },
                "PERS": {
                    "partial": {
                        "correct": 2,
                        "incorrect": 0,
                        "partial": 0,
                        "missed": 2,
                        "spurious": 5,
                        "possible": 4,
                        "actual": 7,
                        "TP": 2,
                        "FP": 5,
                        "FN": 2,
                        "P_micro": 0.2857142857142857,
                        "R_micro": 0.5,
                        "F1_micro": 0.36363636363636365,
                        "P_macro_doc": 0.2857142857142857,
                        "R_macro_doc": 0.5,
                        "F1_macro_doc": 0.8333333333333333,
                        "P_macro_doc_std": 0.45175395145262565,
                        "R_macro_doc_std": 0.408248290463863,
                        "F1_macro_doc_std": 0.16666666666666669
                    },
                    "strict": {
                        "correct": 2,
                        "incorrect": 0,
                        "partial": 0,
                        "missed": 2,
                        "spurious": 5,
                        "possible": 4,
                        "actual": 7,
                        "TP": 2,
                        "FP": 5,
                        "FN": 2,
                        "P_micro": 0.2857142857142857,
                        "R_micro": 0.5,
                        "F1_micro": 0.36363636363636365,
                        "P_macro_doc": 0.2857142857142857,
                        "R_macro_doc": 0.5,
                        "F1_macro_doc": 0.8333333333333333,
                        "P_macro_doc_std": 0.45175395145262565,
                        "R_macro_doc_std": 0.408248290463863,
                        "F1_macro_doc_std": 0.16666666666666669
                    },
                    "ent_type": {
                        "correct": 2,
                        "incorrect": 0,
                        "partial": 0,
                        "missed": 2,
                        "spurious": 5,
                        "possible": 4,
                        "actual": 7,
                        "TP": 2,
                        "FP": 5,
                        "FN": 2,
                        "P_micro": 0.2857142857142857,
                        "R_micro": 0.5,
                        "F1_micro": 0.36363636363636365,
                        "P_macro_doc": 0.2857142857142857,
                        "R_macro_doc": 0.5,
                        "F1_macro_doc": 0.8333333333333333,
                        "P_macro_doc_std": 0.45175395145262565,
                        "R_macro_doc_std": 0.408248290463863,
                        "F1_macro_doc_std": 0.16666666666666669
                    },
                    "exact": {
                        "correct": 2,
                        "incorrect": 0,
                        "partial": 0,
                        "missed": 2,
                        "spurious": 5,
                        "possible": 4,
                        "actual": 7,
                        "TP": 2,
                        "FP": 5,
                        "FN": 2,
                        "P_micro": 0.2857142857142857,
                        "R_micro": 0.5,
                        "F1_micro": 0.36363636363636365,
                        "P_macro_doc": 0.2857142857142857,
                        "R_macro_doc": 0.5,
                        "F1_macro_doc": 0.8333333333333333,
                        "P_macro_doc_std": 0.45175395145262565,
                        "R_macro_doc_std": 0.408248290463863,
                        "F1_macro_doc_std": 0.16666666666666669
                    }
                },
                "ALL": {
                    "partial": {
                        "correct": 101,
                        "incorrect": 0,
                        "partial": 2,
                        "missed": 11,
                        "spurious": 32,
                        "possible": 114,
                        "actual": 135,