{
    "NE-COARSE-LIT": {
        "TIME-ALL": {
            "LED-ALL": {
                "ORG": {
                    "partial": {
                        "correct": 135,
                        "incorrect": 0,
                        "partial": 7,
                        "missed": 12,
                        "spurious": 20,
                        "possible": 154,
                        "actual": 162,
                        "TP": 135,
                        "FP": 27,
                        "FN": 19,
                        "P_micro": 0.8549382716049383,
                        "R_micro": 0.8993506493506493,
                        "F1_micro": 0.8765822784810127,
                        "P_macro_doc": 0.8585390946502056,
                        "R_macro_doc": 0.9122252747252748,
                        "F1_macro_doc": 0.9167410440436756,
                        "P_macro_doc_std": 0.3070724840723308,
                        "R_macro_doc_std": 0.22596380849799869,
                        "F1_macro_doc_std": 0.19926311484585854
                    },
                    "strict": {
                        "correct": 135,
                        "incorrect": 7,
                        "partial": 0,
                        "missed": 12,
                        "spurious": 20,
                        "possible": 154,
                        "actual": 162,
                        "TP": 135,
                        "FP": 27,
                        "FN": 19,
                        "P_micro": 0.8333333333333334,
                        "R_micro": 0.8766233766233766,
                        "F1_micro": 0.8544303797468356,
                        "P_macro_doc": 0.8364197530864198,
                        "R_macro_doc": 0.8824175824175823,
                        "F1_macro_doc": 0.8907741381425592,
                        "P_macro_doc_std": 0.3460645997632045,
                        "R_macro_doc_std": 0.2934011819280574,
                        "F1_macro_doc_std": 0.26837627449810714
                    },
                    "ent_type": {
                        "correct": 141,
                        "incorrect": 1,
                        "partial": 0,
                        "missed": 12,
                        "spurious": 20,
                        "possible": 154,
                        "actual": 162,
                        "TP": 141,
                        "FP": 21,
                        "FN": 13,
                        "P_micro": 0.8703703703703703,
                        "R_micro": 0.9155844155844156,
                        "F1_micro": 0.8924050632911392,
                        "P_macro_doc": 0.8786008230452673,
                        "R_macro_doc": 0.9394688644688645,
                        "F1_macro_doc": 0.9403156054471844,
                        "P_macro_doc_std": 0.29193825765374,
                        "R_macro_doc_std": 0.20505399816609385,
                        "F1_macro_doc_std": 0.16537604301359132
                    },
                    "exact": {
                        "correct": 135,
                        "incorrect": 7,
                        "partial": 0,
                        "missed": 12,
                        "spurious": 20,
                        "possible": 154,
                        "actual": 162,
                        "TP": 135,
                        "FP": 27,
                        "FN": 19,
                        "P_micro": 0.8333333333333334,
                        "R_micro": 0.8766233766233766,
                        "F1_micro": 0.8544303797468356,
                        "P_macro_doc": 0.8364197530864198,
                        "R_macro_doc": 0.8824175824175823,
                        "F1_macro_doc": 0.8907741381425592,
                        "P_macro_doc_std": 0.3460645997632045,
                        "R_macro_doc_std": 0.2934011819280574,
                        "F1_macro_doc_std": 0.26837627449810714
                    }
                },
                "PERS": {
                    "partial": {
                        "correct": 0,
                        "incorrect": 0,
                        "partial": 2,
                        "missed": 7,
                        "spurious": 2,
                        "possible": 9,
                        "actual": 4,
                        "TP": 0,
                        "FP": 4,
                        "FN": 9,
                        "P_micro": 0.25,
                        "R_micro": 0.1111111111111111,
                        "F1_micro": 0.15384615384615383,
                        "P_macro_doc": 0.25,
                        "R_macro_doc": 0.1111111111111111,
                        "F1_macro_doc": 0.5,
                        "P_macro_doc_std": 0.25,
                        "R_macro_doc_std": 0.20786985482077452,
                        "F1_macro_doc_std": 0.0
                    },
                    "strict": {
                        "correct": 0,
                        "incorrect": 2,
                        "partial": 0,
                        "missed": 7,
                        "spurious": 2,
                        "possible": 9,
                        "actual": 4,
                        "TP": 0,
                        "FP": 4,
                        "FN": 9,
                        "P_micro": 0.0,
                        "R_micro": 0.0,
                        "F1_micro": 0,
                        "P_macro_doc": 0.0,
                        "R_macro_doc": 0.0,
                        "F1_macro_doc": 0.0,
                        "P_macro_doc_std": 0.0,
                        "R_macro_doc_std": 0.0,
                        "F1_macro_doc_std": 0.0
                    },
                    "ent_type": {
                        "correct": 0,
                        "incorrect": 2,
                        "partial": 0,
                        "missed": 7,
                        "spurious": 2,
                        "possible": 9,
                        "actual": 4,
                        "TP": 0,
                        "FP": 4,
                        "FN": 9,
                        "P_micro": 0.0,
                        "R_micro": 0.0,
                        "F1_micro": 0,
                        "P_macro_doc": 0.0,
                        "R_macro_doc": 0.0,
                        "F1_macro_doc": 0.0,
                        "P_macro_doc_std": 0.0,
                        "R_macro_doc_std": 0.0,
                        "F1_macro_doc_std": 0.0
                    },
                    "exact": {
                        "correct": 0,
                        "incorrect": 2,
                        "partial": 0,
                        "missed": 7,
                        "spurious": 2,
                        "possible": 9,
                        "actual": 4,
                        "TP": 0,
                        "FP": 4,
                        "FN": 9,
                        "P_micro": 0.0,
                        "R_micro": 0.0,
                        "F1_micro": 0,
                        "P_macro_doc": 0.0,
                        "R_macro_doc": 0.0,
                        "F1_macro_doc": 0.0,
                        "P_macro_doc_std": 0.0,
                        "R_macro_doc_std": 0.0,
                        "F1_macro_doc_std": 0.0
                    }
                },
                "ALL": {
                    "partial": {
                        "correct": 135,
                        "incorrect": 0,
                        "partial": 9,
                        "missed": 19,
                        "spurious": 22,
                        "possible": 163,
                        "actual": 166,
                        "TP": 135,
                        "FP": 31,
                        "FN": 28,
                        "P_micro": 0.8403614457831325,
                        "R_micro": 0.8558282208588958,
                        "F1_micro": 0.8480243161094226,