{"dev": {"global": [{"loss": 0.011121013034507894, "precision": 0.7887323943661971, "recall": 0.5045045045045045, "f1": 0.6153846153846152}, {"loss": 0.009721092987194752, "precision": 0.5474452554744526, "recall": 0.6756756756756757, "f1": 0.6048387096774194}, {"loss": 0.007682348933475408, "precision": 0.6610169491525424, "recall": 0.7027027027027027, "f1": 0.6812227074235808}], "sent-level": [null, null, null], "token-level": ["                             precision    recall  f1-score   support\n\n    org.ent.pressagency.AFP     0.7500    0.6429    0.6923        14\n     org.ent.pressagency.AP     1.0000    0.1250    0.2222         8\norg.ent.pressagency.ATS-SDA     1.0000    0.2500    0.4000        24\n    org.ent.pressagency.DNB     0.0000    0.0000    0.0000         3\n  org.ent.pressagency.Extel     0.0000    0.0000    0.0000         1\n  org.ent.pressagency.Havas     0.7857    0.8462    0.8148        26\norg.ent.pressagency.Reuters     0.9375    0.8333    0.8824        18\norg.ent.pressagency.Stefani     0.0000    0.0000    0.0000         1\n org.ent.pressagency.UP-UPI     0.0000    0.0000    0.0000         4\n  org.ent.pressagency.Wolff     0.3750    1.0000    0.5455         3\n     org.ent.pressagency.ag     0.0000    0.0000    0.0000         1\n    org.ent.pressagency.unk     0.0000    0.0000    0.0000         4\n     pers.ind.articleauthor     0.0000    0.0000    0.0000         4\n\n                  micro avg     0.7887    0.5045    0.6154       111\n                  macro avg     0.3729    0.2844    0.2736       111\n               weighted avg     0.7291    0.5045    0.5385       111\n", "                             precision    recall  f1-score   support\n\n    org.ent.pressagency.AFP     0.6000    0.8571    0.7059        14\n     org.ent.pressagency.AP     1.0000    0.7500    0.8571         8\norg.ent.pressagency.ATS-SDA     0.3175    0.8333    0.4598        24\n    org.ent.pressagency.DNB     0.0000    0.0000    0.0000         3\n  org.ent.pressagency.Extel     0.0000    0.0000    0.0000         1\n  org.ent.pressagency.Havas     0.7857    0.8462    0.8148        26\norg.ent.pressagency.Reuters     0.8462    0.6111    0.7097        18\norg.ent.pressagency.Stefani     0.0000    0.0000    0.0000         1\n org.ent.pressagency.UP-UPI     0.6667    0.5000    0.5714         4\n  org.ent.pressagency.Wolff     0.5000    0.6667    0.5714         3\n     org.ent.pressagency.ag     0.0000    0.0000    0.0000         1\n    org.ent.pressagency.unk     0.0000    0.0000    0.0000         4\n     pers.ind.articleauthor     0.0000    0.0000    0.0000         4\n\n                  micro avg     0.5474    0.6757    0.6048       111\n                  macro avg     0.3628    0.3896    0.3608       111\n               weighted avg     0.5752    0.6757    0.5922       111\n", "                             precision    recall  f1-score   support\n\n    org.ent.pressagency.AFP     0.7000    1.0000    0.8235        14\n     org.ent.pressagency.AP     0.8571    0.7500    0.8000         8\norg.ent.pressagency.ATS-SDA     0.5333    0.6667    0.5926        24\n    org.ent.pressagency.DNB     0.0000    0.0000    0.0000         3\n    org.ent.pressagency.DPA     0.0000    0.0000    0.0000         0\n  org.ent.pressagency.Extel     0.0000    0.0000    0.0000         1\n  org.ent.pressagency.Havas     0.7778    0.8077    0.7925        26\norg.ent.pressagency.Reuters     0.8889    0.8889    0.8889        18\norg.ent.pressagency.Stefani     0.0000    0.0000    0.0000         1\n org.ent.pressagency.UP-UPI     0.4286    0.7500    0.5455         4\n  org.ent.pressagency.Wolff     0.4000    0.6667    0.5000         3\n     org.ent.pressagency.ag     0.0000    0.0000    0.0000         1\n    org.ent.pressagency.unk     0.0000    0.0000    0.0000         4\n     pers.ind.articleauthor     0.0000    0.0000    0.0000         4\n\n                  micro avg     0.6610    0.7027    0.6812       111\n                  macro avg     0.3276    0.3950    0.3531       111\n               weighted avg     0.6180    0.7027    0.6526       111\n"]}, "test": {"global": {"loss": 0.01161744838399756, "precision": 0.7251908396946565, "recall": 0.6168831168831169, "f1": 0.6666666666666666}, "token-level": "                             precision    recall  f1-score   support\n\n    org.ent.pressagency.AFP     0.7600    1.0000    0.8636        19\n   org.ent.pressagency.ANSA     0.0000    0.0000    0.0000         1\n     org.ent.pressagency.AP     0.8333    0.8333    0.8333         6\n    org.ent.pressagency.APA     0.0000    0.0000    0.0000         1\norg.ent.pressagency.ATS-SDA     0.7826    0.7826    0.7826        23\n    org.ent.pressagency.DNB     0.0000    0.0000    0.0000         3\n    org.ent.pressagency.DPA     0.2500    0.5000    0.3333         2\n  org.ent.pressagency.Havas     0.6486    0.7273    0.6857        33\n   org.ent.pressagency.Kipa     0.0000    0.0000    0.0000         1\norg.ent.pressagency.Reuters     0.9500    0.7037    0.8085        27\norg.ent.pressagency.Stefani     1.0000    0.5000    0.6667         2\n org.ent.pressagency.UP-UPI     0.7000    0.5385    0.6087        13\n  org.ent.pressagency.Wolff     0.3333    0.3333    0.3333         3\n org.ent.pressagency.Xinhua     0.0000    0.0000    0.0000         1\n     org.ent.pressagency.ag     0.0000    0.0000    0.0000         3\n    org.ent.pressagency.unk     0.0000    0.0000    0.0000         7\n     pers.ind.articleauthor     0.0000    0.0000    0.0000         9\n\n                  micro avg     0.7252    0.6169    0.6667       154\n                  macro avg     0.3681    0.3482    0.3480       154\n               weighted avg     0.6305    0.6169    0.6155       154\n"}}