{
    "NE-COARSE-LIT": {
        "TIME-ALL": {
            "LED-ALL": {
                "ORG": {
                    "partial": {
                        "correct": 79,
                        "incorrect": 0,
                        "partial": 6,
                        "missed": 25,
                        "spurious": 29,
                        "possible": 110,
                        "actual": 114,
                        "TP": 79,
                        "FP": 35,
                        "FN": 31,
                        "P_micro": 0.7192982456140351,
                        "R_micro": 0.7454545454545455,
                        "F1_micro": 0.7321428571428571,
                        "P_macro_doc": 0.7762096774193549,
                        "R_macro_doc": 0.7277777777777777,
                        "F1_macro_doc": 0.836865515436944,
                        "P_macro_doc_std": 0.3457235114335739,
                        "R_macro_doc_std": 0.3804716784361635,
                        "F1_macro_doc_std": 0.23287856689693232
                    },
                    "strict": {
                        "correct": 79,
                        "incorrect": 6,
                        "partial": 0,
                        "missed": 25,
                        "spurious": 29,
                        "possible": 110,
                        "actual": 114,
                        "TP": 79,
                        "FP": 35,
                        "FN": 31,
                        "P_micro": 0.6929824561403509,
                        "R_micro": 0.7181818181818181,
                        "F1_micro": 0.7053571428571429,
                        "P_macro_doc": 0.7358870967741935,
                        "R_macro_doc": 0.6911616161616162,
                        "F1_macro_doc": 0.7931155154369439,
                        "P_macro_doc_std": 0.3927934737992896,
                        "R_macro_doc_std": 0.4180000855541945,
                        "F1_macro_doc_std": 0.313903119527782
                    },
                    "ent_type": {
                        "correct": 85,
                        "incorrect": 0,
                        "partial": 0,
                        "missed": 25,
                        "spurious": 29,
                        "possible": 110,
                        "actual": 114,
                        "TP": 85,
                        "FP": 29,
                        "FN": 25,
                        "P_micro": 0.7456140350877193,
                        "R_micro": 0.7727272727272727,
                        "F1_micro": 0.7589285714285713,
                        "P_macro_doc": 0.8165322580645161,
                        "R_macro_doc": 0.7643939393939394,
                        "F1_macro_doc": 0.880615515436944,
                        "P_macro_doc_std": 0.3432219124961019,
                        "R_macro_doc_std": 0.3809862971505244,
                        "F1_macro_doc_std": 0.21325233970736393
                    },
                    "exact": {
                        "correct": 79,
                        "incorrect": 6,
                        "partial": 0,
                        "missed": 25,
                        "spurious": 29,
                        "possible": 110,
                        "actual": 114,
                        "TP": 79,
                        "FP": 35,
                        "FN": 31,
                        "P_micro": 0.6929824561403509,
                        "R_micro": 0.7181818181818181,
                        "F1_micro": 0.7053571428571429,
                        "P_macro_doc": 0.7358870967741935,
                        "R_macro_doc": 0.6911616161616162,
                        "F1_macro_doc": 0.7931155154369439,
                        "P_macro_doc_std": 0.3927934737992896,
                        "R_macro_doc_std": 0.4180000855541945,
                        "F1_macro_doc_std": 0.313903119527782
                    }
                },
                "PERS": {
                    "partial": {
                        "correct": 0,
                        "incorrect": 0,
                        "partial": 1,
                        "missed": 3,
                        "spurious": 3,
                        "possible": 4,
                        "actual": 4,
                        "TP": 0,
                        "FP": 4,
                        "FN": 4,
                        "P_micro": 0.125,
                        "R_micro": 0.125,
                        "F1_micro": 0.125,
                        "P_macro_doc": 0.125,
                        "R_macro_doc": 0.08333333333333333,
                        "F1_macro_doc": 0.3333333333333333,
                        "P_macro_doc_std": 0.21650635094610965,
                        "R_macro_doc_std": 0.11785113019775792,
                        "F1_macro_doc_std": 0.0
                    },
                    "strict": {
                        "correct": 0,
                        "incorrect": 1,
                        "partial": 0,
                        "missed": 3,
                        "spurious": 3,
                        "possible": 4,
                        "actual": 4,
                        "TP": 0,
                        "FP": 4,
                        "FN": 4,
                        "P_micro": 0.0,
                        "R_micro": 0.0,
                        "F1_micro": 0,
                        "P_macro_doc": 0.0,
                        "R_macro_doc": 0.0,
                        "F1_macro_doc": 0.0,
                        "P_macro_doc_std": 0.0,
                        "R_macro_doc_std": 0.0,
                        "F1_macro_doc_std": 0.0
                    },
                    "ent_type": {
                        "correct": 0,
                        "incorrect": 1,
                        "partial": 0,
                        "missed": 3,
                        "spurious": 3,
                        "possible": 4,
                        "actual": 4,
                        "TP": 0,
                        "FP": 4,
                        "FN": 4,
                        "P_micro": 0.0,
                        "R_micro": 0.0,
                        "F1_micro": 0,
                        "P_macro_doc": 0.0,
                        "R_macro_doc": 0.0,
                        "F1_macro_doc": 0.0,
                        "P_macro_doc_std": 0.0,
                        "R_macro_doc_std": 0.0,
                        "F1_macro_doc_std": 0.0
                    },
                    "exact": {
                        "correct": 0,
                        "incorrect": 1,
                        "partial": 0,
                        "missed": 3,
                        "spurious": 3,
                        "possible": 4,
                        "actual": 4,
                        "TP": 0,
                        "FP": 4,
                        "FN": 4,
                        "P_micro": 0.0,
                        "R_micro": 0.0,
                        "F1_micro": 0,
                        "P_macro_doc": 0.0,
                        "R_macro_doc": 0.0,
                        "F1_macro_doc": 0.0,
                        "P_macro_doc_std": 0.0,
                        "R_macro_doc_std": 0.0,
                        "F1_macro_doc_std": 0.0
                    }
                },
                "ALL": {
                    "partial": {
                        "correct": 79,
                        "incorrect": 0,
                        "partial": 7,
                        "missed": 28,
                        "spurious": 32,
                        "possible": 114,
                        "actual": 118,
                        "TP": 79,
                        "FP": 39,
                        "FN": 35,
                        "P_micro": 0.6991525423728814,
                        "R_micro": 0.7236842105263158,
                        "F1_micro": 0.7112068965517241,