{
    "NE-COARSE-LIT": {
        "TIME-ALL": {
            "LED-ALL": {
                "ORG": {
                    "partial": {
                        "correct": 97,
                        "incorrect": 0,
                        "partial": 9,
                        "missed": 48,
                        "spurious": 24,
                        "possible": 154,
                        "actual": 130,
                        "TP": 97,
                        "FP": 33,
                        "FN": 57,
                        "P_micro": 0.7807692307692308,
                        "R_micro": 0.6590909090909091,
                        "F1_micro": 0.7147887323943662,
                        "P_macro_doc": 0.8006802721088436,
                        "R_macro_doc": 0.6827838827838827,
                        "F1_macro_doc": 0.8231501831501832,
                        "P_macro_doc_std": 0.3437787930885856,
                        "R_macro_doc_std": 0.39875036885227294,
                        "F1_macro_doc_std": 0.2693408262257194
                    },
                    "strict": {
                        "correct": 97,
                        "incorrect": 9,
                        "partial": 0,
                        "missed": 48,
                        "spurious": 24,
                        "possible": 154,
                        "actual": 130,
                        "TP": 97,
                        "FP": 33,
                        "FN": 57,
                        "P_micro": 0.7461538461538462,
                        "R_micro": 0.6298701298701299,
                        "F1_micro": 0.6830985915492959,
                        "P_macro_doc": 0.7688775510204081,
                        "R_macro_doc": 0.6521214896214895,
                        "F1_macro_doc": 0.7894139194139194,
                        "P_macro_doc_std": 0.3822707462752264,
                        "R_macro_doc_std": 0.42577650952464974,
                        "F1_macro_doc_std": 0.32612136129607305
                    },
                    "ent_type": {
                        "correct": 106,
                        "incorrect": 0,
                        "partial": 0,
                        "missed": 48,
                        "spurious": 24,
                        "possible": 154,
                        "actual": 130,
                        "TP": 106,
                        "FP": 24,
                        "FN": 48,
                        "P_micro": 0.8153846153846154,
                        "R_micro": 0.6883116883116883,
                        "F1_micro": 0.7464788732394366,
                        "P_macro_doc": 0.8324829931972789,
                        "R_macro_doc": 0.7134462759462759,
                        "F1_macro_doc": 0.8568864468864469,
                        "P_macro_doc_std": 0.33645478127615264,
                        "R_macro_doc_std": 0.40186056639954765,
                        "F1_macro_doc_std": 0.25111720476299987
                    },
                    "exact": {
                        "correct": 97,
                        "incorrect": 9,
                        "partial": 0,
                        "missed": 48,
                        "spurious": 24,
                        "possible": 154,
                        "actual": 130,
                        "TP": 97,
                        "FP": 33,
                        "FN": 57,
                        "P_micro": 0.7461538461538462,
                        "R_micro": 0.6298701298701299,
                        "F1_micro": 0.6830985915492959,
                        "P_macro_doc": 0.7688775510204081,
                        "R_macro_doc": 0.6521214896214895,
                        "F1_macro_doc": 0.7894139194139194,
                        "P_macro_doc_std": 0.3822707462752264,
                        "R_macro_doc_std": 0.42577650952464974,
                        "F1_macro_doc_std": 0.32612136129607305
                    }
                },
                "PERS": {
                    "partial": {
                        "correct": 0,
                        "incorrect": 0,
                        "partial": 0,
                        "missed": 9,
                        "spurious": 1,
                        "possible": 9,
                        "actual": 1,
                        "TP": 0,
                        "FP": 1,
                        "FN": 9,
                        "P_micro": 0.0,
                        "R_micro": 0.0,
                        "F1_micro": 0,
                        "P_macro_doc": 0.0,
                        "R_macro_doc": 0.0,
                        "F1_macro_doc": null,
                        "P_macro_doc_std": 0.0,
                        "R_macro_doc_std": 0.0,
                        "F1_macro_doc_std": null
                    },
                    "strict": {
                        "correct": 0,
                        "incorrect": 0,
                        "partial": 0,
                        "missed": 9,
                        "spurious": 1,
                        "possible": 9,
                        "actual": 1,
                        "TP": 0,
                        "FP": 1,
                        "FN": 9,
                        "P_micro": 0.0,
                        "R_micro": 0.0,
                        "F1_micro": 0,
                        "P_macro_doc": 0.0,
                        "R_macro_doc": 0.0,
                        "F1_macro_doc": null,
                        "P_macro_doc_std": 0.0,
                        "R_macro_doc_std": 0.0,
                        "F1_macro_doc_std": null
                    },
                    "ent_type": {
                        "correct": 0,
                        "incorrect": 0,
                        "partial": 0,
                        "missed": 9,
                        "spurious": 1,
                        "possible": 9,
                        "actual": 1,
                        "TP": 0,
                        "FP": 1,
                        "FN": 9,
                        "P_micro": 0.0,
                        "R_micro": 0.0,
                        "F1_micro": 0,
                        "P_macro_doc": 0.0,
                        "R_macro_doc": 0.0,
                        "F1_macro_doc": null,
                        "P_macro_doc_std": 0.0,
                        "R_macro_doc_std": 0.0,
                        "F1_macro_doc_std": null
                    },
                    "exact": {
                        "correct": 0,
                        "incorrect": 0,
                        "partial": 0,
                        "missed": 9,
                        "spurious": 1,
                        "possible": 9,
                        "actual": 1,
                        "TP": 0,
                        "FP": 1,
                        "FN": 9,
                        "P_micro": 0.0,
                        "R_micro": 0.0,
                        "F1_micro": 0,
                        "P_macro_doc": 0.0,
                        "R_macro_doc": 0.0,
                        "F1_macro_doc": null,
                        "P_macro_doc_std": 0.0,
                        "R_macro_doc_std": 0.0,
                        "F1_macro_doc_std": null
                    }
                },
                "ALL": {
                    "partial": {
                        "correct": 97,
                        "incorrect": 0,
                        "partial": 9,
                        "missed": 57,
                        "spurious": 25,
                        "possible": 163,
                        "actual": 131,
                        "TP": 97,
                        "FP": 34,
                        "FN": 66,
                        "P_micro": 0.7748091603053435,
                        "R_micro": 0.6226993865030674,
                        "F1_micro": 0.6904761904761905,
                        "P_macro_doc": 0.7894030851777332,