{
    "NE-COARSE-LIT": {
        "TIME-ALL": {
            "LED-ALL": {
                "ORG": {
                    "partial": {
                        "correct": 94,
                        "incorrect": 0,
                        "partial": 4,
                        "missed": 12,
                        "spurious": 23,
                        "possible": 110,
                        "actual": 121,
                        "TP": 94,
                        "FP": 27,
                        "FN": 16,
                        "P_micro": 0.7933884297520661,
                        "R_micro": 0.8727272727272727,
                        "F1_micro": 0.8311688311688312,
                        "P_macro_doc": 0.8556397306397306,
                        "R_macro_doc": 0.884090909090909,
                        "F1_macro_doc": 0.9297423887587822,
                        "P_macro_doc_std": 0.29647589110577055,
                        "R_macro_doc_std": 0.27616346806883524,
                        "F1_macro_doc_std": 0.13526441382181623
                    },
                    "strict": {
                        "correct": 94,
                        "incorrect": 4,
                        "partial": 0,
                        "missed": 12,
                        "spurious": 23,
                        "possible": 110,
                        "actual": 121,
                        "TP": 94,
                        "FP": 27,
                        "FN": 16,
                        "P_micro": 0.7768595041322314,
                        "R_micro": 0.8545454545454545,
                        "F1_micro": 0.8138528138528138,
                        "P_macro_doc": 0.8417508417508418,
                        "R_macro_doc": 0.8676767676767677,
                        "F1_macro_doc": 0.9137132448607858,
                        "P_macro_doc_std": 0.31756214933590016,
                        "R_macro_doc_std": 0.29819714723402085,
                        "F1_macro_doc_std": 0.18587246651019018
                    },
                    "ent_type": {
                        "correct": 98,
                        "incorrect": 0,
                        "partial": 0,
                        "missed": 12,
                        "spurious": 23,
                        "possible": 110,
                        "actual": 121,
                        "TP": 98,
                        "FP": 23,
                        "FN": 12,
                        "P_micro": 0.8099173553719008,
                        "R_micro": 0.8909090909090909,
                        "F1_micro": 0.8484848484848484,
                        "P_macro_doc": 0.8695286195286195,
                        "R_macro_doc": 0.9005050505050506,
                        "F1_macro_doc": 0.9457715326567785,
                        "P_macro_doc_std": 0.28988632914238316,
                        "R_macro_doc_std": 0.27244326776335764,
                        "F1_macro_doc_std": 0.11114946006657038
                    },
                    "exact": {
                        "correct": 94,
                        "incorrect": 4,
                        "partial": 0,
                        "missed": 12,
                        "spurious": 23,
                        "possible": 110,
                        "actual": 121,
                        "TP": 94,
                        "FP": 27,
                        "FN": 16,
                        "P_micro": 0.7768595041322314,
                        "R_micro": 0.8545454545454545,
                        "F1_micro": 0.8138528138528138,
                        "P_macro_doc": 0.8417508417508418,
                        "R_macro_doc": 0.8676767676767677,
                        "F1_macro_doc": 0.9137132448607858,
                        "P_macro_doc_std": 0.31756214933590016,
                        "R_macro_doc_std": 0.29819714723402085,
                        "F1_macro_doc_std": 0.18587246651019018
                    }
                },
                "PERS": {
                    "partial": {
                        "correct": 2,
                        "incorrect": 0,
                        "partial": 0,
                        "missed": 2,
                        "spurious": 2,
                        "possible": 4,
                        "actual": 4,
                        "TP": 2,
                        "FP": 2,
                        "FN": 2,
                        "P_micro": 0.5,
                        "R_micro": 0.5,
                        "F1_micro": 0.5,
                        "P_macro_doc": 0.5,
                        "R_macro_doc": 0.5,
                        "F1_macro_doc": 0.8333333333333333,
                        "P_macro_doc_std": 0.5,
                        "R_macro_doc_std": 0.408248290463863,
                        "F1_macro_doc_std": 0.16666666666666669
                    },
                    "strict": {
                        "correct": 2,
                        "incorrect": 0,
                        "partial": 0,
                        "missed": 2,
                        "spurious": 2,
                        "possible": 4,
                        "actual": 4,
                        "TP": 2,
                        "FP": 2,
                        "FN": 2,
                        "P_micro": 0.5,
                        "R_micro": 0.5,
                        "F1_micro": 0.5,
                        "P_macro_doc": 0.5,
                        "R_macro_doc": 0.5,
                        "F1_macro_doc": 0.8333333333333333,
                        "P_macro_doc_std": 0.5,
                        "R_macro_doc_std": 0.408248290463863,
                        "F1_macro_doc_std": 0.16666666666666669
                    },
                    "ent_type": {
                        "correct": 2,
                        "incorrect": 0,
                        "partial": 0,
                        "missed": 2,
                        "spurious": 2,
                        "possible": 4,
                        "actual": 4,
                        "TP": 2,
                        "FP": 2,
                        "FN": 2,
                        "P_micro": 0.5,
                        "R_micro": 0.5,
                        "F1_micro": 0.5,
                        "P_macro_doc": 0.5,
                        "R_macro_doc": 0.5,
                        "F1_macro_doc": 0.8333333333333333,
                        "P_macro_doc_std": 0.5,
                        "R_macro_doc_std": 0.408248290463863,
                        "F1_macro_doc_std": 0.16666666666666669
                    },
                    "exact": {
                        "correct": 2,
                        "incorrect": 0,
                        "partial": 0,
                        "missed": 2,
                        "spurious": 2,
                        "possible": 4,
                        "actual": 4,
                        "TP": 2,
                        "FP": 2,
                        "FN": 2,
                        "P_micro": 0.5,
                        "R_micro": 0.5,
                        "F1_micro": 0.5,
                        "P_macro_doc": 0.5,
                        "R_macro_doc": 0.5,
                        "F1_macro_doc": 0.8333333333333333,
                        "P_macro_doc_std": 0.5,
                        "R_macro_doc_std": 0.408248290463863,
                        "F1_macro_doc_std": 0.16666666666666669
                    }
                },
                "ALL": {
                    "partial": {
                        "correct": 96,
                        "incorrect": 0,
                        "partial": 4,
                        "missed": 14,
                        "spurious": 25,
                        "possible": 114,
                        "actual": 125,
                        "TP": 96,
                        "FP": 29,
                        "FN": 18,
                        "P_micro": 0.784,