{
    "NE-COARSE-LIT": {
        "TIME-ALL": {
            "LED-ALL": {
                "ORG": {
                    "partial": {
                        "correct": 45,
                        "incorrect": 0,
                        "partial": 1,
                        "missed": 10,
                        "spurious": 10,
                        "possible": 56,
                        "actual": 56,
                        "TP": 45,
                        "FP": 11,
                        "FN": 11,
                        "P_micro": 0.8125,
                        "R_micro": 0.8125,
                        "F1_micro": 0.8125,
                        "P_macro_doc": 0.742577030812325,
                        "R_macro_doc": 0.9214285714285715,
                        "F1_macro_doc": 0.8878105628216199,
                        "P_macro_doc_std": 0.38679076739376445,
                        "R_macro_doc_std": 0.14603605928757768,
                        "F1_macro_doc_std": 0.168231664473069
                    },
                    "strict": {
                        "correct": 45,
                        "incorrect": 1,
                        "partial": 0,
                        "missed": 10,
                        "spurious": 10,
                        "possible": 56,
                        "actual": 56,
                        "TP": 45,
                        "FP": 11,
                        "FN": 11,
                        "P_micro": 0.8035714285714286,
                        "R_micro": 0.8035714285714286,
                        "F1_micro": 0.8035714285714286,
                        "P_macro_doc": 0.7376750700280112,
                        "R_macro_doc": 0.9181818181818182,
                        "F1_macro_doc": 0.883608882149351,
                        "P_macro_doc_std": 0.38507765985282183,
                        "R_macro_doc_std": 0.1555638713318566,
                        "F1_macro_doc_std": 0.17479851360097426
                    },
                    "ent_type": {
                        "correct": 46,
                        "incorrect": 0,
                        "partial": 0,
                        "missed": 10,
                        "spurious": 10,
                        "possible": 56,
                        "actual": 56,
                        "TP": 46,
                        "FP": 10,
                        "FN": 10,
                        "P_micro": 0.8214285714285714,
                        "R_micro": 0.8214285714285714,
                        "F1_micro": 0.8214285714285714,
                        "P_macro_doc": 0.7474789915966387,
                        "R_macro_doc": 0.9246753246753247,
                        "F1_macro_doc": 0.8920122434938887,
                        "P_macro_doc_std": 0.3894846933954905,
                        "R_macro_doc_std": 0.13684670158068568,
                        "F1_macro_doc_std": 0.16281361318364387
                    },
                    "exact": {
                        "correct": 45,
                        "incorrect": 1,
                        "partial": 0,
                        "missed": 10,
                        "spurious": 10,
                        "possible": 56,
                        "actual": 56,
                        "TP": 45,
                        "FP": 11,
                        "FN": 11,
                        "P_micro": 0.8035714285714286,
                        "R_micro": 0.8035714285714286,
                        "F1_micro": 0.8035714285714286,
                        "P_macro_doc": 0.7376750700280112,
                        "R_macro_doc": 0.9181818181818182,
                        "F1_macro_doc": 0.883608882149351,
                        "P_macro_doc_std": 0.38507765985282183,
                        "R_macro_doc_std": 0.1555638713318566,
                        "F1_macro_doc_std": 0.17479851360097426
                    }
                },
                "PERS": {
                    "partial": {
                        "correct": 0,
                        "incorrect": 0,
                        "partial": 0,
                        "missed": 2,
                        "spurious": 3,
                        "possible": 2,
                        "actual": 3,
                        "TP": 0,
                        "FP": 3,
                        "FN": 2,
                        "P_micro": 0.0,
                        "R_micro": 0.0,
                        "F1_micro": 0,
                        "P_macro_doc": 0.0,
                        "R_macro_doc": 0.0,
                        "F1_macro_doc": null,
                        "P_macro_doc_std": 0.0,
                        "R_macro_doc_std": 0.0,
                        "F1_macro_doc_std": null
                    },
                    "strict": {
                        "correct": 0,
                        "incorrect": 0,
                        "partial": 0,
                        "missed": 2,
                        "spurious": 3,
                        "possible": 2,
                        "actual": 3,
                        "TP": 0,
                        "FP": 3,
                        "FN": 2,
                        "P_micro": 0.0,
                        "R_micro": 0.0,
                        "F1_micro": 0,
                        "P_macro_doc": 0.0,
                        "R_macro_doc": 0.0,
                        "F1_macro_doc": null,
                        "P_macro_doc_std": 0.0,
                        "R_macro_doc_std": 0.0,
                        "F1_macro_doc_std": null
                    },
                    "ent_type": {
                        "correct": 0,
                        "incorrect": 0,
                        "partial": 0,
                        "missed": 2,
                        "spurious": 3,
                        "possible": 2,
                        "actual": 3,
                        "TP": 0,
                        "FP": 3,
                        "FN": 2,
                        "P_micro": 0.0,
                        "R_micro": 0.0,
                        "F1_micro": 0,
                        "P_macro_doc": 0.0,
                        "R_macro_doc": 0.0,
                        "F1_macro_doc": null,
                        "P_macro_doc_std": 0.0,
                        "R_macro_doc_std": 0.0,
                        "F1_macro_doc_std": null
                    },
                    "exact": {
                        "correct": 0,
                        "incorrect": 0,
                        "partial": 0,
                        "missed": 2,
                        "spurious": 3,
                        "possible": 2,
                        "actual": 3,
                        "TP": 0,
                        "FP": 3,
                        "FN": 2,
                        "P_micro": 0.0,
                        "R_micro": 0.0,
                        "F1_micro": 0,
                        "P_macro_doc": 0.0,
                        "R_macro_doc": 0.0,
                        "F1_macro_doc": null,
                        "P_macro_doc_std": 0.0,
                        "R_macro_doc_std": 0.0,
                        "F1_macro_doc_std": null
                    }
                },
                "ALL": {
                    "partial": {
                        "correct": 45,
                        "incorrect": 0,
                        "partial": 1,
                        "missed": 12,
                        "spurious": 13,
                        "possible": 58,
                        "actual": 59,
                        "TP": 45,
                        "FP": 14,
                        "FN": 13,
                        "P_micro": 0.7711864406779662,
                        "R_micro": 0.7844827586206896,
                        "F1_micro": 0.7777777777777778,
                        "P_macro_doc": 0.7274509803921569,
                        "R_macro_doc": 0.8738095238095237,