{
    "NE-COARSE-LIT": {
        "TIME-ALL": {
            "LED-ALL": {
                "ORG": {
                    "partial": {
                        "correct": 42,
                        "incorrect": 0,
                        "partial": 0,
                        "missed": 14,
                        "spurious": 11,
                        "possible": 56,
                        "actual": 53,
                        "TP": 42,
                        "FP": 11,
                        "FN": 14,
                        "P_micro": 0.7924528301886793,
                        "R_micro": 0.75,
                        "F1_micro": 0.7706422018348623,
                        "P_macro_doc": 0.759090909090909,
                        "R_macro_doc": 0.8069805194805194,
                        "F1_macro_doc": 0.875792044213097,
                        "P_macro_doc_std": 0.383895862256747,
                        "R_macro_doc_std": 0.31000683653689326,
                        "F1_macro_doc_std": 0.17644407902525203
                    },
                    "strict": {
                        "correct": 42,
                        "incorrect": 0,
                        "partial": 0,
                        "missed": 14,
                        "spurious": 11,
                        "possible": 56,
                        "actual": 53,
                        "TP": 42,
                        "FP": 11,
                        "FN": 14,
                        "P_micro": 0.7924528301886793,
                        "R_micro": 0.75,
                        "F1_micro": 0.7706422018348623,
                        "P_macro_doc": 0.759090909090909,
                        "R_macro_doc": 0.8069805194805194,
                        "F1_macro_doc": 0.875792044213097,
                        "P_macro_doc_std": 0.383895862256747,
                        "R_macro_doc_std": 0.31000683653689326,
                        "F1_macro_doc_std": 0.17644407902525203
                    },
                    "ent_type": {
                        "correct": 42,
                        "incorrect": 0,
                        "partial": 0,
                        "missed": 14,
                        "spurious": 11,
                        "possible": 56,
                        "actual": 53,
                        "TP": 42,
                        "FP": 11,
                        "FN": 14,
                        "P_micro": 0.7924528301886793,
                        "R_micro": 0.75,
                        "F1_micro": 0.7706422018348623,
                        "P_macro_doc": 0.759090909090909,
                        "R_macro_doc": 0.8069805194805194,
                        "F1_macro_doc": 0.875792044213097,
                        "P_macro_doc_std": 0.383895862256747,
                        "R_macro_doc_std": 0.31000683653689326,
                        "F1_macro_doc_std": 0.17644407902525203
                    },
                    "exact": {
                        "correct": 42,
                        "incorrect": 0,
                        "partial": 0,
                        "missed": 14,
                        "spurious": 11,
                        "possible": 56,
                        "actual": 53,
                        "TP": 42,
                        "FP": 11,
                        "FN": 14,
                        "P_micro": 0.7924528301886793,
                        "R_micro": 0.75,
                        "F1_micro": 0.7706422018348623,
                        "P_macro_doc": 0.759090909090909,
                        "R_macro_doc": 0.8069805194805194,
                        "F1_macro_doc": 0.875792044213097,
                        "P_macro_doc_std": 0.383895862256747,
                        "R_macro_doc_std": 0.31000683653689326,
                        "F1_macro_doc_std": 0.17644407902525203
                    }
                },
                "PERS": {
                    "partial": {
                        "correct": 0,
                        "incorrect": 0,
                        "partial": 0,
                        "missed": 2,
                        "spurious": 2,
                        "possible": 2,
                        "actual": 2,
                        "TP": 0,
                        "FP": 2,
                        "FN": 2,
                        "P_micro": 0.0,
                        "R_micro": 0.0,
                        "F1_micro": 0,
                        "P_macro_doc": 0.0,
                        "R_macro_doc": 0.0,
                        "F1_macro_doc": null,
                        "P_macro_doc_std": 0.0,
                        "R_macro_doc_std": 0.0,
                        "F1_macro_doc_std": null
                    },
                    "strict": {
                        "correct": 0,
                        "incorrect": 0,
                        "partial": 0,
                        "missed": 2,
                        "spurious": 2,
                        "possible": 2,
                        "actual": 2,
                        "TP": 0,
                        "FP": 2,
                        "FN": 2,
                        "P_micro": 0.0,
                        "R_micro": 0.0,
                        "F1_micro": 0,
                        "P_macro_doc": 0.0,
                        "R_macro_doc": 0.0,
                        "F1_macro_doc": null,
                        "P_macro_doc_std": 0.0,
                        "R_macro_doc_std": 0.0,
                        "F1_macro_doc_std": null
                    },
                    "ent_type": {
                        "correct": 0,
                        "incorrect": 0,
                        "partial": 0,
                        "missed": 2,
                        "spurious": 2,
                        "possible": 2,
                        "actual": 2,
                        "TP": 0,
                        "FP": 2,
                        "FN": 2,
                        "P_micro": 0.0,
                        "R_micro": 0.0,
                        "F1_micro": 0,
                        "P_macro_doc": 0.0,
                        "R_macro_doc": 0.0,
                        "F1_macro_doc": null,
                        "P_macro_doc_std": 0.0,
                        "R_macro_doc_std": 0.0,
                        "F1_macro_doc_std": null
                    },
                    "exact": {
                        "correct": 0,
                        "incorrect": 0,
                        "partial": 0,
                        "missed": 2,
                        "spurious": 2,
                        "possible": 2,
                        "actual": 2,
                        "TP": 0,
                        "FP": 2,
                        "FN": 2,
                        "P_micro": 0.0,
                        "R_micro": 0.0,
                        "F1_micro": 0,
                        "P_macro_doc": 0.0,
                        "R_macro_doc": 0.0,
                        "F1_macro_doc": null,
                        "P_macro_doc_std": 0.0,
                        "R_macro_doc_std": 0.0,
                        "F1_macro_doc_std": null
                    }
                },
                "ALL": {
                    "partial": {
                        "correct": 42,
                        "incorrect": 0,
                        "partial": 0,
                        "missed": 16,
                        "spurious": 13,
                        "possible": 58,
                        "actual": 55,
                        "TP": 42,
                        "FP": 13,
                        "FN": 16,
                        "P_micro": 0.7636363636363637,
                        "R_micro": 0.7241379310344828,
                        "F1_micro": 0.7433628318584072,
                        "P_macro_doc": 0.6747474747474747,
                        "R_macro_doc": 0.7593614718614717,