{"dev": {"global": {"loss": 0.004341243067684762, "precision": 0.7615384615384615, "recall": 0.8839285714285714, "f1": 0.8181818181818181}, "sent-level": null, "token-level": "                             precision    recall  f1-score   support\n\n    org.ent.pressagency.AFP     0.7778    1.0000    0.8750        14\n     org.ent.pressagency.AP     1.0000    0.7500    0.8571         8\norg.ent.pressagency.ATS-SDA     0.7742    1.0000    0.8727        24\n    org.ent.pressagency.DNB     0.3333    0.3333    0.3333         3\n    org.ent.pressagency.DPA     0.0000    0.0000    0.0000         0\n  org.ent.pressagency.Extel     0.0000    0.0000    0.0000         1\n  org.ent.pressagency.Havas     0.8621    0.9615    0.9091        26\norg.ent.pressagency.Reuters     0.9000    0.9474    0.9231        19\norg.ent.pressagency.Stefani     0.0000    0.0000    0.0000         1\n org.ent.pressagency.UP-UPI     1.0000    1.0000    1.0000         4\n  org.ent.pressagency.Wolff     0.6000    1.0000    0.7500         3\n     org.ent.pressagency.ag     0.3333    1.0000    0.5000         1\n    org.ent.pressagency.unk     0.3333    0.5000    0.4000         4\n     pers.ind.articleauthor     0.3333    0.2500    0.2857         4\n\n                  micro avg     0.7615    0.8839    0.8182       112\n                  macro avg     0.5177    0.6244    0.5504       112\n               weighted avg     0.7749    0.8839    0.8189       112\n"}, "test": {"global": {"loss": 0.005926462700744854, "precision": 0.8238993710691824, "recall": 0.8397435897435898, "f1": 0.8317460317460317}, "sent-level": null, "token-level": "                             precision    recall  f1-score   support\n\n    org.ent.pressagency.AFP     1.0000    1.0000    1.0000        20\n   org.ent.pressagency.ANSA     0.0000    0.0000    0.0000         1\n     org.ent.pressagency.AP     0.8571    1.0000    0.9231         6\n    org.ent.pressagency.APA     0.0000    0.0000    0.0000         1\norg.ent.pressagency.ATS-SDA     0.9200    1.0000    0.9583        23\n    org.ent.pressagency.DNB     1.0000    0.6667    0.8000         3\n    org.ent.pressagency.DPA     1.0000    1.0000    1.0000         2\n  org.ent.pressagency.Havas     0.8235    0.8485    0.8358        33\n   org.ent.pressagency.Kipa     1.0000    1.0000    1.0000         1\norg.ent.pressagency.Reuters     0.8571    0.8889    0.8727        27\norg.ent.pressagency.Stefani     1.0000    1.0000    1.0000         2\n org.ent.pressagency.UP-UPI     0.9167    0.8462    0.8800        13\n  org.ent.pressagency.Wolff     0.5000    1.0000    0.6667         4\n org.ent.pressagency.Xinhua     0.0000    0.0000    0.0000         1\n     org.ent.pressagency.ag     0.5000    1.0000    0.6667         3\n    org.ent.pressagency.unk     0.5000    0.4286    0.4615         7\n     pers.ind.articleauthor     0.3333    0.2222    0.2667         9\n\n                  micro avg     0.8239    0.8397    0.8317       156\n                  macro avg     0.6593    0.7001    0.6666       156\n               weighted avg     0.8111    0.8397    0.8196       156\n"}}