{
    "NE-COARSE-LIT": {
        "TIME-ALL": {
            "LED-ALL": {
                "ORG": {
                    "partial": {
                        "correct": 100,
                        "incorrect": 0,
                        "partial": 2,
                        "missed": 8,
                        "spurious": 23,
                        "possible": 110,
                        "actual": 125,
                        "TP": 100,
                        "FP": 25,
                        "FN": 10,
                        "P_micro": 0.808,
                        "R_micro": 0.9181818181818182,
                        "F1_micro": 0.8595744680851064,
                        "P_macro_doc": 0.8852813852813853,
                        "R_macro_doc": 0.9207070707070707,
                        "F1_macro_doc": 0.9315536315536316,
                        "P_macro_doc_std": 0.25989353341989846,
                        "R_macro_doc_std": 0.23475505907531127,
                        "F1_macro_doc_std": 0.14985296520676497
                    },
                    "strict": {
                        "correct": 100,
                        "incorrect": 2,
                        "partial": 0,
                        "missed": 8,
                        "spurious": 23,
                        "possible": 110,
                        "actual": 125,
                        "TP": 100,
                        "FP": 25,
                        "FN": 10,
                        "P_micro": 0.8,
                        "R_micro": 0.9090909090909091,
                        "F1_micro": 0.8510638297872342,
                        "P_macro_doc": 0.8751803751803752,
                        "R_macro_doc": 0.9106060606060606,
                        "F1_macro_doc": 0.9209716209716209,
                        "P_macro_doc_std": 0.2788392604397533,
                        "R_macro_doc_std": 0.25696749332007296,
                        "F1_macro_doc_std": 0.18472369926573043
                    },
                    "ent_type": {
                        "correct": 102,
                        "incorrect": 0,
                        "partial": 0,
                        "missed": 8,
                        "spurious": 23,
                        "possible": 110,
                        "actual": 125,
                        "TP": 102,
                        "FP": 23,
                        "FN": 8,
                        "P_micro": 0.816,
                        "R_micro": 0.9272727272727272,
                        "F1_micro": 0.8680851063829788,
                        "P_macro_doc": 0.8953823953823954,
                        "R_macro_doc": 0.9308080808080809,
                        "F1_macro_doc": 0.942135642135642,
                        "P_macro_doc_std": 0.25603009954253075,
                        "R_macro_doc_std": 0.2289127137296902,
                        "F1_macro_doc_std": 0.1392241413974736
                    },
                    "exact": {
                        "correct": 100,
                        "incorrect": 2,
                        "partial": 0,
                        "missed": 8,
                        "spurious": 23,
                        "possible": 110,
                        "actual": 125,
                        "TP": 100,
                        "FP": 25,
                        "FN": 10,
                        "P_micro": 0.8,
                        "R_micro": 0.9090909090909091,
                        "F1_micro": 0.8510638297872342,
                        "P_macro_doc": 0.8751803751803752,
                        "R_macro_doc": 0.9106060606060606,
                        "F1_macro_doc": 0.9209716209716209,
                        "P_macro_doc_std": 0.2788392604397533,
                        "R_macro_doc_std": 0.25696749332007296,
                        "F1_macro_doc_std": 0.18472369926573043
                    }
                },
                "PERS": {
                    "partial": {
                        "correct": 1,
                        "incorrect": 0,
                        "partial": 0,
                        "missed": 3,
                        "spurious": 2,
                        "possible": 4,
                        "actual": 3,
                        "TP": 1,
                        "FP": 2,
                        "FN": 3,
                        "P_micro": 0.3333333333333333,
                        "R_micro": 0.25,
                        "F1_micro": 0.28571428571428575,
                        "P_macro_doc": 0.3333333333333333,
                        "R_macro_doc": 0.3333333333333333,
                        "F1_macro_doc": 1.0,
                        "P_macro_doc_std": 0.4714045207910317,
                        "R_macro_doc_std": 0.4714045207910317,
                        "F1_macro_doc_std": 0.0
                    },
                    "strict": {
                        "correct": 1,
                        "incorrect": 0,
                        "partial": 0,
                        "missed": 3,
                        "spurious": 2,
                        "possible": 4,
                        "actual": 3,
                        "TP": 1,
                        "FP": 2,
                        "FN": 3,
                        "P_micro": 0.3333333333333333,
                        "R_micro": 0.25,
                        "F1_micro": 0.28571428571428575,
                        "P_macro_doc": 0.3333333333333333,
                        "R_macro_doc": 0.3333333333333333,
                        "F1_macro_doc": 1.0,
                        "P_macro_doc_std": 0.4714045207910317,
                        "R_macro_doc_std": 0.4714045207910317,
                        "F1_macro_doc_std": 0.0
                    },
                    "ent_type": {
                        "correct": 1,
                        "incorrect": 0,
                        "partial": 0,
                        "missed": 3,
                        "spurious": 2,
                        "possible": 4,
                        "actual": 3,
                        "TP": 1,
                        "FP": 2,
                        "FN": 3,
                        "P_micro": 0.3333333333333333,
                        "R_micro": 0.25,
                        "F1_micro": 0.28571428571428575,
                        "P_macro_doc": 0.3333333333333333,
                        "R_macro_doc": 0.3333333333333333,
                        "F1_macro_doc": 1.0,
                        "P_macro_doc_std": 0.4714045207910317,
                        "R_macro_doc_std": 0.4714045207910317,
                        "F1_macro_doc_std": 0.0
                    },
                    "exact": {
                        "correct": 1,
                        "incorrect": 0,
                        "partial": 0,
                        "missed": 3,
                        "spurious": 2,
                        "possible": 4,
                        "actual": 3,
                        "TP": 1,
                        "FP": 2,
                        "FN": 3,
                        "P_micro": 0.3333333333333333,
                        "R_micro": 0.25,
                        "F1_micro": 0.28571428571428575,
                        "P_macro_doc": 0.3333333333333333,
                        "R_macro_doc": 0.3333333333333333,
                        "F1_macro_doc": 1.0,
                        "P_macro_doc_std": 0.4714045207910317,
                        "R_macro_doc_std": 0.4714045207910317,
                        "F1_macro_doc_std": 0.0
                    }
                },
                "ALL": {
                    "partial": {
                        "correct": 101,
                        "incorrect": 0,
                        "partial": 2,
                        "missed": 11,
                        "spurious": 25,
                        "possible": 114,
                        "actual": 128,
                        "TP": 101,