{
    "NE-COARSE-LIT": {
        "TIME-ALL": {
            "LED-ALL": {
                "ORG": {
                    "partial": {
                        "correct": 131,
                        "incorrect": 0,
                        "partial": 6,
                        "missed": 17,
                        "spurious": 16,
                        "possible": 154,
                        "actual": 153,
                        "TP": 131,
                        "FP": 22,
                        "FN": 23,
                        "P_micro": 0.8758169934640523,
                        "R_micro": 0.8701298701298701,
                        "F1_micro": 0.8729641693811074,
                        "P_macro_doc": 0.8795833333333334,
                        "R_macro_doc": 0.9072039072039072,
                        "F1_macro_doc": 0.9189003248213773,
                        "P_macro_doc_std": 0.2847266598570168,
                        "R_macro_doc_std": 0.2224666884294136,
                        "F1_macro_doc_std": 0.18860157479351766
                    },
                    "strict": {
                        "correct": 131,
                        "incorrect": 6,
                        "partial": 0,
                        "missed": 17,
                        "spurious": 16,
                        "possible": 154,
                        "actual": 153,
                        "TP": 131,
                        "FP": 22,
                        "FN": 23,
                        "P_micro": 0.8562091503267973,
                        "R_micro": 0.8506493506493507,
                        "F1_micro": 0.8534201954397393,
                        "P_macro_doc": 0.8585416666666668,
                        "R_macro_doc": 0.8829517704517704,
                        "F1_macro_doc": 0.8959679939943098,
                        "P_macro_doc_std": 0.3205246756621607,
                        "R_macro_doc_std": 0.2767967912753058,
                        "F1_macro_doc_std": 0.2484592981970508
                    },
                    "ent_type": {
                        "correct": 136,
                        "incorrect": 1,
                        "partial": 0,
                        "missed": 17,
                        "spurious": 16,
                        "possible": 154,
                        "actual": 153,
                        "TP": 136,
                        "FP": 17,
                        "FN": 18,
                        "P_micro": 0.8888888888888888,
                        "R_micro": 0.8831168831168831,
                        "F1_micro": 0.8859934853420196,
                        "P_macro_doc": 0.898125,
                        "R_macro_doc": 0.9288919413919413,
                        "F1_macro_doc": 0.9392010767010768,
                        "P_macro_doc_std": 0.27425395963413185,
                        "R_macro_doc_std": 0.20729329381768993,
                        "F1_macro_doc_std": 0.16503411810036975
                    },
                    "exact": {
                        "correct": 131,
                        "incorrect": 6,
                        "partial": 0,
                        "missed": 17,
                        "spurious": 16,
                        "possible": 154,
                        "actual": 153,
                        "TP": 131,
                        "FP": 22,
                        "FN": 23,
                        "P_micro": 0.8562091503267973,
                        "R_micro": 0.8506493506493507,
                        "F1_micro": 0.8534201954397393,
                        "P_macro_doc": 0.8585416666666668,
                        "R_macro_doc": 0.8829517704517704,
                        "F1_macro_doc": 0.8959679939943098,
                        "P_macro_doc_std": 0.3205246756621607,
                        "R_macro_doc_std": 0.2767967912753058,
                        "F1_macro_doc_std": 0.2484592981970508
                    }
                },
                "PERS": {
                    "partial": {
                        "correct": 2,
                        "incorrect": 0,
                        "partial": 0,
                        "missed": 7,
                        "spurious": 3,
                        "possible": 9,
                        "actual": 5,
                        "TP": 2,
                        "FP": 3,
                        "FN": 7,
                        "P_micro": 0.4,
                        "R_micro": 0.2222222222222222,
                        "F1_micro": 0.2857142857142857,
                        "P_macro_doc": 0.4,
                        "R_macro_doc": 0.2222222222222222,
                        "F1_macro_doc": 1.0,
                        "P_macro_doc_std": 0.48989794855663565,
                        "R_macro_doc_std": 0.41573970964154905,
                        "F1_macro_doc_std": 0.0
                    },
                    "strict": {
                        "correct": 2,
                        "incorrect": 0,
                        "partial": 0,
                        "missed": 7,
                        "spurious": 3,
                        "possible": 9,
                        "actual": 5,
                        "TP": 2,
                        "FP": 3,
                        "FN": 7,
                        "P_micro": 0.4,
                        "R_micro": 0.2222222222222222,
                        "F1_micro": 0.2857142857142857,
                        "P_macro_doc": 0.4,
                        "R_macro_doc": 0.2222222222222222,
                        "F1_macro_doc": 1.0,
                        "P_macro_doc_std": 0.48989794855663565,
                        "R_macro_doc_std": 0.41573970964154905,
                        "F1_macro_doc_std": 0.0
                    },
                    "ent_type": {
                        "correct": 2,
                        "incorrect": 0,
                        "partial": 0,
                        "missed": 7,
                        "spurious": 3,
                        "possible": 9,
                        "actual": 5,
                        "TP": 2,
                        "FP": 3,
                        "FN": 7,
                        "P_micro": 0.4,
                        "R_micro": 0.2222222222222222,
                        "F1_micro": 0.2857142857142857,
                        "P_macro_doc": 0.4,
                        "R_macro_doc": 0.2222222222222222,
                        "F1_macro_doc": 1.0,
                        "P_macro_doc_std": 0.48989794855663565,
                        "R_macro_doc_std": 0.41573970964154905,
                        "F1_macro_doc_std": 0.0
                    },
                    "exact": {
                        "correct": 2,
                        "incorrect": 0,
                        "partial": 0,
                        "missed": 7,
                        "spurious": 3,
                        "possible": 9,
                        "actual": 5,
                        "TP": 2,
                        "FP": 3,
                        "FN": 7,
                        "P_micro": 0.4,
                        "R_micro": 0.2222222222222222,
                        "F1_micro": 0.2857142857142857,
                        "P_macro_doc": 0.4,
                        "R_macro_doc": 0.2222222222222222,
                        "F1_macro_doc": 1.0,
                        "P_macro_doc_std": 0.48989794855663565,
                        "R_macro_doc_std": 0.41573970964154905,
                        "F1_macro_doc_std": 0.0
                    }
                },
                "ALL": {
                    "partial": {
                        "correct": 133,
                        "incorrect": 0,
                        "partial": 6,
                        "missed": 24,
                        "spurious": 19,
                        "possible": 163,
                        "actual": 158,
                        "TP": 133,