{
    "NE-COARSE-LIT": {
        "TIME-ALL": {
            "LED-ALL": {
                "ORG": {
                    "partial": {
                        "correct": 20,
                        "incorrect": 0,
                        "partial": 1,
                        "missed": 2,
                        "spurious": 10,
                        "possible": 23,
                        "actual": 31,
                        "TP": 20,
                        "FP": 11,
                        "FN": 3,
                        "P_micro": 0.6612903225806451,
                        "R_micro": 0.8913043478260869,
                        "F1_micro": 0.7592592592592593,
                        "P_macro_doc": 0.8166666666666667,
                        "R_macro_doc": 0.8333333333333334,
                        "F1_macro_doc": 0.9487179487179488,
                        "P_macro_doc_std": 0.3704351795148812,
                        "R_macro_doc_std": 0.3496029493900505,
                        "F1_macro_doc_std": 0.177646236673731
                    },
                    "strict": {
                        "correct": 20,
                        "incorrect": 1,
                        "partial": 0,
                        "missed": 2,
                        "spurious": 10,
                        "possible": 23,
                        "actual": 31,
                        "TP": 20,
                        "FP": 11,
                        "FN": 3,
                        "P_micro": 0.6451612903225806,
                        "R_micro": 0.8695652173913043,
                        "F1_micro": 0.7407407407407407,
                        "P_macro_doc": 0.8,
                        "R_macro_doc": 0.8,
                        "F1_macro_doc": 0.9230769230769231,
                        "P_macro_doc_std": 0.4,
                        "R_macro_doc_std": 0.4,
                        "F1_macro_doc_std": 0.2664693550105965
                    },
                    "ent_type": {
                        "correct": 21,
                        "incorrect": 0,
                        "partial": 0,
                        "missed": 2,
                        "spurious": 10,
                        "possible": 23,
                        "actual": 31,
                        "TP": 21,
                        "FP": 10,
                        "FN": 2,
                        "P_micro": 0.6774193548387096,
                        "R_micro": 0.9130434782608695,
                        "F1_micro": 0.7777777777777777,
                        "P_macro_doc": 0.8333333333333334,
                        "R_macro_doc": 0.8666666666666667,
                        "F1_macro_doc": 0.9743589743589743,
                        "P_macro_doc_std": 0.34960294939005054,
                        "R_macro_doc_std": 0.3399346342395189,
                        "F1_macro_doc_std": 0.08882311833686551
                    },
                    "exact": {
                        "correct": 20,
                        "incorrect": 1,
                        "partial": 0,
                        "missed": 2,
                        "spurious": 10,
                        "possible": 23,
                        "actual": 31,
                        "TP": 20,
                        "FP": 11,
                        "FN": 3,
                        "P_micro": 0.6451612903225806,
                        "R_micro": 0.8695652173913043,
                        "F1_micro": 0.7407407407407407,
                        "P_macro_doc": 0.8,
                        "R_macro_doc": 0.8,
                        "F1_macro_doc": 0.9230769230769231,
                        "P_macro_doc_std": 0.4,
                        "R_macro_doc_std": 0.4,
                        "F1_macro_doc_std": 0.2664693550105965
                    }
                },
                "PERS": {
                    "partial": {
                        "correct": 0,
                        "incorrect": 0,
                        "partial": 0,
                        "missed": 3,
                        "spurious": 0,
                        "possible": 3,
                        "actual": 0,
                        "TP": 0,
                        "FP": 0,
                        "FN": 3,
                        "P_micro": 0,
                        "R_micro": 0.0,
                        "F1_micro": 0,
                        "P_macro_doc": null,
                        "R_macro_doc": 0.0,
                        "F1_macro_doc": null,
                        "P_macro_doc_std": null,
                        "R_macro_doc_std": 0.0,
                        "F1_macro_doc_std": null
                    },
                    "strict": {
                        "correct": 0,
                        "incorrect": 0,
                        "partial": 0,
                        "missed": 3,
                        "spurious": 0,
                        "possible": 3,
                        "actual": 0,
                        "TP": 0,
                        "FP": 0,
                        "FN": 3,
                        "P_micro": 0,
                        "R_micro": 0.0,
                        "F1_micro": 0,
                        "P_macro_doc": null,
                        "R_macro_doc": 0.0,
                        "F1_macro_doc": null,
                        "P_macro_doc_std": null,
                        "R_macro_doc_std": 0.0,
                        "F1_macro_doc_std": null
                    },
                    "ent_type": {
                        "correct": 0,
                        "incorrect": 0,
                        "partial": 0,
                        "missed": 3,
                        "spurious": 0,
                        "possible": 3,
                        "actual": 0,
                        "TP": 0,
                        "FP": 0,
                        "FN": 3,
                        "P_micro": 0,
                        "R_micro": 0.0,
                        "F1_micro": 0,
                        "P_macro_doc": null,
                        "R_macro_doc": 0.0,
                        "F1_macro_doc": null,
                        "P_macro_doc_std": null,
                        "R_macro_doc_std": 0.0,
                        "F1_macro_doc_std": null
                    },
                    "exact": {
                        "correct": 0,
                        "incorrect": 0,
                        "partial": 0,
                        "missed": 3,
                        "spurious": 0,
                        "possible": 3,
                        "actual": 0,
                        "TP": 0,
                        "FP": 0,
                        "FN": 3,
                        "P_micro": 0,
                        "R_micro": 0.0,
                        "F1_micro": 0,
                        "P_macro_doc": null,
                        "R_macro_doc": 0.0,
                        "F1_macro_doc": null,
                        "P_macro_doc_std": null,
                        "R_macro_doc_std": 0.0,
                        "F1_macro_doc_std": null
                    }
                },
                "ALL": {
                    "partial": {
                        "correct": 20,
                        "incorrect": 0,
                        "partial": 1,
                        "missed": 5,
                        "spurious": 10,
                        "possible": 26,
                        "actual": 31,
                        "TP": 20,
                        "FP": 11,
                        "FN": 6,
                        "P_micro": 0.6612903225806451,
                        "R_micro": 0.7884615384615384,
                        "F1_micro": 0.719298245614035,
                        "P_macro_doc": 0.8166666666666667,
                        "R_macro_doc": 0.7291666666666666,
                        "F1_macro_doc": 0.9076923076923078,