{
    "NE-COARSE-LIT": {
        "TIME-ALL": {
            "LED-ALL": {
                "ORG": {
                    "partial": {
                        "correct": 99,
                        "incorrect": 0,
                        "partial": 4,
                        "missed": 7,
                        "spurious": 24,
                        "possible": 110,
                        "actual": 127,
                        "TP": 99,
                        "FP": 28,
                        "FN": 11,
                        "P_micro": 0.7952755905511811,
                        "R_micro": 0.9181818181818182,
                        "F1_micro": 0.8523206751054853,
                        "P_macro_doc": 0.8735819327731091,
                        "R_macro_doc": 0.9308080808080808,
                        "F1_macro_doc": 0.9327341928904429,
                        "P_macro_doc_std": 0.27393944498285183,
                        "R_macro_doc_std": 0.20605813030796355,
                        "F1_macro_doc_std": 0.14547544987736175
                    },
                    "strict": {
                        "correct": 99,
                        "incorrect": 4,
                        "partial": 0,
                        "missed": 7,
                        "spurious": 24,
                        "possible": 110,
                        "actual": 127,
                        "TP": 99,
                        "FP": 28,
                        "FN": 11,
                        "P_micro": 0.7795275590551181,
                        "R_micro": 0.9,
                        "F1_micro": 0.8354430379746837,
                        "P_macro_doc": 0.8576505602240898,
                        "R_macro_doc": 0.9131313131313131,
                        "F1_macro_doc": 0.9152862762237762,
                        "P_macro_doc_std": 0.29771247246382504,
                        "R_macro_doc_std": 0.24085137906448778,
                        "F1_macro_doc_std": 0.1938734153008605
                    },
                    "ent_type": {
                        "correct": 103,
                        "incorrect": 0,
                        "partial": 0,
                        "missed": 7,
                        "spurious": 24,
                        "possible": 110,
                        "actual": 127,
                        "TP": 103,
                        "FP": 24,
                        "FN": 7,
                        "P_micro": 0.8110236220472441,
                        "R_micro": 0.9363636363636364,
                        "F1_micro": 0.869198312236287,
                        "P_macro_doc": 0.8895133053221288,
                        "R_macro_doc": 0.9484848484848485,
                        "F1_macro_doc": 0.9501821095571095,
                        "P_macro_doc_std": 0.2679001099488454,
                        "R_macro_doc_std": 0.19619115757126293,
                        "F1_macro_doc_std": 0.12654695901981733
                    },
                    "exact": {
                        "correct": 99,
                        "incorrect": 4,
                        "partial": 0,
                        "missed": 7,
                        "spurious": 24,
                        "possible": 110,
                        "actual": 127,
                        "TP": 99,
                        "FP": 28,
                        "FN": 11,
                        "P_micro": 0.7795275590551181,
                        "R_micro": 0.9,
                        "F1_micro": 0.8354430379746837,
                        "P_macro_doc": 0.8576505602240898,
                        "R_macro_doc": 0.9131313131313131,
                        "F1_macro_doc": 0.9152862762237762,
                        "P_macro_doc_std": 0.29771247246382504,
                        "R_macro_doc_std": 0.24085137906448778,
                        "F1_macro_doc_std": 0.1938734153008605
                    }
                },
                "PERS": {
                    "partial": {
                        "correct": 2,
                        "incorrect": 0,
                        "partial": 1,
                        "missed": 1,
                        "spurious": 5,
                        "possible": 4,
                        "actual": 8,
                        "TP": 2,
                        "FP": 6,
                        "FN": 2,
                        "P_micro": 0.3125,
                        "R_micro": 0.625,
                        "F1_micro": 0.4166666666666667,
                        "P_macro_doc": 0.21428571428571427,
                        "R_macro_doc": 0.5,
                        "F1_macro_doc": 0.75,
                        "P_macro_doc_std": 0.36421567954234174,
                        "R_macro_doc_std": 0.408248290463863,
                        "F1_macro_doc_std": 0.25
                    },
                    "strict": {
                        "correct": 2,
                        "incorrect": 1,
                        "partial": 0,
                        "missed": 1,
                        "spurious": 5,
                        "possible": 4,
                        "actual": 8,
                        "TP": 2,
                        "FP": 6,
                        "FN": 2,
                        "P_micro": 0.25,
                        "R_micro": 0.5,
                        "F1_micro": 0.3333333333333333,
                        "P_macro_doc": 0.14285714285714285,
                        "R_macro_doc": 0.3333333333333333,
                        "F1_macro_doc": 0.5,
                        "P_macro_doc_std": 0.34992710611188266,
                        "R_macro_doc_std": 0.4714045207910317,
                        "F1_macro_doc_std": 0.5
                    },
                    "ent_type": {
                        "correct": 3,
                        "incorrect": 0,
                        "partial": 0,
                        "missed": 1,
                        "spurious": 5,
                        "possible": 4,
                        "actual": 8,
                        "TP": 3,
                        "FP": 5,
                        "FN": 1,
                        "P_micro": 0.375,
                        "R_micro": 0.75,
                        "F1_micro": 0.5,
                        "P_macro_doc": 0.2857142857142857,
                        "R_macro_doc": 0.6666666666666666,
                        "F1_macro_doc": 1.0,
                        "P_macro_doc_std": 0.45175395145262565,
                        "R_macro_doc_std": 0.4714045207910317,
                        "F1_macro_doc_std": 0.0
                    },
                    "exact": {
                        "correct": 2,
                        "incorrect": 1,
                        "partial": 0,
                        "missed": 1,
                        "spurious": 5,
                        "possible": 4,
                        "actual": 8,
                        "TP": 2,
                        "FP": 6,
                        "FN": 2,
                        "P_micro": 0.25,
                        "R_micro": 0.5,
                        "F1_micro": 0.3333333333333333,
                        "P_macro_doc": 0.14285714285714285,
                        "R_macro_doc": 0.3333333333333333,
                        "F1_macro_doc": 0.5,
                        "P_macro_doc_std": 0.34992710611188266,
                        "R_macro_doc_std": 0.4714045207910317,
                        "F1_macro_doc_std": 0.5
                    }
                },
                "ALL": {
                    "partial": {
                        "correct": 101,
                        "incorrect": 0,
                        "partial": 5,
                        "missed": 8,
                        "spurious": 29,
                        "possible": 114,
                        "actual": 135,
                        "TP": 101,
                        "FP": 34,