{
    "NE-COARSE-LIT": {
        "TIME-ALL": {
            "LED-ALL": {
                "ORG": {
                    "partial": {
                        "correct": 132,
                        "incorrect": 0,
                        "partial": 6,
                        "missed": 16,
                        "spurious": 13,
                        "possible": 154,
                        "actual": 151,
                        "TP": 132,
                        "FP": 19,
                        "FN": 22,
                        "P_micro": 0.8940397350993378,
                        "R_micro": 0.8766233766233766,
                        "F1_micro": 0.8852459016393441,
                        "P_macro_doc": 0.8942307692307693,
                        "R_macro_doc": 0.8958791208791209,
                        "F1_macro_doc": 0.9201629111629113,
                        "P_macro_doc_std": 0.2681858027715863,
                        "R_macro_doc_std": 0.2517884523088897,
                        "F1_macro_doc_std": 0.19209257809045177
                    },
                    "strict": {
                        "correct": 132,
                        "incorrect": 6,
                        "partial": 0,
                        "missed": 16,
                        "spurious": 13,
                        "possible": 154,
                        "actual": 151,
                        "TP": 132,
                        "FP": 19,
                        "FN": 22,
                        "P_micro": 0.8741721854304636,
                        "R_micro": 0.8571428571428571,
                        "F1_micro": 0.8655737704918033,
                        "P_macro_doc": 0.8739316239316238,
                        "R_macro_doc": 0.8726953601953602,
                        "F1_macro_doc": 0.8981258741258741,
                        "P_macro_doc_std": 0.30712792493728114,
                        "R_macro_doc_std": 0.2990736334410793,
                        "F1_macro_doc_std": 0.250722447289445
                    },
                    "ent_type": {
                        "correct": 138,
                        "incorrect": 0,
                        "partial": 0,
                        "missed": 16,
                        "spurious": 13,
                        "possible": 154,
                        "actual": 151,
                        "TP": 138,
                        "FP": 13,
                        "FN": 16,
                        "P_micro": 0.9139072847682119,
                        "R_micro": 0.8961038961038961,
                        "F1_micro": 0.9049180327868853,
                        "P_macro_doc": 0.9145299145299145,
                        "R_macro_doc": 0.9190628815628815,
                        "F1_macro_doc": 0.9421999481999482,
                        "P_macro_doc_std": 0.2531758250561657,
                        "R_macro_doc_std": 0.2373620038771211,
                        "F1_macro_doc_std": 0.1649044444290834
                    },
                    "exact": {
                        "correct": 132,
                        "incorrect": 6,
                        "partial": 0,
                        "missed": 16,
                        "spurious": 13,
                        "possible": 154,
                        "actual": 151,
                        "TP": 132,
                        "FP": 19,
                        "FN": 22,
                        "P_micro": 0.8741721854304636,
                        "R_micro": 0.8571428571428571,
                        "F1_micro": 0.8655737704918033,
                        "P_macro_doc": 0.8739316239316238,
                        "R_macro_doc": 0.8726953601953602,
                        "F1_macro_doc": 0.8981258741258741,
                        "P_macro_doc_std": 0.30712792493728114,
                        "R_macro_doc_std": 0.2990736334410793,
                        "F1_macro_doc_std": 0.250722447289445
                    }
                },
                "PERS": {
                    "partial": {
                        "correct": 1,
                        "incorrect": 0,
                        "partial": 0,
                        "missed": 8,
                        "spurious": 2,
                        "possible": 9,
                        "actual": 3,
                        "TP": 1,
                        "FP": 2,
                        "FN": 8,
                        "P_micro": 0.3333333333333333,
                        "R_micro": 0.1111111111111111,
                        "F1_micro": 0.16666666666666666,
                        "P_macro_doc": 0.3333333333333333,
                        "R_macro_doc": 0.1111111111111111,
                        "F1_macro_doc": 1.0,
                        "P_macro_doc_std": 0.4714045207910317,
                        "R_macro_doc_std": 0.31426968052735443,
                        "F1_macro_doc_std": 0.0
                    },
                    "strict": {
                        "correct": 1,
                        "incorrect": 0,
                        "partial": 0,
                        "missed": 8,
                        "spurious": 2,
                        "possible": 9,
                        "actual": 3,
                        "TP": 1,
                        "FP": 2,
                        "FN": 8,
                        "P_micro": 0.3333333333333333,
                        "R_micro": 0.1111111111111111,
                        "F1_micro": 0.16666666666666666,
                        "P_macro_doc": 0.3333333333333333,
                        "R_macro_doc": 0.1111111111111111,
                        "F1_macro_doc": 1.0,
                        "P_macro_doc_std": 0.4714045207910317,
                        "R_macro_doc_std": 0.31426968052735443,
                        "F1_macro_doc_std": 0.0
                    },
                    "ent_type": {
                        "correct": 1,
                        "incorrect": 0,
                        "partial": 0,
                        "missed": 8,
                        "spurious": 2,
                        "possible": 9,
                        "actual": 3,
                        "TP": 1,
                        "FP": 2,
                        "FN": 8,
                        "P_micro": 0.3333333333333333,
                        "R_micro": 0.1111111111111111,
                        "F1_micro": 0.16666666666666666,
                        "P_macro_doc": 0.3333333333333333,
                        "R_macro_doc": 0.1111111111111111,
                        "F1_macro_doc": 1.0,
                        "P_macro_doc_std": 0.4714045207910317,
                        "R_macro_doc_std": 0.31426968052735443,
                        "F1_macro_doc_std": 0.0
                    },
                    "exact": {
                        "correct": 1,
                        "incorrect": 0,
                        "partial": 0,
                        "missed": 8,
                        "spurious": 2,
                        "possible": 9,
                        "actual": 3,
                        "TP": 1,
                        "FP": 2,
                        "FN": 8,
                        "P_micro": 0.3333333333333333,
                        "R_micro": 0.1111111111111111,
                        "F1_micro": 0.16666666666666666,
                        "P_macro_doc": 0.3333333333333333,
                        "R_macro_doc": 0.1111111111111111,
                        "F1_macro_doc": 1.0,
                        "P_macro_doc_std": 0.4714045207910317,
                        "R_macro_doc_std": 0.31426968052735443,
                        "F1_macro_doc_std": 0.0
                    }
                },
                "ALL": {
                    "partial": {
                        "correct": 133,
                        "incorrect": 0,
                        "partial": 6,
                        "missed": 24,
                        "spurious": 15,