{
    "NE-COARSE-LIT": {
        "TIME-ALL": {
            "LED-ALL": {
                "PERS": {
                    "partial": {
                        "correct": 2,
                        "incorrect": 0,
                        "partial": 0,
                        "missed": 7,
                        "spurious": 3,
                        "possible": 9,
                        "actual": 5,
                        "TP": 2,
                        "FP": 3,
                        "FN": 7,
                        "P_micro": 0.4,
                        "R_micro": 0.2222222222222222,
                        "F1_micro": 0.2857142857142857,
                        "P_macro_doc": 0.4,
                        "R_macro_doc": 0.2222222222222222,
                        "F1_macro_doc": 1.0,
                        "P_macro_doc_std": 0.48989794855663565,
                        "R_macro_doc_std": 0.41573970964154905,
                        "F1_macro_doc_std": 0.0
                    },
                    "strict": {
                        "correct": 2,
                        "incorrect": 0,
                        "partial": 0,
                        "missed": 7,
                        "spurious": 3,
                        "possible": 9,
                        "actual": 5,
                        "TP": 2,
                        "FP": 3,
                        "FN": 7,
                        "P_micro": 0.4,
                        "R_micro": 0.2222222222222222,
                        "F1_micro": 0.2857142857142857,
                        "P_macro_doc": 0.4,
                        "R_macro_doc": 0.2222222222222222,
                        "F1_macro_doc": 1.0,
                        "P_macro_doc_std": 0.48989794855663565,
                        "R_macro_doc_std": 0.41573970964154905,
                        "F1_macro_doc_std": 0.0
                    },
                    "ent_type": {
                        "correct": 2,
                        "incorrect": 0,
                        "partial": 0,
                        "missed": 7,
                        "spurious": 3,
                        "possible": 9,
                        "actual": 5,
                        "TP": 2,
                        "FP": 3,
                        "FN": 7,
                        "P_micro": 0.4,
                        "R_micro": 0.2222222222222222,
                        "F1_micro": 0.2857142857142857,
                        "P_macro_doc": 0.4,
                        "R_macro_doc": 0.2222222222222222,
                        "F1_macro_doc": 1.0,
                        "P_macro_doc_std": 0.48989794855663565,
                        "R_macro_doc_std": 0.41573970964154905,
                        "F1_macro_doc_std": 0.0
                    },
                    "exact": {
                        "correct": 2,
                        "incorrect": 0,
                        "partial": 0,
                        "missed": 7,
                        "spurious": 3,
                        "possible": 9,
                        "actual": 5,
                        "TP": 2,
                        "FP": 3,
                        "FN": 7,
                        "P_micro": 0.4,
                        "R_micro": 0.2222222222222222,
                        "F1_micro": 0.2857142857142857,
                        "P_macro_doc": 0.4,
                        "R_macro_doc": 0.2222222222222222,
                        "F1_macro_doc": 1.0,
                        "P_macro_doc_std": 0.48989794855663565,
                        "R_macro_doc_std": 0.41573970964154905,
                        "F1_macro_doc_std": 0.0
                    }
                },
                "ORG": {
                    "partial": {
                        "correct": 126,
                        "incorrect": 0,
                        "partial": 4,
                        "missed": 24,
                        "spurious": 14,
                        "possible": 154,
                        "actual": 144,
                        "TP": 126,
                        "FP": 18,
                        "FN": 28,
                        "P_micro": 0.8888888888888888,
                        "R_micro": 0.8311688311688312,
                        "F1_micro": 0.8590604026845637,
                        "P_macro_doc": 0.8814935064935067,
                        "R_macro_doc": 0.8529304029304031,
                        "F1_macro_doc": 0.9205445788779123,
                        "P_macro_doc_std": 0.29585466777721936,
                        "R_macro_doc_std": 0.3043408628775343,
                        "F1_macro_doc_std": 0.1848078933705931
                    },
                    "strict": {
                        "correct": 126,
                        "incorrect": 4,
                        "partial": 0,
                        "missed": 24,
                        "spurious": 14,
                        "possible": 154,
                        "actual": 144,
                        "TP": 126,
                        "FP": 18,
                        "FN": 28,
                        "P_micro": 0.875,
                        "R_micro": 0.8181818181818182,
                        "F1_micro": 0.8456375838926175,
                        "P_macro_doc": 0.8722943722943723,
                        "R_macro_doc": 0.84235347985348,
                        "F1_macro_doc": 0.9107942982942983,
                        "P_macro_doc_std": 0.30760690594173523,
                        "R_macro_doc_std": 0.32015834117419173,
                        "F1_macro_doc_std": 0.2106119433849684
                    },
                    "ent_type": {
                        "correct": 128,
                        "incorrect": 2,
                        "partial": 0,
                        "missed": 24,
                        "spurious": 14,
                        "possible": 154,
                        "actual": 144,
                        "TP": 128,
                        "FP": 16,
                        "FN": 26,
                        "P_micro": 0.8888888888888888,
                        "R_micro": 0.8311688311688312,
                        "F1_micro": 0.8590604026845637,
                        "P_macro_doc": 0.8852813852813853,
                        "R_macro_doc": 0.8583791208791209,
                        "F1_macro_doc": 0.9246831871831872,
                        "P_macro_doc_std": 0.29117582726037716,
                        "R_macro_doc_std": 0.30078296537175037,
                        "F1_macro_doc_std": 0.17224144965234597
                    },
                    "exact": {
                        "correct": 126,
                        "incorrect": 4,
                        "partial": 0,
                        "missed": 24,
                        "spurious": 14,
                        "possible": 154,
                        "actual": 144,
                        "TP": 126,
                        "FP": 18,
                        "FN": 28,
                        "P_micro": 0.875,
                        "R_micro": 0.8181818181818182,
                        "F1_micro": 0.8456375838926175,
                        "P_macro_doc": 0.8722943722943723,
                        "R_macro_doc": 0.84235347985348,
                        "F1_macro_doc": 0.9107942982942983,
                        "P_macro_doc_std": 0.30760690594173523,
                        "R_macro_doc_std": 0.32015834117419173,
                        "F1_macro_doc_std": 0.2106119433849684
                    }
                },
                "ALL": {
                    "partial": {
                        "correct": 128,
                        "incorrect": 0,
                        "partial": 4,
                        "missed": 31,
                        "spurious": 17,
                        "possible": 163,
                        "actual": 149,
                        "TP": 128,
                        "FP": 21,