{
    "NE-COARSE-LIT": {
        "TIME-ALL": {
            "LED-ALL": {
                "ORG": {
                    "partial": {
                        "correct": 100,
                        "incorrect": 0,
                        "partial": 3,
                        "missed": 7,
                        "spurious": 22,
                        "possible": 110,
                        "actual": 125,
                        "TP": 100,
                        "FP": 25,
                        "FN": 10,
                        "P_micro": 0.812,
                        "R_micro": 0.9227272727272727,
                        "F1_micro": 0.8638297872340427,
                        "P_macro_doc": 0.8899240855762593,
                        "R_macro_doc": 0.9434343434343434,
                        "F1_macro_doc": 0.9402486402486402,
                        "P_macro_doc_std": 0.26920167722861255,
                        "R_macro_doc_std": 0.17320213536775286,
                        "F1_macro_doc_std": 0.14363187540531047
                    },
                    "strict": {
                        "correct": 100,
                        "incorrect": 3,
                        "partial": 0,
                        "missed": 7,
                        "spurious": 22,
                        "possible": 110,
                        "actual": 125,
                        "TP": 100,
                        "FP": 25,
                        "FN": 10,
                        "P_micro": 0.8,
                        "R_micro": 0.9090909090909091,
                        "F1_micro": 0.8510638297872342,
                        "P_macro_doc": 0.8790545203588682,
                        "R_macro_doc": 0.9308080808080809,
                        "F1_macro_doc": 0.9282828282828283,
                        "P_macro_doc_std": 0.2890422070131566,
                        "R_macro_doc_std": 0.20566968762090587,
                        "F1_macro_doc_std": 0.18326729777946552
                    },
                    "ent_type": {
                        "correct": 103,
                        "incorrect": 0,
                        "partial": 0,
                        "missed": 7,
                        "spurious": 22,
                        "possible": 110,
                        "actual": 125,
                        "TP": 103,
                        "FP": 22,
                        "FN": 7,
                        "P_micro": 0.824,
                        "R_micro": 0.9363636363636364,
                        "F1_micro": 0.876595744680851,
                        "P_macro_doc": 0.9007936507936507,
                        "R_macro_doc": 0.956060606060606,
                        "F1_macro_doc": 0.9522144522144522,
                        "P_macro_doc_std": 0.263458178369464,
                        "R_macro_doc_std": 0.1632126013188391,
                        "F1_macro_doc_std": 0.12772565564930918
                    },
                    "exact": {
                        "correct": 100,
                        "incorrect": 3,
                        "partial": 0,
                        "missed": 7,
                        "spurious": 22,
                        "possible": 110,
                        "actual": 125,
                        "TP": 100,
                        "FP": 25,
                        "FN": 10,
                        "P_micro": 0.8,
                        "R_micro": 0.9090909090909091,
                        "F1_micro": 0.8510638297872342,
                        "P_macro_doc": 0.8790545203588682,
                        "R_macro_doc": 0.9308080808080809,
                        "F1_macro_doc": 0.9282828282828283,
                        "P_macro_doc_std": 0.2890422070131566,
                        "R_macro_doc_std": 0.20566968762090587,
                        "F1_macro_doc_std": 0.18326729777946552
                    }
                },
                "PERS": {
                    "partial": {
                        "correct": 0,
                        "incorrect": 0,
                        "partial": 0,
                        "missed": 4,
                        "spurious": 2,
                        "possible": 4,
                        "actual": 2,
                        "TP": 0,
                        "FP": 2,
                        "FN": 4,
                        "P_micro": 0.0,
                        "R_micro": 0.0,
                        "F1_micro": 0,
                        "P_macro_doc": 0.0,
                        "R_macro_doc": 0.0,
                        "F1_macro_doc": null,
                        "P_macro_doc_std": 0.0,
                        "R_macro_doc_std": 0.0,
                        "F1_macro_doc_std": null
                    },
                    "strict": {
                        "correct": 0,
                        "incorrect": 0,
                        "partial": 0,
                        "missed": 4,
                        "spurious": 2,
                        "possible": 4,
                        "actual": 2,
                        "TP": 0,
                        "FP": 2,
                        "FN": 4,
                        "P_micro": 0.0,
                        "R_micro": 0.0,
                        "F1_micro": 0,
                        "P_macro_doc": 0.0,
                        "R_macro_doc": 0.0,
                        "F1_macro_doc": null,
                        "P_macro_doc_std": 0.0,
                        "R_macro_doc_std": 0.0,
                        "F1_macro_doc_std": null
                    },
                    "ent_type": {
                        "correct": 0,
                        "incorrect": 0,
                        "partial": 0,
                        "missed": 4,
                        "spurious": 2,
                        "possible": 4,
                        "actual": 2,
                        "TP": 0,
                        "FP": 2,
                        "FN": 4,
                        "P_micro": 0.0,
                        "R_micro": 0.0,
                        "F1_micro": 0,
                        "P_macro_doc": 0.0,
                        "R_macro_doc": 0.0,
                        "F1_macro_doc": null,
                        "P_macro_doc_std": 0.0,
                        "R_macro_doc_std": 0.0,
                        "F1_macro_doc_std": null
                    },
                    "exact": {
                        "correct": 0,
                        "incorrect": 0,
                        "partial": 0,
                        "missed": 4,
                        "spurious": 2,
                        "possible": 4,
                        "actual": 2,
                        "TP": 0,
                        "FP": 2,
                        "FN": 4,
                        "P_micro": 0.0,
                        "R_micro": 0.0,
                        "F1_micro": 0,
                        "P_macro_doc": 0.0,
                        "R_macro_doc": 0.0,
                        "F1_macro_doc": null,
                        "P_macro_doc_std": 0.0,
                        "R_macro_doc_std": 0.0,
                        "F1_macro_doc_std": null
                    }
                },
                "ALL": {
                    "partial": {
                        "correct": 100,
                        "incorrect": 0,
                        "partial": 3,
                        "missed": 11,
                        "spurious": 24,
                        "possible": 114,
                        "actual": 127,
                        "TP": 100,
                        "FP": 27,
                        "FN": 14,
                        "P_micro": 0.7992125984251969,
                        "R_micro": 0.8903508771929824,
                        "F1_micro": 0.8423236514522823,
                        "P_macro_doc": 0.8724489795918368,
                        "R_macro_doc": 0.9024154589371981,