{
    "NE-COARSE-LIT": {
        "TIME-ALL": {
            "LED-ALL": {
                "ORG": {
                    "partial": {
                        "correct": 20,
                        "incorrect": 0,
                        "partial": 1,
                        "missed": 2,
                        "spurious": 3,
                        "possible": 23,
                        "actual": 24,
                        "TP": 20,
                        "FP": 4,
                        "FN": 3,
                        "P_micro": 0.8541666666666666,
                        "R_micro": 0.8913043478260869,
                        "F1_micro": 0.8723404255319149,
                        "P_macro_doc": 0.85,
                        "R_macro_doc": 0.85,
                        "F1_macro_doc": 0.9807692307692307,
                        "P_macro_doc_std": 0.33911649915626335,
                        "R_macro_doc_std": 0.33911649915626335,
                        "F1_macro_doc_std": 0.06661733875264912
                    },
                    "strict": {
                        "correct": 20,
                        "incorrect": 1,
                        "partial": 0,
                        "missed": 2,
                        "spurious": 3,
                        "possible": 23,
                        "actual": 24,
                        "TP": 20,
                        "FP": 4,
                        "FN": 3,
                        "P_micro": 0.8333333333333334,
                        "R_micro": 0.8695652173913043,
                        "F1_micro": 0.851063829787234,
                        "P_macro_doc": 0.8333333333333334,
                        "R_macro_doc": 0.8333333333333334,
                        "F1_macro_doc": 0.9615384615384616,
                        "P_macro_doc_std": 0.3496029493900505,
                        "R_macro_doc_std": 0.3496029493900505,
                        "F1_macro_doc_std": 0.13323467750529827
                    },
                    "ent_type": {
                        "correct": 21,
                        "incorrect": 0,
                        "partial": 0,
                        "missed": 2,
                        "spurious": 3,
                        "possible": 23,
                        "actual": 24,
                        "TP": 21,
                        "FP": 3,
                        "FN": 2,
                        "P_micro": 0.875,
                        "R_micro": 0.9130434782608695,
                        "F1_micro": 0.8936170212765957,
                        "P_macro_doc": 0.8666666666666667,
                        "R_macro_doc": 0.8666666666666667,
                        "F1_macro_doc": 1.0,
                        "P_macro_doc_std": 0.33993463423951903,
                        "R_macro_doc_std": 0.3399346342395189,
                        "F1_macro_doc_std": 0.0
                    },
                    "exact": {
                        "correct": 20,
                        "incorrect": 1,
                        "partial": 0,
                        "missed": 2,
                        "spurious": 3,
                        "possible": 23,
                        "actual": 24,
                        "TP": 20,
                        "FP": 4,
                        "FN": 3,
                        "P_micro": 0.8333333333333334,
                        "R_micro": 0.8695652173913043,
                        "F1_micro": 0.851063829787234,
                        "P_macro_doc": 0.8333333333333334,
                        "R_macro_doc": 0.8333333333333334,
                        "F1_macro_doc": 0.9615384615384616,
                        "P_macro_doc_std": 0.3496029493900505,
                        "R_macro_doc_std": 0.3496029493900505,
                        "F1_macro_doc_std": 0.13323467750529827
                    }
                },
                "PERS": {
                    "partial": {
                        "correct": 0,
                        "incorrect": 0,
                        "partial": 0,
                        "missed": 3,
                        "spurious": 3,
                        "possible": 3,
                        "actual": 3,
                        "TP": 0,
                        "FP": 3,
                        "FN": 3,
                        "P_micro": 0.0,
                        "R_micro": 0.0,
                        "F1_micro": 0,
                        "P_macro_doc": 0.0,
                        "R_macro_doc": 0.0,
                        "F1_macro_doc": null,
                        "P_macro_doc_std": 0.0,
                        "R_macro_doc_std": 0.0,
                        "F1_macro_doc_std": null
                    },
                    "strict": {
                        "correct": 0,
                        "incorrect": 0,
                        "partial": 0,
                        "missed": 3,
                        "spurious": 3,
                        "possible": 3,
                        "actual": 3,
                        "TP": 0,
                        "FP": 3,
                        "FN": 3,
                        "P_micro": 0.0,
                        "R_micro": 0.0,
                        "F1_micro": 0,
                        "P_macro_doc": 0.0,
                        "R_macro_doc": 0.0,
                        "F1_macro_doc": null,
                        "P_macro_doc_std": 0.0,
                        "R_macro_doc_std": 0.0,
                        "F1_macro_doc_std": null
                    },
                    "ent_type": {
                        "correct": 0,
                        "incorrect": 0,
                        "partial": 0,
                        "missed": 3,
                        "spurious": 3,
                        "possible": 3,
                        "actual": 3,
                        "TP": 0,
                        "FP": 3,
                        "FN": 3,
                        "P_micro": 0.0,
                        "R_micro": 0.0,
                        "F1_micro": 0,
                        "P_macro_doc": 0.0,
                        "R_macro_doc": 0.0,
                        "F1_macro_doc": null,
                        "P_macro_doc_std": 0.0,
                        "R_macro_doc_std": 0.0,
                        "F1_macro_doc_std": null
                    },
                    "exact": {
                        "correct": 0,
                        "incorrect": 0,
                        "partial": 0,
                        "missed": 3,
                        "spurious": 3,
                        "possible": 3,
                        "actual": 3,
                        "TP": 0,
                        "FP": 3,
                        "FN": 3,
                        "P_micro": 0.0,
                        "R_micro": 0.0,
                        "F1_micro": 0,
                        "P_macro_doc": 0.0,
                        "R_macro_doc": 0.0,
                        "F1_macro_doc": null,
                        "P_macro_doc_std": 0.0,
                        "R_macro_doc_std": 0.0,
                        "F1_macro_doc_std": null
                    }
                },
                "ALL": {
                    "partial": {
                        "correct": 20,
                        "incorrect": 0,
                        "partial": 1,
                        "missed": 5,
                        "spurious": 6,
                        "possible": 26,
                        "actual": 27,
                        "TP": 20,
                        "FP": 7,
                        "FN": 6,
                        "P_micro": 0.7592592592592593,
                        "R_micro": 0.7884615384615384,
                        "F1_micro": 0.7735849056603773,
                        "P_macro_doc": 0.796875,
                        "R_macro_doc": 0.7447916666666666,
                        "F1_macro_doc": 0.9397435897435897,