{
    "NE-COARSE-LIT": {
        "TIME-ALL": {
            "LED-ALL": {
                "ORG": {
                    "partial": {
                        "correct": 46,
                        "incorrect": 0,
                        "partial": 0,
                        "missed": 10,
                        "spurious": 12,
                        "possible": 56,
                        "actual": 58,
                        "TP": 46,
                        "FP": 12,
                        "FN": 10,
                        "P_micro": 0.7931034482758621,
                        "R_micro": 0.8214285714285714,
                        "F1_micro": 0.8070175438596492,
                        "P_macro_doc": 0.7705882352941176,
                        "R_macro_doc": 0.9246753246753247,
                        "F1_macro_doc": 0.9205836720653174,
                        "P_macro_doc_std": 0.3784872456975391,
                        "R_macro_doc_std": 0.13684670158068568,
                        "F1_macro_doc_std": 0.12132525667663012
                    },
                    "strict": {
                        "correct": 46,
                        "incorrect": 0,
                        "partial": 0,
                        "missed": 10,
                        "spurious": 12,
                        "possible": 56,
                        "actual": 58,
                        "TP": 46,
                        "FP": 12,
                        "FN": 10,
                        "P_micro": 0.7931034482758621,
                        "R_micro": 0.8214285714285714,
                        "F1_micro": 0.8070175438596492,
                        "P_macro_doc": 0.7705882352941176,
                        "R_macro_doc": 0.9246753246753247,
                        "F1_macro_doc": 0.9205836720653174,
                        "P_macro_doc_std": 0.3784872456975391,
                        "R_macro_doc_std": 0.13684670158068568,
                        "F1_macro_doc_std": 0.12132525667663012
                    },
                    "ent_type": {
                        "correct": 46,
                        "incorrect": 0,
                        "partial": 0,
                        "missed": 10,
                        "spurious": 12,
                        "possible": 56,
                        "actual": 58,
                        "TP": 46,
                        "FP": 12,
                        "FN": 10,
                        "P_micro": 0.7931034482758621,
                        "R_micro": 0.8214285714285714,
                        "F1_micro": 0.8070175438596492,
                        "P_macro_doc": 0.7705882352941176,
                        "R_macro_doc": 0.9246753246753247,
                        "F1_macro_doc": 0.9205836720653174,
                        "P_macro_doc_std": 0.3784872456975391,
                        "R_macro_doc_std": 0.13684670158068568,
                        "F1_macro_doc_std": 0.12132525667663012
                    },
                    "exact": {
                        "correct": 46,
                        "incorrect": 0,
                        "partial": 0,
                        "missed": 10,
                        "spurious": 12,
                        "possible": 56,
                        "actual": 58,
                        "TP": 46,
                        "FP": 12,
                        "FN": 10,
                        "P_micro": 0.7931034482758621,
                        "R_micro": 0.8214285714285714,
                        "F1_micro": 0.8070175438596492,
                        "P_macro_doc": 0.7705882352941176,
                        "R_macro_doc": 0.9246753246753247,
                        "F1_macro_doc": 0.9205836720653174,
                        "P_macro_doc_std": 0.3784872456975391,
                        "R_macro_doc_std": 0.13684670158068568,
                        "F1_macro_doc_std": 0.12132525667663012
                    }
                },
                "PERS": {
                    "partial": {
                        "correct": 0,
                        "incorrect": 0,
                        "partial": 0,
                        "missed": 2,
                        "spurious": 0,
                        "possible": 2,
                        "actual": 0,
                        "TP": 0,
                        "FP": 0,
                        "FN": 2,
                        "P_micro": 0,
                        "R_micro": 0.0,
                        "F1_micro": 0,
                        "P_macro_doc": null,
                        "R_macro_doc": 0.0,
                        "F1_macro_doc": null,
                        "P_macro_doc_std": null,
                        "R_macro_doc_std": 0.0,
                        "F1_macro_doc_std": null
                    },
                    "strict": {
                        "correct": 0,
                        "incorrect": 0,
                        "partial": 0,
                        "missed": 2,
                        "spurious": 0,
                        "possible": 2,
                        "actual": 0,
                        "TP": 0,
                        "FP": 0,
                        "FN": 2,
                        "P_micro": 0,
                        "R_micro": 0.0,
                        "F1_micro": 0,
                        "P_macro_doc": null,
                        "R_macro_doc": 0.0,
                        "F1_macro_doc": null,
                        "P_macro_doc_std": null,
                        "R_macro_doc_std": 0.0,
                        "F1_macro_doc_std": null
                    },
                    "ent_type": {
                        "correct": 0,
                        "incorrect": 0,
                        "partial": 0,
                        "missed": 2,
                        "spurious": 0,
                        "possible": 2,
                        "actual": 0,
                        "TP": 0,
                        "FP": 0,
                        "FN": 2,
                        "P_micro": 0,
                        "R_micro": 0.0,
                        "F1_micro": 0,
                        "P_macro_doc": null,
                        "R_macro_doc": 0.0,
                        "F1_macro_doc": null,
                        "P_macro_doc_std": null,
                        "R_macro_doc_std": 0.0,
                        "F1_macro_doc_std": null
                    },
                    "exact": {
                        "correct": 0,
                        "incorrect": 0,
                        "partial": 0,
                        "missed": 2,
                        "spurious": 0,
                        "possible": 2,
                        "actual": 0,
                        "TP": 0,
                        "FP": 0,
                        "FN": 2,
                        "P_micro": 0,
                        "R_micro": 0.0,
                        "F1_micro": 0,
                        "P_macro_doc": null,
                        "R_macro_doc": 0.0,
                        "F1_macro_doc": null,
                        "P_macro_doc_std": null,
                        "R_macro_doc_std": 0.0,
                        "F1_macro_doc_std": null
                    }
                },
                "ALL": {
                    "partial": {
                        "correct": 46,
                        "incorrect": 0,
                        "partial": 0,
                        "missed": 12,
                        "spurious": 12,
                        "possible": 58,
                        "actual": 58,
                        "TP": 46,
                        "FP": 12,
                        "FN": 12,
                        "P_micro": 0.7931034482758621,
                        "R_micro": 0.7931034482758621,
                        "F1_micro": 0.7931034482758621,
                        "P_macro_doc": 0.7705882352941176,