{
    "NE-COARSE-LIT": {
        "TIME-ALL": {
            "LED-ALL": {
                "ORG": {
                    "partial": {
                        "correct": 19,
                        "incorrect": 0,
                        "partial": 1,
                        "missed": 3,
                        "spurious": 17,
                        "possible": 23,
                        "actual": 37,
                        "TP": 19,
                        "FP": 18,
                        "FN": 4,
                        "P_micro": 0.527027027027027,
                        "R_micro": 0.8478260869565217,
                        "F1_micro": 0.6499999999999999,
                        "P_macro_doc": 0.76875,
                        "R_macro_doc": 0.8,
                        "F1_macro_doc": 0.9273504273504274,
                        "P_macro_doc_std": 0.39006209441574813,
                        "R_macro_doc_std": 0.35590260840104376,
                        "F1_macro_doc_std": 0.15313224672793946
                    },
                    "strict": {
                        "correct": 19,
                        "incorrect": 1,
                        "partial": 0,
                        "missed": 3,
                        "spurious": 17,
                        "possible": 23,
                        "actual": 37,
                        "TP": 19,
                        "FP": 18,
                        "FN": 4,
                        "P_micro": 0.5135135135135135,
                        "R_micro": 0.8260869565217391,
                        "F1_micro": 0.6333333333333333,
                        "P_macro_doc": 0.7375,
                        "R_macro_doc": 0.7666666666666667,
                        "F1_macro_doc": 0.8888888888888888,
                        "P_macro_doc_std": 0.42847841252506524,
                        "R_macro_doc_std": 0.4027681991198191,
                        "F1_macro_doc_std": 0.2721655269759087
                    },
                    "ent_type": {
                        "correct": 20,
                        "incorrect": 0,
                        "partial": 0,
                        "missed": 3,
                        "spurious": 17,
                        "possible": 23,
                        "actual": 37,
                        "TP": 20,
                        "FP": 17,
                        "FN": 3,
                        "P_micro": 0.5405405405405406,
                        "R_micro": 0.8695652173913043,
                        "F1_micro": 0.6666666666666666,
                        "P_macro_doc": 0.8,
                        "R_macro_doc": 0.8333333333333334,
                        "F1_macro_doc": 0.9658119658119658,
                        "P_macro_doc_std": 0.3872983346207417,
                        "R_macro_doc_std": 0.3496029493900505,
                        "F1_macro_doc_std": 0.09125707907719068
                    },
                    "exact": {
                        "correct": 19,
                        "incorrect": 1,
                        "partial": 0,
                        "missed": 3,
                        "spurious": 17,
                        "possible": 23,
                        "actual": 37,
                        "TP": 19,
                        "FP": 18,
                        "FN": 4,
                        "P_micro": 0.5135135135135135,
                        "R_micro": 0.8260869565217391,
                        "F1_micro": 0.6333333333333333,
                        "P_macro_doc": 0.7375,
                        "R_macro_doc": 0.7666666666666667,
                        "F1_macro_doc": 0.8888888888888888,
                        "P_macro_doc_std": 0.42847841252506524,
                        "R_macro_doc_std": 0.4027681991198191,
                        "F1_macro_doc_std": 0.2721655269759087
                    }
                },
                "PERS": {
                    "partial": {
                        "correct": 0,
                        "incorrect": 0,
                        "partial": 0,
                        "missed": 3,
                        "spurious": 0,
                        "possible": 3,
                        "actual": 0,
                        "TP": 0,
                        "FP": 0,
                        "FN": 3,
                        "P_micro": 0,
                        "R_micro": 0.0,
                        "F1_micro": 0,
                        "P_macro_doc": null,
                        "R_macro_doc": 0.0,
                        "F1_macro_doc": null,
                        "P_macro_doc_std": null,
                        "R_macro_doc_std": 0.0,
                        "F1_macro_doc_std": null
                    },
                    "strict": {
                        "correct": 0,
                        "incorrect": 0,
                        "partial": 0,
                        "missed": 3,
                        "spurious": 0,
                        "possible": 3,
                        "actual": 0,
                        "TP": 0,
                        "FP": 0,
                        "FN": 3,
                        "P_micro": 0,
                        "R_micro": 0.0,
                        "F1_micro": 0,
                        "P_macro_doc": null,
                        "R_macro_doc": 0.0,
                        "F1_macro_doc": null,
                        "P_macro_doc_std": null,
                        "R_macro_doc_std": 0.0,
                        "F1_macro_doc_std": null
                    },
                    "ent_type": {
                        "correct": 0,
                        "incorrect": 0,
                        "partial": 0,
                        "missed": 3,
                        "spurious": 0,
                        "possible": 3,
                        "actual": 0,
                        "TP": 0,
                        "FP": 0,
                        "FN": 3,
                        "P_micro": 0,
                        "R_micro": 0.0,
                        "F1_micro": 0,
                        "P_macro_doc": null,
                        "R_macro_doc": 0.0,
                        "F1_macro_doc": null,
                        "P_macro_doc_std": null,
                        "R_macro_doc_std": 0.0,
                        "F1_macro_doc_std": null
                    },
                    "exact": {
                        "correct": 0,
                        "incorrect": 0,
                        "partial": 0,
                        "missed": 3,
                        "spurious": 0,
                        "possible": 3,
                        "actual": 0,
                        "TP": 0,
                        "FP": 0,
                        "FN": 3,
                        "P_micro": 0,
                        "R_micro": 0.0,
                        "F1_micro": 0,
                        "P_macro_doc": null,
                        "R_macro_doc": 0.0,
                        "F1_macro_doc": null,
                        "P_macro_doc_std": null,
                        "R_macro_doc_std": 0.0,
                        "F1_macro_doc_std": null
                    }
                },
                "ALL": {
                    "partial": {
                        "correct": 19,
                        "incorrect": 0,
                        "partial": 1,
                        "missed": 6,
                        "spurious": 17,
                        "possible": 26,
                        "actual": 37,
                        "TP": 19,
                        "FP": 18,
                        "FN": 7,
                        "P_micro": 0.527027027027027,
                        "R_micro": 0.75,
                        "F1_micro": 0.619047619047619,
                        "P_macro_doc": 0.76875,
                        "R_macro_doc": 0.6979166666666666,
                        "F1_macro_doc": 0.8863247863247863,