{
    "NE-COARSE-LIT": {
        "TIME-ALL": {
            "LED-ALL": {
                "ORG": {
                    "partial": {
                        "correct": 78,
                        "incorrect": 0,
                        "partial": 1,
                        "missed": 31,
                        "spurious": 28,
                        "possible": 110,
                        "actual": 107,
                        "TP": 78,
                        "FP": 29,
                        "FN": 32,
                        "P_micro": 0.7336448598130841,
                        "R_micro": 0.7136363636363636,
                        "F1_micro": 0.7235023041474655,
                        "P_macro_doc": 0.8043785310734464,
                        "R_macro_doc": 0.7075757575757576,
                        "F1_macro_doc": 0.8704927148323374,
                        "P_macro_doc_std": 0.3583689902513006,
                        "R_macro_doc_std": 0.41709252800874097,
                        "F1_macro_doc_std": 0.23925130420427906
                    },
                    "strict": {
                        "correct": 78,
                        "incorrect": 1,
                        "partial": 0,
                        "missed": 31,
                        "spurious": 28,
                        "possible": 110,
                        "actual": 107,
                        "TP": 78,
                        "FP": 29,
                        "FN": 32,
                        "P_micro": 0.7289719626168224,
                        "R_micro": 0.7090909090909091,
                        "F1_micro": 0.7188940092165899,
                        "P_macro_doc": 0.79590395480226,
                        "R_macro_doc": 0.7000000000000001,
                        "F1_macro_doc": 0.8610587525681864,
                        "P_macro_doc_std": 0.37115059075817336,
                        "R_macro_doc_std": 0.425254924535567,
                        "F1_macro_doc_std": 0.26241112139782635
                    },
                    "ent_type": {
                        "correct": 79,
                        "incorrect": 0,
                        "partial": 0,
                        "missed": 31,
                        "spurious": 28,
                        "possible": 110,
                        "actual": 107,
                        "TP": 79,
                        "FP": 28,
                        "FN": 31,
                        "P_micro": 0.7383177570093458,
                        "R_micro": 0.7181818181818181,
                        "F1_micro": 0.728110599078341,
                        "P_macro_doc": 0.8128531073446328,
                        "R_macro_doc": 0.7151515151515152,
                        "F1_macro_doc": 0.8799266770964883,
                        "P_macro_doc_std": 0.35698017411694816,
                        "R_macro_doc_std": 0.41779370073010696,
                        "F1_macro_doc_std": 0.2342621170180538
                    },
                    "exact": {
                        "correct": 78,
                        "incorrect": 1,
                        "partial": 0,
                        "missed": 31,
                        "spurious": 28,
                        "possible": 110,
                        "actual": 107,
                        "TP": 78,
                        "FP": 29,
                        "FN": 32,
                        "P_micro": 0.7289719626168224,
                        "R_micro": 0.7090909090909091,
                        "F1_micro": 0.7188940092165899,
                        "P_macro_doc": 0.79590395480226,
                        "R_macro_doc": 0.7000000000000001,
                        "F1_macro_doc": 0.8610587525681864,
                        "P_macro_doc_std": 0.37115059075817336,
                        "R_macro_doc_std": 0.425254924535567,
                        "F1_macro_doc_std": 0.26241112139782635
                    }
                },
                "PERS": {
                    "partial": {
                        "correct": 0,
                        "incorrect": 0,
                        "partial": 0,
                        "missed": 4,
                        "spurious": 2,
                        "possible": 4,
                        "actual": 2,
                        "TP": 0,
                        "FP": 2,
                        "FN": 4,
                        "P_micro": 0.0,
                        "R_micro": 0.0,
                        "F1_micro": 0,
                        "P_macro_doc": 0.0,
                        "R_macro_doc": 0.0,
                        "F1_macro_doc": null,
                        "P_macro_doc_std": 0.0,
                        "R_macro_doc_std": 0.0,
                        "F1_macro_doc_std": null
                    },
                    "strict": {
                        "correct": 0,
                        "incorrect": 0,
                        "partial": 0,
                        "missed": 4,
                        "spurious": 2,
                        "possible": 4,
                        "actual": 2,
                        "TP": 0,
                        "FP": 2,
                        "FN": 4,
                        "P_micro": 0.0,
                        "R_micro": 0.0,
                        "F1_micro": 0,
                        "P_macro_doc": 0.0,
                        "R_macro_doc": 0.0,
                        "F1_macro_doc": null,
                        "P_macro_doc_std": 0.0,
                        "R_macro_doc_std": 0.0,
                        "F1_macro_doc_std": null
                    },
                    "ent_type": {
                        "correct": 0,
                        "incorrect": 0,
                        "partial": 0,
                        "missed": 4,
                        "spurious": 2,
                        "possible": 4,
                        "actual": 2,
                        "TP": 0,
                        "FP": 2,
                        "FN": 4,
                        "P_micro": 0.0,
                        "R_micro": 0.0,
                        "F1_micro": 0,
                        "P_macro_doc": 0.0,
                        "R_macro_doc": 0.0,
                        "F1_macro_doc": null,
                        "P_macro_doc_std": 0.0,
                        "R_macro_doc_std": 0.0,
                        "F1_macro_doc_std": null
                    },
                    "exact": {
                        "correct": 0,
                        "incorrect": 0,
                        "partial": 0,
                        "missed": 4,
                        "spurious": 2,
                        "possible": 4,
                        "actual": 2,
                        "TP": 0,
                        "FP": 2,
                        "FN": 4,
                        "P_micro": 0.0,
                        "R_micro": 0.0,
                        "F1_micro": 0,
                        "P_macro_doc": 0.0,
                        "R_macro_doc": 0.0,
                        "F1_macro_doc": null,
                        "P_macro_doc_std": 0.0,
                        "R_macro_doc_std": 0.0,
                        "F1_macro_doc_std": null
                    }
                },
                "ALL": {
                    "partial": {
                        "correct": 78,
                        "incorrect": 0,
                        "partial": 1,
                        "missed": 35,
                        "spurious": 30,
                        "possible": 114,
                        "actual": 109,
                        "TP": 78,
                        "FP": 31,
                        "FN": 36,
                        "P_micro": 0.7201834862385321,
                        "R_micro": 0.6885964912280702,
                        "F1_micro": 0.7040358744394619,
                        "P_macro_doc": 0.7893055555555556,