{
    "NE-COARSE-LIT": {
        "TIME-ALL": {
            "LED-ALL": {
                "ORG": {
                    "partial": {
                        "correct": 45,
                        "incorrect": 0,
                        "partial": 1,
                        "missed": 10,
                        "spurious": 7,
                        "possible": 56,
                        "actual": 53,
                        "TP": 45,
                        "FP": 8,
                        "FN": 11,
                        "P_micro": 0.8584905660377359,
                        "R_micro": 0.8125,
                        "F1_micro": 0.8348623853211008,
                        "P_macro_doc": 0.7950980392156862,
                        "R_macro_doc": 0.9214285714285715,
                        "F1_macro_doc": 0.934749338331824,
                        "P_macro_doc_std": 0.37363103964607247,
                        "R_macro_doc_std": 0.14603605928757768,
                        "F1_macro_doc_std": 0.0975551704100786
                    },
                    "strict": {
                        "correct": 45,
                        "incorrect": 1,
                        "partial": 0,
                        "missed": 10,
                        "spurious": 7,
                        "possible": 56,
                        "actual": 53,
                        "TP": 45,
                        "FP": 8,
                        "FN": 11,
                        "P_micro": 0.8490566037735849,
                        "R_micro": 0.8035714285714286,
                        "F1_micro": 0.8256880733944955,
                        "P_macro_doc": 0.7901960784313725,
                        "R_macro_doc": 0.9181818181818182,
                        "F1_macro_doc": 0.9305476576595552,
                        "P_macro_doc_std": 0.37254901960784315,
                        "R_macro_doc_std": 0.1555638713318566,
                        "F1_macro_doc_std": 0.11029089804309594
                    },
                    "ent_type": {
                        "correct": 46,
                        "incorrect": 0,
                        "partial": 0,
                        "missed": 10,
                        "spurious": 7,
                        "possible": 56,
                        "actual": 53,
                        "TP": 46,
                        "FP": 7,
                        "FN": 10,
                        "P_micro": 0.8679245283018868,
                        "R_micro": 0.8214285714285714,
                        "F1_micro": 0.8440366972477065,
                        "P_macro_doc": 0.7999999999999999,
                        "R_macro_doc": 0.9246753246753247,
                        "F1_macro_doc": 0.938951019004093,
                        "P_macro_doc_std": 0.3757345746510897,
                        "R_macro_doc_std": 0.13684670158068568,
                        "F1_macro_doc_std": 0.08560927221154868
                    },
                    "exact": {
                        "correct": 45,
                        "incorrect": 1,
                        "partial": 0,
                        "missed": 10,
                        "spurious": 7,
                        "possible": 56,
                        "actual": 53,
                        "TP": 45,
                        "FP": 8,
                        "FN": 11,
                        "P_micro": 0.8490566037735849,
                        "R_micro": 0.8035714285714286,
                        "F1_micro": 0.8256880733944955,
                        "P_macro_doc": 0.7901960784313725,
                        "R_macro_doc": 0.9181818181818182,
                        "F1_macro_doc": 0.9305476576595552,
                        "P_macro_doc_std": 0.37254901960784315,
                        "R_macro_doc_std": 0.1555638713318566,
                        "F1_macro_doc_std": 0.11029089804309594
                    }
                },
                "PERS": {
                    "partial": {
                        "correct": 0,
                        "incorrect": 0,
                        "partial": 0,
                        "missed": 2,
                        "spurious": 0,
                        "possible": 2,
                        "actual": 0,
                        "TP": 0,
                        "FP": 0,
                        "FN": 2,
                        "P_micro": 0,
                        "R_micro": 0.0,
                        "F1_micro": 0,
                        "P_macro_doc": null,
                        "R_macro_doc": 0.0,
                        "F1_macro_doc": null,
                        "P_macro_doc_std": null,
                        "R_macro_doc_std": 0.0,
                        "F1_macro_doc_std": null
                    },
                    "strict": {
                        "correct": 0,
                        "incorrect": 0,
                        "partial": 0,
                        "missed": 2,
                        "spurious": 0,
                        "possible": 2,
                        "actual": 0,
                        "TP": 0,
                        "FP": 0,
                        "FN": 2,
                        "P_micro": 0,
                        "R_micro": 0.0,
                        "F1_micro": 0,
                        "P_macro_doc": null,
                        "R_macro_doc": 0.0,
                        "F1_macro_doc": null,
                        "P_macro_doc_std": null,
                        "R_macro_doc_std": 0.0,
                        "F1_macro_doc_std": null
                    },
                    "ent_type": {
                        "correct": 0,
                        "incorrect": 0,
                        "partial": 0,
                        "missed": 2,
                        "spurious": 0,
                        "possible": 2,
                        "actual": 0,
                        "TP": 0,
                        "FP": 0,
                        "FN": 2,
                        "P_micro": 0,
                        "R_micro": 0.0,
                        "F1_micro": 0,
                        "P_macro_doc": null,
                        "R_macro_doc": 0.0,
                        "F1_macro_doc": null,
                        "P_macro_doc_std": null,
                        "R_macro_doc_std": 0.0,
                        "F1_macro_doc_std": null
                    },
                    "exact": {
                        "correct": 0,
                        "incorrect": 0,
                        "partial": 0,
                        "missed": 2,
                        "spurious": 0,
                        "possible": 2,
                        "actual": 0,
                        "TP": 0,
                        "FP": 0,
                        "FN": 2,
                        "P_micro": 0,
                        "R_micro": 0.0,
                        "F1_micro": 0,
                        "P_macro_doc": null,
                        "R_macro_doc": 0.0,
                        "F1_macro_doc": null,
                        "P_macro_doc_std": null,
                        "R_macro_doc_std": 0.0,
                        "F1_macro_doc_std": null
                    }
                },
                "ALL": {
                    "partial": {
                        "correct": 45,
                        "incorrect": 0,
                        "partial": 1,
                        "missed": 12,
                        "spurious": 7,
                        "possible": 58,
                        "actual": 53,
                        "TP": 45,
                        "FP": 8,
                        "FN": 13,
                        "P_micro": 0.8584905660377359,
                        "R_micro": 0.7844827586206896,
                        "F1_micro": 0.8198198198198198,
                        "P_macro_doc": 0.7950980392156862,
                        "R_macro_doc": 0.8738095238095237,