{
    "NE-COARSE-LIT": {
        "TIME-ALL": {
            "LED-ALL": {
                "ORG": {
                    "partial": {
                        "correct": 100,
                        "incorrect": 0,
                        "partial": 3,
                        "missed": 7,
                        "spurious": 24,
                        "possible": 110,
                        "actual": 127,
                        "TP": 100,
                        "FP": 27,
                        "FN": 10,
                        "P_micro": 0.7992125984251969,
                        "R_micro": 0.9227272727272727,
                        "F1_micro": 0.8565400843881856,
                        "P_macro_doc": 0.8781512605042016,
                        "R_macro_doc": 0.9351010101010101,
                        "F1_macro_doc": 0.9219347319347319,
                        "P_macro_doc_std": 0.2737571321135426,
                        "R_macro_doc_std": 0.20172089570317062,
                        "F1_macro_doc_std": 0.18244203533102132
                    },
                    "strict": {
                        "correct": 100,
                        "incorrect": 3,
                        "partial": 0,
                        "missed": 7,
                        "spurious": 24,
                        "possible": 110,
                        "actual": 127,
                        "TP": 100,
                        "FP": 27,
                        "FN": 10,
                        "P_micro": 0.7874015748031497,
                        "R_micro": 0.9090909090909091,
                        "F1_micro": 0.8438818565400844,
                        "P_macro_doc": 0.864670868347339,
                        "R_macro_doc": 0.9212121212121211,
                        "F1_macro_doc": 0.9078321678321678,
                        "P_macro_doc_std": 0.29408904047557444,
                        "R_macro_doc_std": 0.23272911404995486,
                        "F1_macro_doc_std": 0.2158460128249728
                    },
                    "ent_type": {
                        "correct": 103,
                        "incorrect": 0,
                        "partial": 0,
                        "missed": 7,
                        "spurious": 24,
                        "possible": 110,
                        "actual": 127,
                        "TP": 103,
                        "FP": 24,
                        "FN": 7,
                        "P_micro": 0.8110236220472441,
                        "R_micro": 0.9363636363636364,
                        "F1_micro": 0.869198312236287,
                        "P_macro_doc": 0.8916316526610644,
                        "R_macro_doc": 0.9489898989898989,
                        "F1_macro_doc": 0.936037296037296,
                        "P_macro_doc_std": 0.27026338824830515,
                        "R_macro_doc_std": 0.19273153437466853,
                        "F1_macro_doc_std": 0.17335804596431212
                    },
                    "exact": {
                        "correct": 100,
                        "incorrect": 3,
                        "partial": 0,
                        "missed": 7,
                        "spurious": 24,
                        "possible": 110,
                        "actual": 127,
                        "TP": 100,
                        "FP": 27,
                        "FN": 10,
                        "P_micro": 0.7874015748031497,
                        "R_micro": 0.9090909090909091,
                        "F1_micro": 0.8438818565400844,
                        "P_macro_doc": 0.864670868347339,
                        "R_macro_doc": 0.9212121212121211,
                        "F1_macro_doc": 0.9078321678321678,
                        "P_macro_doc_std": 0.29408904047557444,
                        "R_macro_doc_std": 0.23272911404995486,
                        "F1_macro_doc_std": 0.2158460128249728
                    }
                },
                "PERS": {
                    "partial": {
                        "correct": 0,
                        "incorrect": 0,
                        "partial": 0,
                        "missed": 4,
                        "spurious": 2,
                        "possible": 4,
                        "actual": 2,
                        "TP": 0,
                        "FP": 2,
                        "FN": 4,
                        "P_micro": 0.0,
                        "R_micro": 0.0,
                        "F1_micro": 0,
                        "P_macro_doc": 0.0,
                        "R_macro_doc": 0.0,
                        "F1_macro_doc": null,
                        "P_macro_doc_std": 0.0,
                        "R_macro_doc_std": 0.0,
                        "F1_macro_doc_std": null
                    },
                    "strict": {
                        "correct": 0,
                        "incorrect": 0,
                        "partial": 0,
                        "missed": 4,
                        "spurious": 2,
                        "possible": 4,
                        "actual": 2,
                        "TP": 0,
                        "FP": 2,
                        "FN": 4,
                        "P_micro": 0.0,
                        "R_micro": 0.0,
                        "F1_micro": 0,
                        "P_macro_doc": 0.0,
                        "R_macro_doc": 0.0,
                        "F1_macro_doc": null,
                        "P_macro_doc_std": 0.0,
                        "R_macro_doc_std": 0.0,
                        "F1_macro_doc_std": null
                    },
                    "ent_type": {
                        "correct": 0,
                        "incorrect": 0,
                        "partial": 0,
                        "missed": 4,
                        "spurious": 2,
                        "possible": 4,
                        "actual": 2,
                        "TP": 0,
                        "FP": 2,
                        "FN": 4,
                        "P_micro": 0.0,
                        "R_micro": 0.0,
                        "F1_micro": 0,
                        "P_macro_doc": 0.0,
                        "R_macro_doc": 0.0,
                        "F1_macro_doc": null,
                        "P_macro_doc_std": 0.0,
                        "R_macro_doc_std": 0.0,
                        "F1_macro_doc_std": null
                    },
                    "exact": {
                        "correct": 0,
                        "incorrect": 0,
                        "partial": 0,
                        "missed": 4,
                        "spurious": 2,
                        "possible": 4,
                        "actual": 2,
                        "TP": 0,
                        "FP": 2,
                        "FN": 4,
                        "P_micro": 0.0,
                        "R_micro": 0.0,
                        "F1_micro": 0,
                        "P_macro_doc": 0.0,
                        "R_macro_doc": 0.0,
                        "F1_macro_doc": null,
                        "P_macro_doc_std": 0.0,
                        "R_macro_doc_std": 0.0,
                        "F1_macro_doc_std": null
                    }
                },
                "ALL": {
                    "partial": {
                        "correct": 100,
                        "incorrect": 0,
                        "partial": 3,
                        "missed": 11,
                        "spurious": 26,
                        "possible": 114,
                        "actual": 129,
                        "TP": 100,
                        "FP": 29,
                        "FN": 14,
                        "P_micro": 0.7868217054263565,
                        "R_micro": 0.8903508771929824,
                        "F1_micro": 0.8353909465020576,
                        "P_macro_doc": 0.8605935127674258,