{"dev": {"global": [{"loss": 0.01658324500146721, "precision": 0.375, "recall": 0.46153846153846156, "f1": 0.41379310344827586}, {"loss": 0.0071857236109540935, "precision": 0.6129032258064516, "recall": 0.7307692307692307, "f1": 0.6666666666666667}, {"loss": 0.008848825800565204, "precision": 0.5428571428571428, "recall": 0.7307692307692307, "f1": 0.6229508196721311}], "sent-level": [null, null, null], "token-level": ["                                 precision    recall  f1-score   support\n\n        org.ent.pressagency.AFP     1.0000    0.8571    0.9231         7\n         org.ent.pressagency.AP     0.0000    0.0000    0.0000         2\n    org.ent.pressagency.ATS-SDA     0.0000    0.0000    0.0000         1\n        org.ent.pressagency.DNB     0.0000    0.0000    0.0000         1\norg.ent.pressagency.Europapress     0.0000    0.0000    0.0000         1\n      org.ent.pressagency.Extel     0.0000    0.0000    0.0000         1\n      org.ent.pressagency.Havas     0.0000    0.0000    0.0000         1\n    org.ent.pressagency.Reuters     0.5000    0.6667    0.5714         3\n    org.ent.pressagency.SPK-SMP     0.0000    0.0000    0.0000         0\n     org.ent.pressagency.UP-UPI     0.6000    1.0000    0.7500         3\n      org.ent.pressagency.Wolff     0.0000    0.0000    0.0000         1\n         org.ent.pressagency.ag     0.1667    1.0000    0.2857         1\n        org.ent.pressagency.unk     0.0000    0.0000    0.0000         1\n         pers.ind.articleauthor     0.0000    0.0000    0.0000         3\n\n                      micro avg     0.3750    0.4615    0.4138        26\n                      macro avg     0.1619    0.2517    0.1807        26\n                   weighted avg     0.4026    0.4615    0.4120        26\n", "                                 precision    recall  f1-score   support\n\n        org.ent.pressagency.AFP     1.0000    1.0000    1.0000         7\n         org.ent.pressagency.AP     1.0000    1.0000    1.0000         2\n    org.ent.pressagency.ATS-SDA     0.0000    0.0000    0.0000         1\n        org.ent.pressagency.DNB     0.0000    0.0000    0.0000         1\norg.ent.pressagency.Europapress     1.0000    1.0000    1.0000         1\n      org.ent.pressagency.Extel     1.0000    1.0000    1.0000         1\n      org.ent.pressagency.Havas     0.0000    0.0000    0.0000         1\n    org.ent.pressagency.Reuters     0.6667    0.6667    0.6667         3\n    org.ent.pressagency.SPK-SMP     0.0000    0.0000    0.0000         0\n     org.ent.pressagency.UP-UPI     1.0000    1.0000    1.0000         3\n      org.ent.pressagency.Wolff     0.5000    1.0000    0.6667         1\n         org.ent.pressagency.ag     1.0000    1.0000    1.0000         1\n        org.ent.pressagency.unk     1.0000    1.0000    1.0000         1\n         pers.ind.articleauthor     0.0000    0.0000    0.0000         3\n\n                      micro avg     0.6129    0.7308    0.6667        26\n                      macro avg     0.5833    0.6190    0.5952        26\n                   weighted avg     0.7115    0.7308    0.7179        26\n", "                                 precision    recall  f1-score   support\n\n        org.ent.pressagency.AFP     1.0000    1.0000    1.0000         7\n         org.ent.pressagency.AP     1.0000    1.0000    1.0000         2\n    org.ent.pressagency.ATS-SDA     0.0000    0.0000    0.0000         1\n        org.ent.pressagency.DNB     0.0000    0.0000    0.0000         1\norg.ent.pressagency.Europapress     1.0000    1.0000    1.0000         1\n      org.ent.pressagency.Extel     1.0000    1.0000    1.0000         1\n      org.ent.pressagency.Havas     0.0000    0.0000    0.0000         1\n    org.ent.pressagency.Reuters     0.6667    0.6667    0.6667         3\n    org.ent.pressagency.SPK-SMP     0.0000    0.0000    0.0000         0\n     org.ent.pressagency.UP-UPI     1.0000    1.0000    1.0000         3\n      org.ent.pressagency.Wolff     0.3333    1.0000    0.5000         1\n         org.ent.pressagency.ag     1.0000    1.0000    1.0000         1\n        org.ent.pressagency.unk     1.0000    1.0000    1.0000         1\n         pers.ind.articleauthor     0.0000    0.0000    0.0000         3\n\n                      micro avg     0.5429    0.7308    0.6230        26\n                      macro avg     0.5714    0.6190    0.5833        26\n                   weighted avg     0.7051    0.7308    0.7115        26\n"]}, "test": {"global": {"loss": 0.00791183643441935, "precision": 0.75, "recall": 0.8235294117647058, "f1": 0.7850467289719627}, "token-level": "                                 precision    recall  f1-score   support\n\n        org.ent.pressagency.AFP     1.0000    1.0000    1.0000         5\n         org.ent.pressagency.AP     1.0000    0.6667    0.8000         6\n    org.ent.pressagency.ATS-SDA     0.0000    0.0000    0.0000         0\n        org.ent.pressagency.DNB     1.0000    1.0000    1.0000         3\n        org.ent.pressagency.DPA     0.0000    0.0000    0.0000         0\norg.ent.pressagency.Europapress     1.0000    1.0000    1.0000         1\n      org.ent.pressagency.Extel     1.0000    1.0000    1.0000         1\n      org.ent.pressagency.Havas     0.8750    1.0000    0.9333         7\n    org.ent.pressagency.Reuters     0.6667    1.0000    0.8000         4\n    org.ent.pressagency.SPK-SMP     0.0000    0.0000    0.0000         0\n     org.ent.pressagency.UP-UPI     1.0000    0.7500    0.8571         4\n      org.ent.pressagency.Wolff     1.0000    1.0000    1.0000         6\n         org.ent.pressagency.ag     0.7000    0.7778    0.7368         9\n        org.ent.pressagency.unk     0.2000    0.3333    0.2500         3\n         pers.ind.articleauthor     0.0000    0.0000    0.0000         2\n\n                      micro avg     0.7500    0.8235    0.7850        51\n                      macro avg     0.6294    0.6352    0.6252        51\n                   weighted avg     0.8175    0.8235    0.8107        51\n"}}