{"dev": {"global": {"loss": 0.004707016871568127, "precision": 0.7299270072992701, "recall": 0.9009009009009009, "f1": 0.8064516129032258}, "sent-level": null, "token-level": "                             precision    recall  f1-score   support\n\n    org.ent.pressagency.AFP     0.7778    1.0000    0.8750        14\n     org.ent.pressagency.AP     1.0000    0.8750    0.9333         8\norg.ent.pressagency.ATS-SDA     0.7059    1.0000    0.8276        24\n    org.ent.pressagency.DNB     1.0000    1.0000    1.0000         3\n    org.ent.pressagency.DPA     0.0000    0.0000    0.0000         0\n  org.ent.pressagency.Extel     0.0000    0.0000    0.0000         1\n  org.ent.pressagency.Havas     0.8065    0.9615    0.8772        26\norg.ent.pressagency.Reuters     0.8947    0.9444    0.9189        18\norg.ent.pressagency.Stefani     1.0000    1.0000    1.0000         1\n org.ent.pressagency.UP-UPI     1.0000    1.0000    1.0000         4\n  org.ent.pressagency.Wolff     0.5000    1.0000    0.6667         3\n     org.ent.pressagency.ag     0.5000    1.0000    0.6667         1\n    org.ent.pressagency.unk     0.0000    0.0000    0.0000         4\n     pers.ind.articleauthor     0.1250    0.2500    0.1667         4\n\n                  micro avg     0.7299    0.9009    0.8065       111\n                  macro avg     0.5936    0.7165    0.6380       111\n               weighted avg     0.7514    0.9009    0.8131       111\n"}, "test": {"global": {"loss": 0.006064891930193915, "precision": 0.8169934640522876, "recall": 0.8169934640522876, "f1": 0.8169934640522877}, "sent-level": null, "token-level": "                             precision    recall  f1-score   support\n\n    org.ent.pressagency.AFP     1.0000    1.0000    1.0000        19\n   org.ent.pressagency.ANSA     0.0000    0.0000    0.0000         1\n     org.ent.pressagency.AP     0.8571    1.0000    0.9231         6\n    org.ent.pressagency.APA     0.0000    0.0000    0.0000         1\norg.ent.pressagency.ATS-SDA     0.8148    0.9565    0.8800        23\n    org.ent.pressagency.DNB     0.6667    0.6667    0.6667         3\n    org.ent.pressagency.DPA     1.0000    1.0000    1.0000         2\n  org.ent.pressagency.Havas     0.7941    0.8438    0.8182        32\n   org.ent.pressagency.Kipa     1.0000    1.0000    1.0000         1\norg.ent.pressagency.Reuters     0.9565    0.8148    0.8800        27\norg.ent.pressagency.Stefani     1.0000    1.0000    1.0000         2\n org.ent.pressagency.UP-UPI     0.9167    0.8462    0.8800        13\n  org.ent.pressagency.Wolff     0.4286    1.0000    0.6000         3\n org.ent.pressagency.Xinhua     0.0000    0.0000    0.0000         1\n     org.ent.pressagency.ag     1.0000    1.0000    1.0000         3\n    org.ent.pressagency.unk     0.6000    0.4286    0.5000         7\n     pers.ind.articleauthor     0.2500    0.2222    0.2353         9\n\n                  micro avg     0.8170    0.8170    0.8170       153\n                  macro avg     0.6638    0.6929    0.6696       153\n               weighted avg     0.8090    0.8170    0.8077       153\n"}}