{
    "NE-COARSE-LIT": {
        "TIME-ALL": {
            "LED-ALL": {
                "ORG": {
                    "partial": {
                        "correct": 44,
                        "incorrect": 0,
                        "partial": 0,
                        "missed": 12,
                        "spurious": 14,
                        "possible": 56,
                        "actual": 58,
                        "TP": 44,
                        "FP": 14,
                        "FN": 12,
                        "P_micro": 0.7586206896551724,
                        "R_micro": 0.7857142857142857,
                        "F1_micro": 0.7719298245614034,
                        "P_macro_doc": 0.8000000000000002,
                        "R_macro_doc": 0.8491883116883117,
                        "F1_macro_doc": 0.9010424612255277,
                        "P_macro_doc_std": 0.35023801430836526,
                        "R_macro_doc_std": 0.2896630262719134,
                        "F1_macro_doc_std": 0.16434330728989913
                    },
                    "strict": {
                        "correct": 44,
                        "incorrect": 0,
                        "partial": 0,
                        "missed": 12,
                        "spurious": 14,
                        "possible": 56,
                        "actual": 58,
                        "TP": 44,
                        "FP": 14,
                        "FN": 12,
                        "P_micro": 0.7586206896551724,
                        "R_micro": 0.7857142857142857,
                        "F1_micro": 0.7719298245614034,
                        "P_macro_doc": 0.8000000000000002,
                        "R_macro_doc": 0.8491883116883117,
                        "F1_macro_doc": 0.9010424612255277,
                        "P_macro_doc_std": 0.35023801430836526,
                        "R_macro_doc_std": 0.2896630262719134,
                        "F1_macro_doc_std": 0.16434330728989913
                    },
                    "ent_type": {
                        "correct": 44,
                        "incorrect": 0,
                        "partial": 0,
                        "missed": 12,
                        "spurious": 14,
                        "possible": 56,
                        "actual": 58,
                        "TP": 44,
                        "FP": 14,
                        "FN": 12,
                        "P_micro": 0.7586206896551724,
                        "R_micro": 0.7857142857142857,
                        "F1_micro": 0.7719298245614034,
                        "P_macro_doc": 0.8000000000000002,
                        "R_macro_doc": 0.8491883116883117,
                        "F1_macro_doc": 0.9010424612255277,
                        "P_macro_doc_std": 0.35023801430836526,
                        "R_macro_doc_std": 0.2896630262719134,
                        "F1_macro_doc_std": 0.16434330728989913
                    },
                    "exact": {
                        "correct": 44,
                        "incorrect": 0,
                        "partial": 0,
                        "missed": 12,
                        "spurious": 14,
                        "possible": 56,
                        "actual": 58,
                        "TP": 44,
                        "FP": 14,
                        "FN": 12,
                        "P_micro": 0.7586206896551724,
                        "R_micro": 0.7857142857142857,
                        "F1_micro": 0.7719298245614034,
                        "P_macro_doc": 0.8000000000000002,
                        "R_macro_doc": 0.8491883116883117,
                        "F1_macro_doc": 0.9010424612255277,
                        "P_macro_doc_std": 0.35023801430836526,
                        "R_macro_doc_std": 0.2896630262719134,
                        "F1_macro_doc_std": 0.16434330728989913
                    }
                },
                "PERS": {
                    "partial": {
                        "correct": 0,
                        "incorrect": 0,
                        "partial": 0,
                        "missed": 2,
                        "spurious": 0,
                        "possible": 2,
                        "actual": 0,
                        "TP": 0,
                        "FP": 0,
                        "FN": 2,
                        "P_micro": 0,
                        "R_micro": 0.0,
                        "F1_micro": 0,
                        "P_macro_doc": null,
                        "R_macro_doc": 0.0,
                        "F1_macro_doc": null,
                        "P_macro_doc_std": null,
                        "R_macro_doc_std": 0.0,
                        "F1_macro_doc_std": null
                    },
                    "strict": {
                        "correct": 0,
                        "incorrect": 0,
                        "partial": 0,
                        "missed": 2,
                        "spurious": 0,
                        "possible": 2,
                        "actual": 0,
                        "TP": 0,
                        "FP": 0,
                        "FN": 2,
                        "P_micro": 0,
                        "R_micro": 0.0,
                        "F1_micro": 0,
                        "P_macro_doc": null,
                        "R_macro_doc": 0.0,
                        "F1_macro_doc": null,
                        "P_macro_doc_std": null,
                        "R_macro_doc_std": 0.0,
                        "F1_macro_doc_std": null
                    },
                    "ent_type": {
                        "correct": 0,
                        "incorrect": 0,
                        "partial": 0,
                        "missed": 2,
                        "spurious": 0,
                        "possible": 2,
                        "actual": 0,
                        "TP": 0,
                        "FP": 0,
                        "FN": 2,
                        "P_micro": 0,
                        "R_micro": 0.0,
                        "F1_micro": 0,
                        "P_macro_doc": null,
                        "R_macro_doc": 0.0,
                        "F1_macro_doc": null,
                        "P_macro_doc_std": null,
                        "R_macro_doc_std": 0.0,
                        "F1_macro_doc_std": null
                    },
                    "exact": {
                        "correct": 0,
                        "incorrect": 0,
                        "partial": 0,
                        "missed": 2,
                        "spurious": 0,
                        "possible": 2,
                        "actual": 0,
                        "TP": 0,
                        "FP": 0,
                        "FN": 2,
                        "P_micro": 0,
                        "R_micro": 0.0,
                        "F1_micro": 0,
                        "P_macro_doc": null,
                        "R_macro_doc": 0.0,
                        "F1_macro_doc": null,
                        "P_macro_doc_std": null,
                        "R_macro_doc_std": 0.0,
                        "F1_macro_doc_std": null
                    }
                },
                "ALL": {
                    "partial": {
                        "correct": 44,
                        "incorrect": 0,
                        "partial": 0,
                        "missed": 14,
                        "spurious": 14,
                        "possible": 58,
                        "actual": 58,
                        "TP": 44,
                        "FP": 14,
                        "FN": 14,
                        "P_micro": 0.7586206896551724,
                        "R_micro": 0.7586206896551724,
                        "F1_micro": 0.7586206896551724,
                        "P_macro_doc": 0.8000000000000002,