{"dev": {"global": {"loss": 0.0044074393999937785, "precision": 0.7443609022556391, "recall": 0.908256880733945, "f1": 0.8181818181818182}, "sent-level": null, "token-level": "                             precision    recall  f1-score   support\n\n    org.ent.pressagency.AFP     0.7368    1.0000    0.8485        14\n     org.ent.pressagency.AP     0.7778    0.8750    0.8235         8\norg.ent.pressagency.ATS-SDA     0.8889    1.0000    0.9412        24\n    org.ent.pressagency.DNB     0.5000    0.6667    0.5714         3\n    org.ent.pressagency.DPA     0.0000    0.0000    0.0000         0\n  org.ent.pressagency.Extel     0.0000    0.0000    0.0000         1\n  org.ent.pressagency.Havas     0.8276    0.9231    0.8727        26\norg.ent.pressagency.Reuters     0.7895    0.9375    0.8571        16\norg.ent.pressagency.Stefani     1.0000    1.0000    1.0000         1\n org.ent.pressagency.UP-UPI     1.0000    1.0000    1.0000         4\n  org.ent.pressagency.Wolff     0.5000    1.0000    0.6667         3\n     org.ent.pressagency.ag     0.2500    1.0000    0.4000         1\n    org.ent.pressagency.unk     0.5000    0.2500    0.3333         4\n     pers.ind.articleauthor     0.4286    0.7500    0.5455         4\n\n                  micro avg     0.7444    0.9083    0.8182       109\n                  macro avg     0.5857    0.7430    0.6329       109\n               weighted avg     0.7705    0.9083    0.8265       109\n"}, "test": {"global": {"loss": 0.006178187062466265, "precision": 0.8397435897435898, "recall": 0.8733333333333333, "f1": 0.8562091503267975}, "sent-level": null, "token-level": "                             precision    recall  f1-score   support\n\n    org.ent.pressagency.AFP     1.0000    1.0000    1.0000        18\n   org.ent.pressagency.ANSA     0.0000    0.0000    0.0000         1\n     org.ent.pressagency.AP     0.7500    1.0000    0.8571         6\n    org.ent.pressagency.APA     0.0000    0.0000    0.0000         1\norg.ent.pressagency.ATS-SDA     1.0000    1.0000    1.0000        23\n    org.ent.pressagency.DNB     0.6667    0.6667    0.6667         3\n    org.ent.pressagency.DPA     1.0000    1.0000    1.0000         2\n  org.ent.pressagency.Havas     0.8529    0.9062    0.8788        32\n   org.ent.pressagency.Kipa     1.0000    1.0000    1.0000         1\norg.ent.pressagency.Reuters     0.8333    0.9259    0.8772        27\norg.ent.pressagency.Stefani     1.0000    1.0000    1.0000         2\n org.ent.pressagency.UP-UPI     1.0000    0.9231    0.9600        13\n  org.ent.pressagency.Wolff     0.6667    0.6667    0.6667         3\n org.ent.pressagency.Xinhua     0.0000    0.0000    0.0000         1\n     org.ent.pressagency.ag     0.5000    1.0000    0.6667         3\n    org.ent.pressagency.unk     0.4286    0.5000    0.4615         6\n     pers.ind.articleauthor     0.4286    0.3750    0.4000         8\n\n                  micro avg     0.8397    0.8733    0.8562       150\n                  macro avg     0.6545    0.7037    0.6726       150\n               weighted avg     0.8320    0.8733    0.8493       150\n"}}