{
    "NE-COARSE-LIT": {
        "TIME-ALL": {
            "LED-ALL": {
                "ORG": {
                    "partial": {
                        "correct": 99,
                        "incorrect": 0,
                        "partial": 3,
                        "missed": 8,
                        "spurious": 23,
                        "possible": 110,
                        "actual": 125,
                        "TP": 99,
                        "FP": 26,
                        "FN": 11,
                        "P_micro": 0.804,
                        "R_micro": 0.9136363636363637,
                        "F1_micro": 0.8553191489361701,
                        "P_macro_doc": 0.8852819237147596,
                        "R_macro_doc": 0.9262626262626263,
                        "F1_macro_doc": 0.947754229897087,
                        "P_macro_doc_std": 0.26693947441863286,
                        "R_macro_doc_std": 0.22522081581401626,
                        "F1_macro_doc_std": 0.11990526829930898
                    },
                    "strict": {
                        "correct": 99,
                        "incorrect": 3,
                        "partial": 0,
                        "missed": 8,
                        "spurious": 23,
                        "possible": 110,
                        "actual": 125,
                        "TP": 99,
                        "FP": 26,
                        "FN": 11,
                        "P_micro": 0.792,
                        "R_micro": 0.9,
                        "F1_micro": 0.8425531914893617,
                        "P_macro_doc": 0.8738391376451078,
                        "R_macro_doc": 0.9136363636363636,
                        "F1_macro_doc": 0.9351880923309493,
                        "P_macro_doc_std": 0.28736728907341197,
                        "R_macro_doc_std": 0.25018358732050083,
                        "F1_macro_doc_std": 0.16694290887156155
                    },
                    "ent_type": {
                        "correct": 102,
                        "incorrect": 0,
                        "partial": 0,
                        "missed": 8,
                        "spurious": 23,
                        "possible": 110,
                        "actual": 125,
                        "TP": 102,
                        "FP": 23,
                        "FN": 8,
                        "P_micro": 0.816,
                        "R_micro": 0.9272727272727272,
                        "F1_micro": 0.8680851063829788,
                        "P_macro_doc": 0.8967247097844113,
                        "R_macro_doc": 0.9388888888888889,
                        "F1_macro_doc": 0.9603203674632246,
                        "P_macro_doc_std": 0.2612698105340927,
                        "R_macro_doc_std": 0.21862620755698975,
                        "F1_macro_doc_std": 0.0994141347113431
                    },
                    "exact": {
                        "correct": 99,
                        "incorrect": 3,
                        "partial": 0,
                        "missed": 8,
                        "spurious": 23,
                        "possible": 110,
                        "actual": 125,
                        "TP": 99,
                        "FP": 26,
                        "FN": 11,
                        "P_micro": 0.792,
                        "R_micro": 0.9,
                        "F1_micro": 0.8425531914893617,
                        "P_macro_doc": 0.8738391376451078,
                        "R_macro_doc": 0.9136363636363636,
                        "F1_macro_doc": 0.9351880923309493,
                        "P_macro_doc_std": 0.28736728907341197,
                        "R_macro_doc_std": 0.25018358732050083,
                        "F1_macro_doc_std": 0.16694290887156155
                    }
                },
                "PERS": {
                    "partial": {
                        "correct": 2,
                        "incorrect": 0,
                        "partial": 0,
                        "missed": 2,
                        "spurious": 7,
                        "possible": 4,
                        "actual": 9,
                        "TP": 2,
                        "FP": 7,
                        "FN": 2,
                        "P_micro": 0.2222222222222222,
                        "R_micro": 0.5,
                        "F1_micro": 0.30769230769230765,
                        "P_macro_doc": 0.25,
                        "R_macro_doc": 0.5,
                        "F1_macro_doc": 0.8333333333333333,
                        "P_macro_doc_std": 0.4330127018922193,
                        "R_macro_doc_std": 0.408248290463863,
                        "F1_macro_doc_std": 0.16666666666666669
                    },
                    "strict": {
                        "correct": 2,
                        "incorrect": 0,
                        "partial": 0,
                        "missed": 2,
                        "spurious": 7,
                        "possible": 4,
                        "actual": 9,
                        "TP": 2,
                        "FP": 7,
                        "FN": 2,
                        "P_micro": 0.2222222222222222,
                        "R_micro": 0.5,
                        "F1_micro": 0.30769230769230765,
                        "P_macro_doc": 0.25,
                        "R_macro_doc": 0.5,
                        "F1_macro_doc": 0.8333333333333333,
                        "P_macro_doc_std": 0.4330127018922193,
                        "R_macro_doc_std": 0.408248290463863,
                        "F1_macro_doc_std": 0.16666666666666669
                    },
                    "ent_type": {
                        "correct": 2,
                        "incorrect": 0,
                        "partial": 0,
                        "missed": 2,
                        "spurious": 7,
                        "possible": 4,
                        "actual": 9,
                        "TP": 2,
                        "FP": 7,
                        "FN": 2,
                        "P_micro": 0.2222222222222222,
                        "R_micro": 0.5,
                        "F1_micro": 0.30769230769230765,
                        "P_macro_doc": 0.25,
                        "R_macro_doc": 0.5,
                        "F1_macro_doc": 0.8333333333333333,
                        "P_macro_doc_std": 0.4330127018922193,
                        "R_macro_doc_std": 0.408248290463863,
                        "F1_macro_doc_std": 0.16666666666666669
                    },
                    "exact": {
                        "correct": 2,
                        "incorrect": 0,
                        "partial": 0,
                        "missed": 2,
                        "spurious": 7,
                        "possible": 4,
                        "actual": 9,
                        "TP": 2,
                        "FP": 7,
                        "FN": 2,
                        "P_micro": 0.2222222222222222,
                        "R_micro": 0.5,
                        "F1_micro": 0.30769230769230765,
                        "P_macro_doc": 0.25,
                        "R_macro_doc": 0.5,
                        "F1_macro_doc": 0.8333333333333333,
                        "P_macro_doc_std": 0.4330127018922193,
                        "R_macro_doc_std": 0.408248290463863,
                        "F1_macro_doc_std": 0.16666666666666669
                    }
                },
                "ALL": {
                    "partial": {
                        "correct": 101,
                        "incorrect": 0,
                        "partial": 3,
                        "missed": 10,
                        "spurious": 30,
                        "possible": 114,
                        "actual": 134,
                        "TP": 101,
                        "FP": 33,