{
    "NE-COARSE-LIT": {
        "TIME-ALL": {
            "LED-ALL": {
                "ORG": {
                    "partial": {
                        "correct": 49,
                        "incorrect": 0,
                        "partial": 4,
                        "missed": 3,
                        "spurious": 11,
                        "possible": 56,
                        "actual": 64,
                        "TP": 49,
                        "FP": 15,
                        "FN": 7,
                        "P_micro": 0.796875,
                        "R_micro": 0.9107142857142857,
                        "F1_micro": 0.85,
                        "P_macro_doc": 0.6672248803827752,
                        "R_macro_doc": 0.9298701298701298,
                        "F1_macro_doc": 0.913154911087242,
                        "P_macro_doc_std": 0.41756397812981577,
                        "R_macro_doc_std": 0.1412199575276645,
                        "F1_macro_doc_std": 0.13020573279074082
                    },
                    "strict": {
                        "correct": 49,
                        "incorrect": 4,
                        "partial": 0,
                        "missed": 3,
                        "spurious": 11,
                        "possible": 56,
                        "actual": 64,
                        "TP": 49,
                        "FP": 15,
                        "FN": 7,
                        "P_micro": 0.765625,
                        "R_micro": 0.875,
                        "F1_micro": 0.8166666666666667,
                        "P_macro_doc": 0.6330143540669857,
                        "R_macro_doc": 0.884090909090909,
                        "F1_macro_doc": 0.8670664757130924,
                        "P_macro_doc_std": 0.43802723678789246,
                        "R_macro_doc_std": 0.2616965694291837,
                        "F1_macro_doc_std": 0.25203756881313955
                    },
                    "ent_type": {
                        "correct": 53,
                        "incorrect": 0,
                        "partial": 0,
                        "missed": 3,
                        "spurious": 11,
                        "possible": 56,
                        "actual": 64,
                        "TP": 53,
                        "FP": 11,
                        "FN": 3,
                        "P_micro": 0.828125,
                        "R_micro": 0.9464285714285714,
                        "F1_micro": 0.8833333333333333,
                        "P_macro_doc": 0.7014354066985646,
                        "R_macro_doc": 0.9756493506493505,
                        "F1_macro_doc": 0.9592433464613916,
                        "P_macro_doc_std": 0.42678138457636583,
                        "R_macro_doc_std": 0.06679558640078241,
                        "F1_macro_doc_std": 0.059186373673853335
                    },
                    "exact": {
                        "correct": 49,
                        "incorrect": 4,
                        "partial": 0,
                        "missed": 3,
                        "spurious": 11,
                        "possible": 56,
                        "actual": 64,
                        "TP": 49,
                        "FP": 15,
                        "FN": 7,
                        "P_micro": 0.765625,
                        "R_micro": 0.875,
                        "F1_micro": 0.8166666666666667,
                        "P_macro_doc": 0.6330143540669857,
                        "R_macro_doc": 0.884090909090909,
                        "F1_macro_doc": 0.8670664757130924,
                        "P_macro_doc_std": 0.43802723678789246,
                        "R_macro_doc_std": 0.2616965694291837,
                        "F1_macro_doc_std": 0.25203756881313955
                    }
                },
                "PERS": {
                    "partial": {
                        "correct": 0,
                        "incorrect": 0,
                        "partial": 0,
                        "missed": 2,
                        "spurious": 0,
                        "possible": 2,
                        "actual": 0,
                        "TP": 0,
                        "FP": 0,
                        "FN": 2,
                        "P_micro": 0,
                        "R_micro": 0.0,
                        "F1_micro": 0,
                        "P_macro_doc": null,
                        "R_macro_doc": 0.0,
                        "F1_macro_doc": null,
                        "P_macro_doc_std": null,
                        "R_macro_doc_std": 0.0,
                        "F1_macro_doc_std": null
                    },
                    "strict": {
                        "correct": 0,
                        "incorrect": 0,
                        "partial": 0,
                        "missed": 2,
                        "spurious": 0,
                        "possible": 2,
                        "actual": 0,
                        "TP": 0,
                        "FP": 0,
                        "FN": 2,
                        "P_micro": 0,
                        "R_micro": 0.0,
                        "F1_micro": 0,
                        "P_macro_doc": null,
                        "R_macro_doc": 0.0,
                        "F1_macro_doc": null,
                        "P_macro_doc_std": null,
                        "R_macro_doc_std": 0.0,
                        "F1_macro_doc_std": null
                    },
                    "ent_type": {
                        "correct": 0,
                        "incorrect": 0,
                        "partial": 0,
                        "missed": 2,
                        "spurious": 0,
                        "possible": 2,
                        "actual": 0,
                        "TP": 0,
                        "FP": 0,
                        "FN": 2,
                        "P_micro": 0,
                        "R_micro": 0.0,
                        "F1_micro": 0,
                        "P_macro_doc": null,
                        "R_macro_doc": 0.0,
                        "F1_macro_doc": null,
                        "P_macro_doc_std": null,
                        "R_macro_doc_std": 0.0,
                        "F1_macro_doc_std": null
                    },
                    "exact": {
                        "correct": 0,
                        "incorrect": 0,
                        "partial": 0,
                        "missed": 2,
                        "spurious": 0,
                        "possible": 2,
                        "actual": 0,
                        "TP": 0,
                        "FP": 0,
                        "FN": 2,
                        "P_micro": 0,
                        "R_micro": 0.0,
                        "F1_micro": 0,
                        "P_macro_doc": null,
                        "R_macro_doc": 0.0,
                        "F1_macro_doc": null,
                        "P_macro_doc_std": null,
                        "R_macro_doc_std": 0.0,
                        "F1_macro_doc_std": null
                    }
                },
                "ALL": {
                    "partial": {
                        "correct": 49,
                        "incorrect": 0,
                        "partial": 4,
                        "missed": 5,
                        "spurious": 11,
                        "possible": 58,
                        "actual": 64,
                        "TP": 49,
                        "FP": 15,
                        "FN": 9,
                        "P_micro": 0.796875,
                        "R_micro": 0.8793103448275862,
                        "F1_micro": 0.8360655737704917,
                        "P_macro_doc": 0.6672248803827752,
                        "R_macro_doc": 0.8822510822510823,
                        "F1_macro_doc": 0.8774406253729563,