{"dev": {"global": [{"loss": 0.006176736419026353, "precision": 0.794392523364486, "recall": 0.7589285714285714, "f1": 0.776255707762557}, {"loss": 0.0055668475177687434, "precision": 0.6546762589928058, "recall": 0.8125, "f1": 0.7250996015936256}, {"loss": 0.0044704538708624005, "precision": 0.6956521739130435, "recall": 0.8571428571428571, "f1": 0.7679999999999999}], "sent-level": [null, null, null], "token-level": ["                             precision    recall  f1-score   support\n\n    org.ent.pressagency.AFP     0.5833    1.0000    0.7368        14\n     org.ent.pressagency.AP     1.0000    0.3750    0.5455         8\norg.ent.pressagency.ATS-SDA     0.9167    0.9167    0.9167        24\n    org.ent.pressagency.DNB     0.5000    0.3333    0.4000         3\n  org.ent.pressagency.Extel     0.0000    0.0000    0.0000         1\n  org.ent.pressagency.Havas     0.8462    0.8462    0.8462        26\norg.ent.pressagency.Reuters     0.8571    0.9474    0.9000        19\norg.ent.pressagency.Stefani     0.0000    0.0000    0.0000         1\n org.ent.pressagency.UP-UPI     0.7500    0.7500    0.7500         4\n  org.ent.pressagency.Wolff     1.0000    0.6667    0.8000         3\n     org.ent.pressagency.ag     0.0000    0.0000    0.0000         1\n    org.ent.pressagency.unk     0.0000    0.0000    0.0000         4\n     pers.ind.articleauthor     0.0000    0.0000    0.0000         4\n\n                  micro avg     0.7944    0.7589    0.7763       112\n                  macro avg     0.4964    0.4489    0.4535       112\n               weighted avg     0.7496    0.7589    0.7355       112\n", "                             precision    recall  f1-score   support\n\n    org.ent.pressagency.AFP     0.6190    0.9286    0.7429        14\n     org.ent.pressagency.AP     0.8750    0.8750    0.8750         8\norg.ent.pressagency.ATS-SDA     0.7667    0.9583    0.8519        24\n    org.ent.pressagency.DNB     0.0000    0.0000    0.0000         3\n    org.ent.pressagency.DPA     0.0000    0.0000    0.0000         0\n  org.ent.pressagency.Extel     0.0000    0.0000    0.0000         1\n  org.ent.pressagency.Havas     0.6970    0.8846    0.7797        26\norg.ent.pressagency.Reuters     0.8947    0.8947    0.8947        19\norg.ent.pressagency.Stefani     1.0000    1.0000    1.0000         1\n org.ent.pressagency.UP-UPI     1.0000    1.0000    1.0000         4\n  org.ent.pressagency.Wolff     1.0000    0.6667    0.8000         3\n     org.ent.pressagency.ag     0.0000    0.0000    0.0000         1\n    org.ent.pressagency.unk     0.2000    0.2500    0.2222         4\n     pers.ind.articleauthor     0.0000    0.0000    0.0000         4\n\n                  micro avg     0.6547    0.8125    0.7251       112\n                  macro avg     0.5037    0.5327    0.5119       112\n               weighted avg     0.6963    0.8125    0.7447       112\n", "                             precision    recall  f1-score   support\n\n    org.ent.pressagency.AFP     0.6190    0.9286    0.7429        14\n     org.ent.pressagency.AP     0.8750    0.8750    0.8750         8\norg.ent.pressagency.ATS-SDA     0.8276    1.0000    0.9057        24\n    org.ent.pressagency.DNB     0.2500    0.3333    0.2857         3\n    org.ent.pressagency.DPA     0.0000    0.0000    0.0000         0\n  org.ent.pressagency.Extel     0.0000    0.0000    0.0000         1\n  org.ent.pressagency.Havas     0.8065    0.9615    0.8772        26\norg.ent.pressagency.Reuters     0.8571    0.9474    0.9000        19\norg.ent.pressagency.Stefani     1.0000    1.0000    1.0000         1\n org.ent.pressagency.UP-UPI     0.8000    1.0000    0.8889         4\n  org.ent.pressagency.Wolff     0.5000    1.0000    0.6667         3\n     org.ent.pressagency.ag     0.0000    0.0000    0.0000         1\n    org.ent.pressagency.unk     0.0000    0.0000    0.0000         4\n     pers.ind.articleauthor     0.0000    0.0000    0.0000         4\n\n                  micro avg     0.6957    0.8571    0.7680       112\n                  macro avg     0.4668    0.5747    0.5101       112\n               weighted avg     0.7074    0.8571    0.7719       112\n"]}, "test": {"global": {"loss": 0.005745955823765259, "precision": 0.782051282051282, "recall": 0.782051282051282, "f1": 0.782051282051282}, "token-level": "                             precision    recall  f1-score   support\n\n    org.ent.pressagency.AFP     0.8636    0.9500    0.9048        20\n   org.ent.pressagency.ANSA     0.0000    0.0000    0.0000         1\n     org.ent.pressagency.AP     0.8571    1.0000    0.9231         6\n    org.ent.pressagency.APA     0.0000    0.0000    0.0000         1\norg.ent.pressagency.ATS-SDA     0.9565    0.9565    0.9565        23\n    org.ent.pressagency.DNB     0.3333    0.3333    0.3333         3\n    org.ent.pressagency.DPA     0.5000    1.0000    0.6667         2\n  org.ent.pressagency.Havas     0.8235    0.8485    0.8358        33\n   org.ent.pressagency.Kipa     1.0000    1.0000    1.0000         1\norg.ent.pressagency.Reuters     0.9600    0.8889    0.9231        27\norg.ent.pressagency.Stefani     1.0000    1.0000    1.0000         2\n org.ent.pressagency.UP-UPI     1.0000    0.9231    0.9600        13\n  org.ent.pressagency.Wolff     0.4286    0.7500    0.5455         4\n org.ent.pressagency.Xinhua     0.0000    0.0000    0.0000         1\n     org.ent.pressagency.ag     0.0000    0.0000    0.0000         3\n    org.ent.pressagency.unk     0.1818    0.2857    0.2222         7\n     pers.ind.articleauthor     0.0000    0.0000    0.0000         9\n\n                  micro avg     0.7821    0.7821    0.7821       156\n                  macro avg     0.5238    0.5845    0.5453       156\n               weighted avg     0.7596    0.7821    0.7672       156\n"}}