{
    "NE-COARSE-LIT": {
        "TIME-ALL": {
            "LED-ALL": {
                "ORG": {
                    "partial": {
                        "correct": 100,
                        "incorrect": 0,
                        "partial": 12,
                        "missed": 42,
                        "spurious": 20,
                        "possible": 154,
                        "actual": 132,
                        "TP": 100,
                        "FP": 32,
                        "FN": 54,
                        "P_micro": 0.803030303030303,
                        "R_micro": 0.6883116883116883,
                        "F1_micro": 0.7412587412587411,
                        "P_macro_doc": 0.8291750503018108,
                        "R_macro_doc": 0.7148351648351648,
                        "F1_macro_doc": 0.8492465026555936,
                        "P_macro_doc_std": 0.32158899251126993,
                        "R_macro_doc_std": 0.37916326156781854,
                        "F1_macro_doc_std": 0.2367681609735646
                    },
                    "strict": {
                        "correct": 100,
                        "incorrect": 12,
                        "partial": 0,
                        "missed": 42,
                        "spurious": 20,
                        "possible": 154,
                        "actual": 132,
                        "TP": 100,
                        "FP": 32,
                        "FN": 54,
                        "P_micro": 0.7575757575757576,
                        "R_micro": 0.6493506493506493,
                        "F1_micro": 0.6993006993006993,
                        "P_macro_doc": 0.7907780013413815,
                        "R_macro_doc": 0.673489010989011,
                        "F1_macro_doc": 0.8069984729075639,
                        "P_macro_doc_std": 0.37297138040126665,
                        "R_macro_doc_std": 0.4175262228096696,
                        "F1_macro_doc_std": 0.3150357772624145
                    },
                    "ent_type": {
                        "correct": 112,
                        "incorrect": 0,
                        "partial": 0,
                        "missed": 42,
                        "spurious": 20,
                        "possible": 154,
                        "actual": 132,
                        "TP": 112,
                        "FP": 20,
                        "FN": 42,
                        "P_micro": 0.8484848484848485,
                        "R_micro": 0.7272727272727273,
                        "F1_micro": 0.7832167832167832,
                        "P_macro_doc": 0.8675720992622401,
                        "R_macro_doc": 0.7561813186813187,
                        "F1_macro_doc": 0.8914945324036233,
                        "P_macro_doc_std": 0.30469964105468195,
                        "R_macro_doc_std": 0.3807671375818206,
                        "F1_macro_doc_std": 0.20129806518362864
                    },
                    "exact": {
                        "correct": 100,
                        "incorrect": 12,
                        "partial": 0,
                        "missed": 42,
                        "spurious": 20,
                        "possible": 154,
                        "actual": 132,
                        "TP": 100,
                        "FP": 32,
                        "FN": 54,
                        "P_micro": 0.7575757575757576,
                        "R_micro": 0.6493506493506493,
                        "F1_micro": 0.6993006993006993,
                        "P_macro_doc": 0.7907780013413815,
                        "R_macro_doc": 0.673489010989011,
                        "F1_macro_doc": 0.8069984729075639,
                        "P_macro_doc_std": 0.37297138040126665,
                        "R_macro_doc_std": 0.4175262228096696,
                        "F1_macro_doc_std": 0.3150357772624145
                    }
                },
                "PERS": {
                    "partial": {
                        "correct": 0,
                        "incorrect": 0,
                        "partial": 0,
                        "missed": 9,
                        "spurious": 1,
                        "possible": 9,
                        "actual": 1,
                        "TP": 0,
                        "FP": 1,
                        "FN": 9,
                        "P_micro": 0.0,
                        "R_micro": 0.0,
                        "F1_micro": 0,
                        "P_macro_doc": 0.0,
                        "R_macro_doc": 0.0,
                        "F1_macro_doc": null,
                        "P_macro_doc_std": 0.0,
                        "R_macro_doc_std": 0.0,
                        "F1_macro_doc_std": null
                    },
                    "strict": {
                        "correct": 0,
                        "incorrect": 0,
                        "partial": 0,
                        "missed": 9,
                        "spurious": 1,
                        "possible": 9,
                        "actual": 1,
                        "TP": 0,
                        "FP": 1,
                        "FN": 9,
                        "P_micro": 0.0,
                        "R_micro": 0.0,
                        "F1_micro": 0,
                        "P_macro_doc": 0.0,
                        "R_macro_doc": 0.0,
                        "F1_macro_doc": null,
                        "P_macro_doc_std": 0.0,
                        "R_macro_doc_std": 0.0,
                        "F1_macro_doc_std": null
                    },
                    "ent_type": {
                        "correct": 0,
                        "incorrect": 0,
                        "partial": 0,
                        "missed": 9,
                        "spurious": 1,
                        "possible": 9,
                        "actual": 1,
                        "TP": 0,
                        "FP": 1,
                        "FN": 9,
                        "P_micro": 0.0,
                        "R_micro": 0.0,
                        "F1_micro": 0,
                        "P_macro_doc": 0.0,
                        "R_macro_doc": 0.0,
                        "F1_macro_doc": null,
                        "P_macro_doc_std": 0.0,
                        "R_macro_doc_std": 0.0,
                        "F1_macro_doc_std": null
                    },
                    "exact": {
                        "correct": 0,
                        "incorrect": 0,
                        "partial": 0,
                        "missed": 9,
                        "spurious": 1,
                        "possible": 9,
                        "actual": 1,
                        "TP": 0,
                        "FP": 1,
                        "FN": 9,
                        "P_micro": 0.0,
                        "R_micro": 0.0,
                        "F1_micro": 0,
                        "P_macro_doc": 0.0,
                        "R_macro_doc": 0.0,
                        "F1_macro_doc": null,
                        "P_macro_doc_std": 0.0,
                        "R_macro_doc_std": 0.0,
                        "F1_macro_doc_std": null
                    }
                },
                "ALL": {
                    "partial": {
                        "correct": 100,
                        "incorrect": 0,
                        "partial": 12,
                        "missed": 51,
                        "spurious": 21,
                        "possible": 163,
                        "actual": 133,
                        "TP": 100,
                        "FP": 33,
                        "FN": 63,
                        "P_micro": 0.7969924812030075,
                        "R_micro": 0.6503067484662577,
                        "F1_micro": 0.7162162162162162,
                        "P_macro_doc": 0.8291750503018108,