{"dev": {"global": [{"loss": 0.0076902077953184675, "precision": 0.7524752475247525, "recall": 0.6972477064220184, "f1": 0.7238095238095238}, {"loss": 0.006193611532887261, "precision": 0.6388888888888888, "recall": 0.8440366972477065, "f1": 0.7272727272727273}, {"loss": 0.004609780884616004, "precision": 0.7251908396946565, "recall": 0.8715596330275229, "f1": 0.7916666666666667}], "sent-level": [null, null, null], "token-level": ["                             precision    recall  f1-score   support\n\n    org.ent.pressagency.AFP     0.6364    1.0000    0.7778        14\n     org.ent.pressagency.AP     1.0000    0.1250    0.2222         8\norg.ent.pressagency.ATS-SDA     0.8077    0.8750    0.8400        24\n    org.ent.pressagency.DNB     0.0000    0.0000    0.0000         3\n  org.ent.pressagency.Extel     0.0000    0.0000    0.0000         1\n  org.ent.pressagency.Havas     0.9167    0.8462    0.8800        26\norg.ent.pressagency.Reuters     0.7000    0.8750    0.7778        16\norg.ent.pressagency.Stefani     0.0000    0.0000    0.0000         1\n org.ent.pressagency.UP-UPI     1.0000    0.5000    0.6667         4\n  org.ent.pressagency.Wolff     0.3333    0.6667    0.4444         3\n     org.ent.pressagency.ag     0.0000    0.0000    0.0000         1\n    org.ent.pressagency.unk     0.0000    0.0000    0.0000         4\n     pers.ind.articleauthor     0.0000    0.0000    0.0000         4\n\n                  micro avg     0.7525    0.6972    0.7238       109\n                  macro avg     0.4149    0.3760    0.3545       109\n               weighted avg     0.7002    0.6972    0.6619       109\n", "                             precision    recall  f1-score   support\n\n    org.ent.pressagency.AFP     0.6087    1.0000    0.7568        14\n     org.ent.pressagency.AP     1.0000    0.7500    0.8571         8\norg.ent.pressagency.ATS-SDA     0.7273    1.0000    0.8421        24\n    org.ent.pressagency.DNB     1.0000    0.3333    0.5000         3\n  org.ent.pressagency.Extel     0.0000    0.0000    0.0000         1\n  org.ent.pressagency.Havas     0.8000    0.9231    0.8571        26\norg.ent.pressagency.Reuters     0.8000    1.0000    0.8889        16\norg.ent.pressagency.Stefani     1.0000    1.0000    1.0000         1\n org.ent.pressagency.UP-UPI     0.5000    1.0000    0.6667         4\n  org.ent.pressagency.Wolff     0.6667    0.6667    0.6667         3\n     org.ent.pressagency.ag     0.0000    0.0000    0.0000         1\n    org.ent.pressagency.unk     0.0000    0.0000    0.0000         4\n     pers.ind.articleauthor     0.0000    0.0000    0.0000         4\n\n                  micro avg     0.6389    0.8440    0.7273       109\n                  macro avg     0.5464    0.5902    0.5412       109\n               weighted avg     0.6934    0.8440    0.7462       109\n", "                             precision    recall  f1-score   support\n\n    org.ent.pressagency.AFP     0.6667    1.0000    0.8000        14\n     org.ent.pressagency.AP     1.0000    0.8750    0.9333         8\norg.ent.pressagency.ATS-SDA     0.8000    1.0000    0.8889        24\n    org.ent.pressagency.DNB     0.3333    0.3333    0.3333         3\n    org.ent.pressagency.DPA     0.0000    0.0000    0.0000         0\n  org.ent.pressagency.Extel     0.0000    0.0000    0.0000         1\n  org.ent.pressagency.Havas     0.8621    0.9615    0.9091        26\norg.ent.pressagency.Reuters     0.8421    1.0000    0.9143        16\norg.ent.pressagency.Stefani     1.0000    1.0000    1.0000         1\n org.ent.pressagency.UP-UPI     1.0000    1.0000    1.0000         4\n  org.ent.pressagency.Wolff     0.6000    1.0000    0.7500         3\n     org.ent.pressagency.ag     0.0000    0.0000    0.0000         1\n    org.ent.pressagency.unk     0.0000    0.0000    0.0000         4\n     pers.ind.articleauthor     0.0000    0.0000    0.0000         4\n\n                  micro avg     0.7252    0.8716    0.7917       109\n                  macro avg     0.5074    0.5836    0.5378       109\n               weighted avg     0.7360    0.8716    0.7937       109\n"]}, "test": {"global": {"loss": 0.007178524715251235, "precision": 0.7828947368421053, "recall": 0.8040540540540541, "f1": 0.7933333333333334}, "token-level": "                             precision    recall  f1-score   support\n\n    org.ent.pressagency.AFP     1.0000    1.0000    1.0000        18\n   org.ent.pressagency.ANSA     0.0000    0.0000    0.0000         1\n     org.ent.pressagency.AP     0.7143    1.0000    0.8333         5\n    org.ent.pressagency.APA     0.0000    0.0000    0.0000         1\norg.ent.pressagency.ATS-SDA     0.8462    0.9565    0.8980        23\n    org.ent.pressagency.DNB     0.3333    0.3333    0.3333         3\n    org.ent.pressagency.DPA     0.6667    1.0000    0.8000         2\n  org.ent.pressagency.Havas     0.7568    0.9032    0.8235        31\n   org.ent.pressagency.Kipa     1.0000    1.0000    1.0000         1\norg.ent.pressagency.Reuters     0.8846    0.8519    0.8679        27\norg.ent.pressagency.Stefani     1.0000    1.0000    1.0000         2\n org.ent.pressagency.UP-UPI     0.9231    0.9231    0.9231        13\n  org.ent.pressagency.Wolff     0.4000    0.6667    0.5000         3\n org.ent.pressagency.Xinhua     0.0000    0.0000    0.0000         1\n     org.ent.pressagency.ag     0.0000    0.0000    0.0000         3\n    org.ent.pressagency.unk     0.5000    0.5000    0.5000         6\n     pers.ind.articleauthor     0.0000    0.0000    0.0000         8\n\n                  micro avg     0.7829    0.8041    0.7933       148\n                  macro avg     0.5309    0.5962    0.5576       148\n               weighted avg     0.7426    0.8041    0.7695       148\n"}}