{
    "NE-COARSE-LIT": {
        "TIME-ALL": {
            "LED-ALL": {
                "ORG": {
                    "partial": {
                        "correct": 21,
                        "incorrect": 0,
                        "partial": 0,
                        "missed": 2,
                        "spurious": 17,
                        "possible": 23,
                        "actual": 38,
                        "TP": 21,
                        "FP": 17,
                        "FN": 2,
                        "P_micro": 0.5526315789473685,
                        "R_micro": 0.9130434782608695,
                        "F1_micro": 0.6885245901639344,
                        "P_macro_doc": 0.7647058823529411,
                        "R_macro_doc": 0.8666666666666667,
                        "F1_macro_doc": 1.0,
                        "P_macro_doc_std": 0.42418250299576343,
                        "R_macro_doc_std": 0.3399346342395189,
                        "F1_macro_doc_std": 0.0
                    },
                    "strict": {
                        "correct": 21,
                        "incorrect": 0,
                        "partial": 0,
                        "missed": 2,
                        "spurious": 17,
                        "possible": 23,
                        "actual": 38,
                        "TP": 21,
                        "FP": 17,
                        "FN": 2,
                        "P_micro": 0.5526315789473685,
                        "R_micro": 0.9130434782608695,
                        "F1_micro": 0.6885245901639344,
                        "P_macro_doc": 0.7647058823529411,
                        "R_macro_doc": 0.8666666666666667,
                        "F1_macro_doc": 1.0,
                        "P_macro_doc_std": 0.42418250299576343,
                        "R_macro_doc_std": 0.3399346342395189,
                        "F1_macro_doc_std": 0.0
                    },
                    "ent_type": {
                        "correct": 21,
                        "incorrect": 0,
                        "partial": 0,
                        "missed": 2,
                        "spurious": 17,
                        "possible": 23,
                        "actual": 38,
                        "TP": 21,
                        "FP": 17,
                        "FN": 2,
                        "P_micro": 0.5526315789473685,
                        "R_micro": 0.9130434782608695,
                        "F1_micro": 0.6885245901639344,
                        "P_macro_doc": 0.7647058823529411,
                        "R_macro_doc": 0.8666666666666667,
                        "F1_macro_doc": 1.0,
                        "P_macro_doc_std": 0.42418250299576343,
                        "R_macro_doc_std": 0.3399346342395189,
                        "F1_macro_doc_std": 0.0
                    },
                    "exact": {
                        "correct": 21,
                        "incorrect": 0,
                        "partial": 0,
                        "missed": 2,
                        "spurious": 17,
                        "possible": 23,
                        "actual": 38,
                        "TP": 21,
                        "FP": 17,
                        "FN": 2,
                        "P_micro": 0.5526315789473685,
                        "R_micro": 0.9130434782608695,
                        "F1_micro": 0.6885245901639344,
                        "P_macro_doc": 0.7647058823529411,
                        "R_macro_doc": 0.8666666666666667,
                        "F1_macro_doc": 1.0,
                        "P_macro_doc_std": 0.42418250299576343,
                        "R_macro_doc_std": 0.3399346342395189,
                        "F1_macro_doc_std": 0.0
                    }
                },
                "PERS": {
                    "partial": {
                        "correct": 0,
                        "incorrect": 0,
                        "partial": 0,
                        "missed": 3,
                        "spurious": 0,
                        "possible": 3,
                        "actual": 0,
                        "TP": 0,
                        "FP": 0,
                        "FN": 3,
                        "P_micro": 0,
                        "R_micro": 0.0,
                        "F1_micro": 0,
                        "P_macro_doc": null,
                        "R_macro_doc": 0.0,
                        "F1_macro_doc": null,
                        "P_macro_doc_std": null,
                        "R_macro_doc_std": 0.0,
                        "F1_macro_doc_std": null
                    },
                    "strict": {
                        "correct": 0,
                        "incorrect": 0,
                        "partial": 0,
                        "missed": 3,
                        "spurious": 0,
                        "possible": 3,
                        "actual": 0,
                        "TP": 0,
                        "FP": 0,
                        "FN": 3,
                        "P_micro": 0,
                        "R_micro": 0.0,
                        "F1_micro": 0,
                        "P_macro_doc": null,
                        "R_macro_doc": 0.0,
                        "F1_macro_doc": null,
                        "P_macro_doc_std": null,
                        "R_macro_doc_std": 0.0,
                        "F1_macro_doc_std": null
                    },
                    "ent_type": {
                        "correct": 0,
                        "incorrect": 0,
                        "partial": 0,
                        "missed": 3,
                        "spurious": 0,
                        "possible": 3,
                        "actual": 0,
                        "TP": 0,
                        "FP": 0,
                        "FN": 3,
                        "P_micro": 0,
                        "R_micro": 0.0,
                        "F1_micro": 0,
                        "P_macro_doc": null,
                        "R_macro_doc": 0.0,
                        "F1_macro_doc": null,
                        "P_macro_doc_std": null,
                        "R_macro_doc_std": 0.0,
                        "F1_macro_doc_std": null
                    },
                    "exact": {
                        "correct": 0,
                        "incorrect": 0,
                        "partial": 0,
                        "missed": 3,
                        "spurious": 0,
                        "possible": 3,
                        "actual": 0,
                        "TP": 0,
                        "FP": 0,
                        "FN": 3,
                        "P_micro": 0,
                        "R_micro": 0.0,
                        "F1_micro": 0,
                        "P_macro_doc": null,
                        "R_macro_doc": 0.0,
                        "F1_macro_doc": null,
                        "P_macro_doc_std": null,
                        "R_macro_doc_std": 0.0,
                        "F1_macro_doc_std": null
                    }
                },
                "ALL": {
                    "partial": {
                        "correct": 21,
                        "incorrect": 0,
                        "partial": 0,
                        "missed": 5,
                        "spurious": 17,
                        "possible": 26,
                        "actual": 38,
                        "TP": 21,
                        "FP": 17,
                        "FN": 5,
                        "P_micro": 0.5526315789473685,
                        "R_micro": 0.8076923076923077,
                        "F1_micro": 0.6562500000000001,
                        "P_macro_doc": 0.7647058823529411,
                        "R_macro_doc": 0.7604166666666666,
                        "F1_macro_doc": 0.958974358974359,