{"dev": {"global": [{"loss": 0.007083830999077431, "precision": 0.7647058823529411, "recall": 0.5, "f1": 0.6046511627906976}, {"loss": 0.006634305102384782, "precision": 0.6774193548387096, "recall": 0.8076923076923077, "f1": 0.7368421052631579}, {"loss": 0.008487083953618172, "precision": 0.5555555555555556, "recall": 0.7692307692307693, "f1": 0.6451612903225806}], "sent-level": [null, null, null], "token-level": ["                                 precision    recall  f1-score   support\n\n        org.ent.pressagency.AFP     0.7778    1.0000    0.8750         7\n         org.ent.pressagency.AP     0.0000    0.0000    0.0000         2\n    org.ent.pressagency.ATS-SDA     0.0000    0.0000    0.0000         1\n        org.ent.pressagency.DNB     0.0000    0.0000    0.0000         1\norg.ent.pressagency.Europapress     0.0000    0.0000    0.0000         1\n      org.ent.pressagency.Extel     0.0000    0.0000    0.0000         1\n      org.ent.pressagency.Havas     0.0000    0.0000    0.0000         1\n    org.ent.pressagency.Reuters     1.0000    0.6667    0.8000         3\n     org.ent.pressagency.UP-UPI     0.6000    1.0000    0.7500         3\n      org.ent.pressagency.Wolff     0.0000    0.0000    0.0000         1\n         org.ent.pressagency.ag     1.0000    1.0000    1.0000         1\n        org.ent.pressagency.unk     0.0000    0.0000    0.0000         1\n         pers.ind.articleauthor     0.0000    0.0000    0.0000         3\n\n                      micro avg     0.7647    0.5000    0.6047        26\n                      macro avg     0.2598    0.2821    0.2635        26\n                   weighted avg     0.4325    0.5000    0.4529        26\n", "                                 precision    recall  f1-score   support\n\n        org.ent.pressagency.AFP     1.0000    1.0000    1.0000         7\n         org.ent.pressagency.AP     1.0000    1.0000    1.0000         2\n    org.ent.pressagency.ATS-SDA     0.2500    1.0000    0.4000         1\n        org.ent.pressagency.DNB     1.0000    1.0000    1.0000         1\norg.ent.pressagency.Europapress     1.0000    1.0000    1.0000         1\n      org.ent.pressagency.Extel     1.0000    1.0000    1.0000         1\n      org.ent.pressagency.Havas     0.0000    0.0000    0.0000         1\n    org.ent.pressagency.Reuters     0.5000    0.6667    0.5714         3\n     org.ent.pressagency.UP-UPI     1.0000    1.0000    1.0000         3\n      org.ent.pressagency.Wolff     1.0000    1.0000    1.0000         1\n         org.ent.pressagency.ag     1.0000    1.0000    1.0000         1\n        org.ent.pressagency.unk     0.5000    1.0000    0.6667         1\n         pers.ind.articleauthor     0.0000    0.0000    0.0000         3\n\n                      micro avg     0.6774    0.8077    0.7368        26\n                      macro avg     0.7115    0.8205    0.7414        26\n                   weighted avg     0.7404    0.8077    0.7608        26\n", "                                 precision    recall  f1-score   support\n\n        org.ent.pressagency.AFP     1.0000    1.0000    1.0000         7\n         org.ent.pressagency.AP     1.0000    1.0000    1.0000         2\n    org.ent.pressagency.ATS-SDA     0.3333    1.0000    0.5000         1\n        org.ent.pressagency.DNB     0.5000    1.0000    0.6667         1\norg.ent.pressagency.Europapress     0.5000    1.0000    0.6667         1\n      org.ent.pressagency.Extel     1.0000    1.0000    1.0000         1\n      org.ent.pressagency.Havas     0.0000    0.0000    0.0000         1\n    org.ent.pressagency.Reuters     0.6667    0.6667    0.6667         3\n     org.ent.pressagency.UP-UPI     1.0000    1.0000    1.0000         3\n      org.ent.pressagency.Wolff     1.0000    1.0000    1.0000         1\n         org.ent.pressagency.ag     1.0000    1.0000    1.0000         1\n        org.ent.pressagency.unk     0.0000    0.0000    0.0000         1\n         pers.ind.articleauthor     0.0000    0.0000    0.0000         3\n\n                      micro avg     0.5556    0.7692    0.6452        26\n                      macro avg     0.6154    0.7436    0.6538        26\n                   weighted avg     0.7051    0.7692    0.7244        26\n"]}, "test": {"global": {"loss": 0.005958873564796865, "precision": 0.8301886792452831, "recall": 0.8627450980392157, "f1": 0.8461538461538461}, "token-level": "                                 precision    recall  f1-score   support\n\n        org.ent.pressagency.AFP     1.0000    1.0000    1.0000         5\n         org.ent.pressagency.AP     1.0000    0.6667    0.8000         6\n    org.ent.pressagency.ATS-SDA     0.0000    0.0000    0.0000         0\n        org.ent.pressagency.DNB     1.0000    1.0000    1.0000         3\n        org.ent.pressagency.DPA     0.0000    0.0000    0.0000         0\norg.ent.pressagency.Europapress     1.0000    1.0000    1.0000         1\n      org.ent.pressagency.Extel     1.0000    1.0000    1.0000         1\n      org.ent.pressagency.Havas     0.7778    1.0000    0.8750         7\n    org.ent.pressagency.Reuters     1.0000    1.0000    1.0000         4\n     org.ent.pressagency.UP-UPI     0.6000    0.7500    0.6667         4\n      org.ent.pressagency.Wolff     1.0000    1.0000    1.0000         6\n         org.ent.pressagency.ag     0.8182    1.0000    0.9000         9\n        org.ent.pressagency.unk     0.5000    0.3333    0.4000         3\n         pers.ind.articleauthor     0.0000    0.0000    0.0000         2\n\n                      micro avg     0.8302    0.8627    0.8462        51\n                      macro avg     0.6926    0.6964    0.6887        51\n                   weighted avg     0.8374    0.8627    0.8410        51\n"}}