{
    "NE-COARSE-LIT": {
        "TIME-ALL": {
            "LED-ALL": {
                "ORG": {
                    "partial": {
                        "correct": 49,
                        "incorrect": 0,
                        "partial": 0,
                        "missed": 7,
                        "spurious": 6,
                        "possible": 56,
                        "actual": 55,
                        "TP": 49,
                        "FP": 6,
                        "FN": 7,
                        "P_micro": 0.8909090909090909,
                        "R_micro": 0.875,
                        "F1_micro": 0.8828828828828829,
                        "P_macro_doc": 0.7999999999999999,
                        "R_macro_doc": 0.951461038961039,
                        "F1_macro_doc": 0.9545972775074942,
                        "P_macro_doc_std": 0.3757345746510897,
                        "R_macro_doc_std": 0.11929918569520587,
                        "F1_macro_doc_std": 0.07997828944103996
                    },
                    "strict": {
                        "correct": 49,
                        "incorrect": 0,
                        "partial": 0,
                        "missed": 7,
                        "spurious": 6,
                        "possible": 56,
                        "actual": 55,
                        "TP": 49,
                        "FP": 6,
                        "FN": 7,
                        "P_micro": 0.8909090909090909,
                        "R_micro": 0.875,
                        "F1_micro": 0.8828828828828829,
                        "P_macro_doc": 0.7999999999999999,
                        "R_macro_doc": 0.951461038961039,
                        "F1_macro_doc": 0.9545972775074942,
                        "P_macro_doc_std": 0.3757345746510897,
                        "R_macro_doc_std": 0.11929918569520587,
                        "F1_macro_doc_std": 0.07997828944103996
                    },
                    "ent_type": {
                        "correct": 49,
                        "incorrect": 0,
                        "partial": 0,
                        "missed": 7,
                        "spurious": 6,
                        "possible": 56,
                        "actual": 55,
                        "TP": 49,
                        "FP": 6,
                        "FN": 7,
                        "P_micro": 0.8909090909090909,
                        "R_micro": 0.875,
                        "F1_micro": 0.8828828828828829,
                        "P_macro_doc": 0.7999999999999999,
                        "R_macro_doc": 0.951461038961039,
                        "F1_macro_doc": 0.9545972775074942,
                        "P_macro_doc_std": 0.3757345746510897,
                        "R_macro_doc_std": 0.11929918569520587,
                        "F1_macro_doc_std": 0.07997828944103996
                    },
                    "exact": {
                        "correct": 49,
                        "incorrect": 0,
                        "partial": 0,
                        "missed": 7,
                        "spurious": 6,
                        "possible": 56,
                        "actual": 55,
                        "TP": 49,
                        "FP": 6,
                        "FN": 7,
                        "P_micro": 0.8909090909090909,
                        "R_micro": 0.875,
                        "F1_micro": 0.8828828828828829,
                        "P_macro_doc": 0.7999999999999999,
                        "R_macro_doc": 0.951461038961039,
                        "F1_macro_doc": 0.9545972775074942,
                        "P_macro_doc_std": 0.3757345746510897,
                        "R_macro_doc_std": 0.11929918569520587,
                        "F1_macro_doc_std": 0.07997828944103996
                    }
                },
                "PERS": {
                    "partial": {
                        "correct": 0,
                        "incorrect": 0,
                        "partial": 0,
                        "missed": 2,
                        "spurious": 1,
                        "possible": 2,
                        "actual": 1,
                        "TP": 0,
                        "FP": 1,
                        "FN": 2,
                        "P_micro": 0.0,
                        "R_micro": 0.0,
                        "F1_micro": 0,
                        "P_macro_doc": 0.0,
                        "R_macro_doc": 0.0,
                        "F1_macro_doc": null,
                        "P_macro_doc_std": 0.0,
                        "R_macro_doc_std": 0.0,
                        "F1_macro_doc_std": null
                    },
                    "strict": {
                        "correct": 0,
                        "incorrect": 0,
                        "partial": 0,
                        "missed": 2,
                        "spurious": 1,
                        "possible": 2,
                        "actual": 1,
                        "TP": 0,
                        "FP": 1,
                        "FN": 2,
                        "P_micro": 0.0,
                        "R_micro": 0.0,
                        "F1_micro": 0,
                        "P_macro_doc": 0.0,
                        "R_macro_doc": 0.0,
                        "F1_macro_doc": null,
                        "P_macro_doc_std": 0.0,
                        "R_macro_doc_std": 0.0,
                        "F1_macro_doc_std": null
                    },
                    "ent_type": {
                        "correct": 0,
                        "incorrect": 0,
                        "partial": 0,
                        "missed": 2,
                        "spurious": 1,
                        "possible": 2,
                        "actual": 1,
                        "TP": 0,
                        "FP": 1,
                        "FN": 2,
                        "P_micro": 0.0,
                        "R_micro": 0.0,
                        "F1_micro": 0,
                        "P_macro_doc": 0.0,
                        "R_macro_doc": 0.0,
                        "F1_macro_doc": null,
                        "P_macro_doc_std": 0.0,
                        "R_macro_doc_std": 0.0,
                        "F1_macro_doc_std": null
                    },
                    "exact": {
                        "correct": 0,
                        "incorrect": 0,
                        "partial": 0,
                        "missed": 2,
                        "spurious": 1,
                        "possible": 2,
                        "actual": 1,
                        "TP": 0,
                        "FP": 1,
                        "FN": 2,
                        "P_micro": 0.0,
                        "R_micro": 0.0,
                        "F1_micro": 0,
                        "P_macro_doc": 0.0,
                        "R_macro_doc": 0.0,
                        "F1_macro_doc": null,
                        "P_macro_doc_std": 0.0,
                        "R_macro_doc_std": 0.0,
                        "F1_macro_doc_std": null
                    }
                },
                "ALL": {
                    "partial": {
                        "correct": 49,
                        "incorrect": 0,
                        "partial": 0,
                        "missed": 9,
                        "spurious": 7,
                        "possible": 58,
                        "actual": 56,
                        "TP": 49,
                        "FP": 7,
                        "FN": 9,
                        "P_micro": 0.875,
                        "R_micro": 0.8448275862068966,
                        "F1_micro": 0.8596491228070176,
                        "P_macro_doc": 0.7555555555555555,
                        "R_macro_doc": 0.9038419913419913,
                        "F1_macro_doc": 0.9188829917932085,