{"dev": {"global": [{"loss": 0.010109270397335647, "precision": 0.717948717948718, "recall": 0.5, "f1": 0.5894736842105263}, {"loss": 0.009719332031891917, "precision": 0.4807692307692308, "recall": 0.6696428571428571, "f1": 0.5597014925373134}, {"loss": 0.007224354645177811, "precision": 0.6915887850467289, "recall": 0.6607142857142857, "f1": 0.6757990867579908}], "sent-level": [null, null, null], "token-level": ["                             precision    recall  f1-score   support\n\n    org.ent.pressagency.AFP     0.7000    0.5000    0.5833        14\n     org.ent.pressagency.AP     1.0000    0.5000    0.6667         8\norg.ent.pressagency.ATS-SDA     1.0000    0.2083    0.3448        24\n    org.ent.pressagency.DNB     0.0000    0.0000    0.0000         3\n  org.ent.pressagency.Extel     0.0000    0.0000    0.0000         1\n  org.ent.pressagency.Havas     0.7586    0.8462    0.8000        26\norg.ent.pressagency.Reuters     0.8333    0.7895    0.8108        19\norg.ent.pressagency.Stefani     0.0000    0.0000    0.0000         1\n org.ent.pressagency.UP-UPI     0.0000    0.0000    0.0000         4\n  org.ent.pressagency.Wolff     0.2727    1.0000    0.4286         3\n     org.ent.pressagency.ag     0.0000    0.0000    0.0000         1\n    org.ent.pressagency.unk     0.0000    0.0000    0.0000         4\n     pers.ind.articleauthor     0.0000    0.0000    0.0000         4\n\n                  micro avg     0.7179    0.5000    0.5895       112\n                  macro avg     0.3511    0.2957    0.2796       112\n               weighted avg     0.6980    0.5000    0.5292       112\n", "                             precision    recall  f1-score   support\n\n    org.ent.pressagency.AFP     0.7059    0.8571    0.7742        14\n     org.ent.pressagency.AP     0.8000    0.5000    0.6154         8\norg.ent.pressagency.ATS-SDA     0.2838    0.8750    0.4286        24\n    org.ent.pressagency.DNB     0.0000    0.0000    0.0000         3\n  org.ent.pressagency.Extel     0.0000    0.0000    0.0000         1\n  org.ent.pressagency.Havas     0.5789    0.8462    0.6875        26\norg.ent.pressagency.Reuters     0.8571    0.6316    0.7273        19\norg.ent.pressagency.Stefani     0.0000    0.0000    0.0000         1\n org.ent.pressagency.UP-UPI     0.5000    0.5000    0.5000         4\n  org.ent.pressagency.Wolff     0.6667    0.6667    0.6667         3\n     org.ent.pressagency.ag     0.0000    0.0000    0.0000         1\n    org.ent.pressagency.unk     0.0000    0.0000    0.0000         4\n     pers.ind.articleauthor     0.0000    0.0000    0.0000         4\n\n                  micro avg     0.4808    0.6696    0.5597       112\n                  macro avg     0.3379    0.3751    0.3384       112\n               weighted avg     0.5217    0.6696    0.5513       112\n", "                             precision    recall  f1-score   support\n\n    org.ent.pressagency.AFP     0.6316    0.8571    0.7273        14\n     org.ent.pressagency.AP     0.8333    0.6250    0.7143         8\norg.ent.pressagency.ATS-SDA     0.5926    0.6667    0.6275        24\n    org.ent.pressagency.DNB     0.0000    0.0000    0.0000         3\n  org.ent.pressagency.Extel     0.0000    0.0000    0.0000         1\n  org.ent.pressagency.Havas     0.7500    0.8077    0.7778        26\norg.ent.pressagency.Reuters     0.8333    0.7895    0.8108        19\norg.ent.pressagency.Stefani     0.0000    0.0000    0.0000         1\n org.ent.pressagency.UP-UPI     0.6667    0.5000    0.5714         4\n  org.ent.pressagency.Wolff     0.7500    1.0000    0.8571         3\n     org.ent.pressagency.ag     0.0000    0.0000    0.0000         1\n    org.ent.pressagency.unk     0.0000    0.0000    0.0000         4\n     pers.ind.articleauthor     0.0000    0.0000    0.0000         4\n\n                  micro avg     0.6916    0.6607    0.6758       112\n                  macro avg     0.3890    0.4035    0.3912       112\n               weighted avg     0.6248    0.6607    0.6379       112\n"]}, "test": {"global": {"loss": 0.010072041639985159, "precision": 0.6714285714285714, "recall": 0.5911949685534591, "f1": 0.62876254180602}, "token-level": "                             precision    recall  f1-score   support\n\n    org.ent.pressagency.AFP     0.6667    0.9000    0.7660        20\n   org.ent.pressagency.ANSA     0.0000    0.0000    0.0000         1\n     org.ent.pressagency.AP     0.7500    1.0000    0.8571         6\n    org.ent.pressagency.APA     0.0000    0.0000    0.0000         1\norg.ent.pressagency.ATS-SDA     0.7391    0.7391    0.7391        23\n    org.ent.pressagency.DNB     0.0000    0.0000    0.0000         3\n    org.ent.pressagency.DPA     0.3333    0.5000    0.4000         2\n  org.ent.pressagency.Havas     0.7143    0.7353    0.7246        34\n   org.ent.pressagency.Kipa     0.0000    0.0000    0.0000         1\norg.ent.pressagency.Reuters     0.9048    0.6786    0.7755        28\norg.ent.pressagency.Stefani     1.0000    1.0000    1.0000         2\n org.ent.pressagency.UP-UPI     0.5556    0.3571    0.4348        14\n  org.ent.pressagency.Wolff     0.1667    0.2500    0.2000         4\n org.ent.pressagency.Xinhua     0.0000    0.0000    0.0000         1\n     org.ent.pressagency.ag     0.0000    0.0000    0.0000         3\n    org.ent.pressagency.unk     0.0000    0.0000    0.0000         7\n     pers.ind.articleauthor     0.0000    0.0000    0.0000         9\n\n                  micro avg     0.6714    0.5912    0.6288       159\n                  macro avg     0.3430    0.3624    0.3469       159\n               weighted avg     0.6010    0.5912    0.5881       159\n"}}