{
    "NE-COARSE-LIT": {
        "TIME-ALL": {
            "LED-ALL": {
                "ORG": {
                    "partial": {
                        "correct": 126,
                        "incorrect": 0,
                        "partial": 11,
                        "missed": 17,
                        "spurious": 16,
                        "possible": 154,
                        "actual": 153,
                        "TP": 126,
                        "FP": 27,
                        "FN": 28,
                        "P_micro": 0.8594771241830066,
                        "R_micro": 0.8538961038961039,
                        "F1_micro": 0.8566775244299675,
                        "P_macro_doc": 0.86991341991342,
                        "R_macro_doc": 0.8693833943833945,
                        "F1_macro_doc": 0.8825655085655086,
                        "P_macro_doc_std": 0.28275391430300684,
                        "R_macro_doc_std": 0.2678363102355829,
                        "F1_macro_doc_std": 0.2294381597463972
                    },
                    "strict": {
                        "correct": 125,
                        "incorrect": 12,
                        "partial": 0,
                        "missed": 17,
                        "spurious": 16,
                        "possible": 154,
                        "actual": 153,
                        "TP": 125,
                        "FP": 28,
                        "FN": 29,
                        "P_micro": 0.8169934640522876,
                        "R_micro": 0.8116883116883117,
                        "F1_micro": 0.8143322475570034,
                        "P_macro_doc": 0.8335497835497836,
                        "R_macro_doc": 0.8218406593406593,
                        "F1_macro_doc": 0.8414755614755615,
                        "P_macro_doc_std": 0.34211899639563775,
                        "R_macro_doc_std": 0.34845068715442323,
                        "F1_macro_doc_std": 0.31222997192755286
                    },
                    "ent_type": {
                        "correct": 135,
                        "incorrect": 2,
                        "partial": 0,
                        "missed": 17,
                        "spurious": 16,
                        "possible": 154,
                        "actual": 153,
                        "TP": 135,
                        "FP": 18,
                        "FN": 19,
                        "P_micro": 0.8823529411764706,
                        "R_micro": 0.8766233766233766,
                        "F1_micro": 0.8794788273615635,
                        "P_macro_doc": 0.8971861471861471,
                        "R_macro_doc": 0.9092338217338217,
                        "F1_macro_doc": 0.9150628630628631,
                        "P_macro_doc_std": 0.25156655784502197,
                        "R_macro_doc_std": 0.24725395930075705,
                        "F1_macro_doc_std": 0.18578281376080127
                    },
                    "exact": {
                        "correct": 126,
                        "incorrect": 11,
                        "partial": 0,
                        "missed": 17,
                        "spurious": 16,
                        "possible": 154,
                        "actual": 153,
                        "TP": 126,
                        "FP": 27,
                        "FN": 28,
                        "P_micro": 0.8235294117647058,
                        "R_micro": 0.8181818181818182,
                        "F1_micro": 0.8208469055374593,
                        "P_macro_doc": 0.8367965367965369,
                        "R_macro_doc": 0.824404761904762,
                        "F1_macro_doc": 0.8444385244385245,
                        "P_macro_doc_std": 0.3424967496747812,
                        "R_macro_doc_std": 0.34754349779901744,
                        "F1_macro_doc_std": 0.3116108275919209
                    }
                },
                "PERS": {
                    "partial": {
                        "correct": 0,
                        "incorrect": 0,
                        "partial": 0,
                        "missed": 9,
                        "spurious": 4,
                        "possible": 9,
                        "actual": 4,
                        "TP": 0,
                        "FP": 4,
                        "FN": 9,
                        "P_micro": 0.0,
                        "R_micro": 0.0,
                        "F1_micro": 0,
                        "P_macro_doc": 0.0,
                        "R_macro_doc": 0.0,
                        "F1_macro_doc": null,
                        "P_macro_doc_std": 0.0,
                        "R_macro_doc_std": 0.0,
                        "F1_macro_doc_std": null
                    },
                    "strict": {
                        "correct": 0,
                        "incorrect": 0,
                        "partial": 0,
                        "missed": 9,
                        "spurious": 4,
                        "possible": 9,
                        "actual": 4,
                        "TP": 0,
                        "FP": 4,
                        "FN": 9,
                        "P_micro": 0.0,
                        "R_micro": 0.0,
                        "F1_micro": 0,
                        "P_macro_doc": 0.0,
                        "R_macro_doc": 0.0,
                        "F1_macro_doc": null,
                        "P_macro_doc_std": 0.0,
                        "R_macro_doc_std": 0.0,
                        "F1_macro_doc_std": null
                    },
                    "ent_type": {
                        "correct": 0,
                        "incorrect": 0,
                        "partial": 0,
                        "missed": 9,
                        "spurious": 4,
                        "possible": 9,
                        "actual": 4,
                        "TP": 0,
                        "FP": 4,
                        "FN": 9,
                        "P_micro": 0.0,
                        "R_micro": 0.0,
                        "F1_micro": 0,
                        "P_macro_doc": 0.0,
                        "R_macro_doc": 0.0,
                        "F1_macro_doc": null,
                        "P_macro_doc_std": 0.0,
                        "R_macro_doc_std": 0.0,
                        "F1_macro_doc_std": null
                    },
                    "exact": {
                        "correct": 0,
                        "incorrect": 0,
                        "partial": 0,
                        "missed": 9,
                        "spurious": 4,
                        "possible": 9,
                        "actual": 4,
                        "TP": 0,
                        "FP": 4,
                        "FN": 9,
                        "P_micro": 0.0,
                        "R_micro": 0.0,
                        "F1_micro": 0,
                        "P_macro_doc": 0.0,
                        "R_macro_doc": 0.0,
                        "F1_macro_doc": null,
                        "P_macro_doc_std": 0.0,
                        "R_macro_doc_std": 0.0,
                        "F1_macro_doc_std": null
                    }
                },
                "ALL": {
                    "partial": {
                        "correct": 126,
                        "incorrect": 0,
                        "partial": 11,
                        "missed": 26,
                        "spurious": 20,
                        "possible": 163,
                        "actual": 157,
                        "TP": 126,
                        "FP": 31,
                        "FN": 37,
                        "P_micro": 0.8375796178343949,
                        "R_micro": 0.8067484662576687,
                        "F1_micro": 0.821875,
                        "P_macro_doc": 0.8518162393162393,