{
    "NE-COARSE-LIT": {
        "TIME-ALL": {
            "LED-ALL": {
                "ORG": {
                    "partial": {
                        "correct": 115,
                        "incorrect": 0,
                        "partial": 10,
                        "missed": 29,
                        "spurious": 53,
                        "possible": 154,
                        "actual": 178,
                        "TP": 115,
                        "FP": 63,
                        "FN": 39,
                        "P_micro": 0.6741573033707865,
                        "R_micro": 0.7792207792207793,
                        "F1_micro": 0.7228915662650602,
                        "P_macro_doc": 0.5747702589807853,
                        "R_macro_doc": 0.8021062271062271,
                        "F1_macro_doc": 0.8684178834863766,
                        "P_macro_doc_std": 0.4672896970698289,
                        "R_macro_doc_std": 0.31392915096819335,
                        "F1_macro_doc_std": 0.22558590439281742
                    },
                    "strict": {
                        "correct": 115,
                        "incorrect": 10,
                        "partial": 0,
                        "missed": 29,
                        "spurious": 53,
                        "possible": 154,
                        "actual": 178,
                        "TP": 115,
                        "FP": 63,
                        "FN": 39,
                        "P_micro": 0.6460674157303371,
                        "R_micro": 0.7467532467532467,
                        "F1_micro": 0.6927710843373494,
                        "P_macro_doc": 0.5389515455304928,
                        "R_macro_doc": 0.7514652014652015,
                        "F1_macro_doc": 0.8136233629384314,
                        "P_macro_doc_std": 0.4870684359465305,
                        "R_macro_doc_std": 0.38632265419761763,
                        "F1_macro_doc_std": 0.33501302376507947
                    },
                    "ent_type": {
                        "correct": 125,
                        "incorrect": 0,
                        "partial": 0,
                        "missed": 29,
                        "spurious": 53,
                        "possible": 154,
                        "actual": 178,
                        "TP": 125,
                        "FP": 53,
                        "FN": 29,
                        "P_micro": 0.702247191011236,
                        "R_micro": 0.8116883116883117,
                        "F1_micro": 0.753012048192771,
                        "P_macro_doc": 0.6105889724310777,
                        "R_macro_doc": 0.8527472527472528,
                        "F1_macro_doc": 0.9232124040343218,
                        "P_macro_doc_std": 0.48027623672859726,
                        "R_macro_doc_std": 0.3003810971965103,
                        "F1_macro_doc_std": 0.18684019502978821
                    },
                    "exact": {
                        "correct": 115,
                        "incorrect": 10,
                        "partial": 0,
                        "missed": 29,
                        "spurious": 53,
                        "possible": 154,
                        "actual": 178,
                        "TP": 115,
                        "FP": 63,
                        "FN": 39,
                        "P_micro": 0.6460674157303371,
                        "R_micro": 0.7467532467532467,
                        "F1_micro": 0.6927710843373494,
                        "P_macro_doc": 0.5389515455304928,
                        "R_macro_doc": 0.7514652014652015,
                        "F1_macro_doc": 0.8136233629384314,
                        "P_macro_doc_std": 0.4870684359465305,
                        "R_macro_doc_std": 0.38632265419761763,
                        "F1_macro_doc_std": 0.33501302376507947
                    }
                },
                "PERS": {
                    "partial": {
                        "correct": 0,
                        "incorrect": 0,
                        "partial": 0,
                        "missed": 9,
                        "spurious": 0,
                        "possible": 9,
                        "actual": 0,
                        "TP": 0,
                        "FP": 0,
                        "FN": 9,
                        "P_micro": 0,
                        "R_micro": 0.0,
                        "F1_micro": 0,
                        "P_macro_doc": null,
                        "R_macro_doc": 0.0,
                        "F1_macro_doc": null,
                        "P_macro_doc_std": null,
                        "R_macro_doc_std": 0.0,
                        "F1_macro_doc_std": null
                    },
                    "strict": {
                        "correct": 0,
                        "incorrect": 0,
                        "partial": 0,
                        "missed": 9,
                        "spurious": 0,
                        "possible": 9,
                        "actual": 0,
                        "TP": 0,
                        "FP": 0,
                        "FN": 9,
                        "P_micro": 0,
                        "R_micro": 0.0,
                        "F1_micro": 0,
                        "P_macro_doc": null,
                        "R_macro_doc": 0.0,
                        "F1_macro_doc": null,
                        "P_macro_doc_std": null,
                        "R_macro_doc_std": 0.0,
                        "F1_macro_doc_std": null
                    },
                    "ent_type": {
                        "correct": 0,
                        "incorrect": 0,
                        "partial": 0,
                        "missed": 9,
                        "spurious": 0,
                        "possible": 9,
                        "actual": 0,
                        "TP": 0,
                        "FP": 0,
                        "FN": 9,
                        "P_micro": 0,
                        "R_micro": 0.0,
                        "F1_micro": 0,
                        "P_macro_doc": null,
                        "R_macro_doc": 0.0,
                        "F1_macro_doc": null,
                        "P_macro_doc_std": null,
                        "R_macro_doc_std": 0.0,
                        "F1_macro_doc_std": null
                    },
                    "exact": {
                        "correct": 0,
                        "incorrect": 0,
                        "partial": 0,
                        "missed": 9,
                        "spurious": 0,
                        "possible": 9,
                        "actual": 0,
                        "TP": 0,
                        "FP": 0,
                        "FN": 9,
                        "P_micro": 0,
                        "R_micro": 0.0,
                        "F1_micro": 0,
                        "P_macro_doc": null,
                        "R_macro_doc": 0.0,
                        "F1_macro_doc": null,
                        "P_macro_doc_std": null,
                        "R_macro_doc_std": 0.0,
                        "F1_macro_doc_std": null
                    }
                },
                "ALL": {
                    "partial": {
                        "correct": 115,
                        "incorrect": 0,
                        "partial": 10,
                        "missed": 38,
                        "spurious": 53,
                        "possible": 163,
                        "actual": 178,
                        "TP": 115,
                        "FP": 63,
                        "FN": 48,
                        "P_micro": 0.6741573033707865,
                        "R_micro": 0.7361963190184049,
                        "F1_micro": 0.7038123167155425,
                        "P_macro_doc": 0.5747702589807853,