{
    "NE-COARSE-LIT": {
        "TIME-ALL": {
            "LED-ALL": {
                "ORG": {
                    "partial": {
                        "correct": 49,
                        "incorrect": 0,
                        "partial": 1,
                        "missed": 6,
                        "spurious": 9,
                        "possible": 56,
                        "actual": 59,
                        "TP": 49,
                        "FP": 10,
                        "FN": 7,
                        "P_micro": 0.8389830508474576,
                        "R_micro": 0.8839285714285714,
                        "F1_micro": 0.8608695652173912,
                        "P_macro_doc": 0.7810160427807487,
                        "R_macro_doc": 0.9550324675324676,
                        "F1_macro_doc": 0.9435070519435845,
                        "P_macro_doc_std": 0.37113994629102687,
                        "R_macro_doc_std": 0.11845055164222801,
                        "F1_macro_doc_std": 0.0838329104237045
                    },
                    "strict": {
                        "correct": 49,
                        "incorrect": 1,
                        "partial": 0,
                        "missed": 6,
                        "spurious": 9,
                        "possible": 56,
                        "actual": 59,
                        "TP": 49,
                        "FP": 10,
                        "FN": 7,
                        "P_micro": 0.8305084745762712,
                        "R_micro": 0.875,
                        "F1_micro": 0.8521739130434782,
                        "P_macro_doc": 0.7780748663101604,
                        "R_macro_doc": 0.951461038961039,
                        "F1_macro_doc": 0.939935623372156,
                        "P_macro_doc_std": 0.3699854656059401,
                        "R_macro_doc_std": 0.11929918569520587,
                        "F1_macro_doc_std": 0.08454226751298137
                    },
                    "ent_type": {
                        "correct": 50,
                        "incorrect": 0,
                        "partial": 0,
                        "missed": 6,
                        "spurious": 9,
                        "possible": 56,
                        "actual": 59,
                        "TP": 50,
                        "FP": 9,
                        "FN": 6,
                        "P_micro": 0.847457627118644,
                        "R_micro": 0.8928571428571429,
                        "F1_micro": 0.8695652173913044,
                        "P_macro_doc": 0.783957219251337,
                        "R_macro_doc": 0.9586038961038961,
                        "F1_macro_doc": 0.9470784805150131,
                        "P_macro_doc_std": 0.37266243614719863,
                        "R_macro_doc_std": 0.11899749289047333,
                        "F1_macro_doc_std": 0.08508907918788662
                    },
                    "exact": {
                        "correct": 49,
                        "incorrect": 1,
                        "partial": 0,
                        "missed": 6,
                        "spurious": 9,
                        "possible": 56,
                        "actual": 59,
                        "TP": 49,
                        "FP": 10,
                        "FN": 7,
                        "P_micro": 0.8305084745762712,
                        "R_micro": 0.875,
                        "F1_micro": 0.8521739130434782,
                        "P_macro_doc": 0.7780748663101604,
                        "R_macro_doc": 0.951461038961039,
                        "F1_macro_doc": 0.939935623372156,
                        "P_macro_doc_std": 0.3699854656059401,
                        "R_macro_doc_std": 0.11929918569520587,
                        "F1_macro_doc_std": 0.08454226751298137
                    }
                },
                "PERS": {
                    "partial": {
                        "correct": 0,
                        "incorrect": 0,
                        "partial": 0,
                        "missed": 2,
                        "spurious": 0,
                        "possible": 2,
                        "actual": 0,
                        "TP": 0,
                        "FP": 0,
                        "FN": 2,
                        "P_micro": 0,
                        "R_micro": 0.0,
                        "F1_micro": 0,
                        "P_macro_doc": null,
                        "R_macro_doc": 0.0,
                        "F1_macro_doc": null,
                        "P_macro_doc_std": null,
                        "R_macro_doc_std": 0.0,
                        "F1_macro_doc_std": null
                    },
                    "strict": {
                        "correct": 0,
                        "incorrect": 0,
                        "partial": 0,
                        "missed": 2,
                        "spurious": 0,
                        "possible": 2,
                        "actual": 0,
                        "TP": 0,
                        "FP": 0,
                        "FN": 2,
                        "P_micro": 0,
                        "R_micro": 0.0,
                        "F1_micro": 0,
                        "P_macro_doc": null,
                        "R_macro_doc": 0.0,
                        "F1_macro_doc": null,
                        "P_macro_doc_std": null,
                        "R_macro_doc_std": 0.0,
                        "F1_macro_doc_std": null
                    },
                    "ent_type": {
                        "correct": 0,
                        "incorrect": 0,
                        "partial": 0,
                        "missed": 2,
                        "spurious": 0,
                        "possible": 2,
                        "actual": 0,
                        "TP": 0,
                        "FP": 0,
                        "FN": 2,
                        "P_micro": 0,
                        "R_micro": 0.0,
                        "F1_micro": 0,
                        "P_macro_doc": null,
                        "R_macro_doc": 0.0,
                        "F1_macro_doc": null,
                        "P_macro_doc_std": null,
                        "R_macro_doc_std": 0.0,
                        "F1_macro_doc_std": null
                    },
                    "exact": {
                        "correct": 0,
                        "incorrect": 0,
                        "partial": 0,
                        "missed": 2,
                        "spurious": 0,
                        "possible": 2,
                        "actual": 0,
                        "TP": 0,
                        "FP": 0,
                        "FN": 2,
                        "P_micro": 0,
                        "R_micro": 0.0,
                        "F1_micro": 0,
                        "P_macro_doc": null,
                        "R_macro_doc": 0.0,
                        "F1_macro_doc": null,
                        "P_macro_doc_std": null,
                        "R_macro_doc_std": 0.0,
                        "F1_macro_doc_std": null
                    }
                },
                "ALL": {
                    "partial": {
                        "correct": 49,
                        "incorrect": 0,
                        "partial": 1,
                        "missed": 8,
                        "spurious": 9,
                        "possible": 58,
                        "actual": 59,
                        "TP": 49,
                        "FP": 10,
                        "FN": 9,
                        "P_micro": 0.8389830508474576,
                        "R_micro": 0.853448275862069,
                        "F1_micro": 0.8461538461538461,
                        "P_macro_doc": 0.7810160427807487,
                        "R_macro_doc": 0.9074134199134198,