{
    "NE-COARSE-LIT": {
        "TIME-ALL": {
            "LED-ALL": {
                "ORG": {
                    "partial": {
                        "correct": 47,
                        "incorrect": 0,
                        "partial": 2,
                        "missed": 7,
                        "spurious": 10,
                        "possible": 56,
                        "actual": 59,
                        "TP": 47,
                        "FP": 12,
                        "FN": 9,
                        "P_micro": 0.8135593220338984,
                        "R_micro": 0.8571428571428571,
                        "F1_micro": 0.8347826086956522,
                        "P_macro_doc": 0.7307870370370371,
                        "R_macro_doc": 0.937987012987013,
                        "F1_macro_doc": 0.9343054765765955,
                        "P_macro_doc_std": 0.4008987272657767,
                        "R_macro_doc_std": 0.11177180886765523,
                        "F1_macro_doc_std": 0.09180929595467757
                    },
                    "strict": {
                        "correct": 47,
                        "incorrect": 2,
                        "partial": 0,
                        "missed": 7,
                        "spurious": 10,
                        "possible": 56,
                        "actual": 59,
                        "TP": 47,
                        "FP": 12,
                        "FN": 9,
                        "P_micro": 0.7966101694915254,
                        "R_micro": 0.8392857142857143,
                        "F1_micro": 0.8173913043478261,
                        "P_macro_doc": 0.7245370370370371,
                        "R_macro_doc": 0.9311688311688312,
                        "F1_macro_doc": 0.9269746495089263,
                        "P_macro_doc_std": 0.39797396060498214,
                        "R_macro_doc_std": 0.11979243588133409,
                        "F1_macro_doc_std": 0.09863314560348109
                    },
                    "ent_type": {
                        "correct": 49,
                        "incorrect": 0,
                        "partial": 0,
                        "missed": 7,
                        "spurious": 10,
                        "possible": 56,
                        "actual": 59,
                        "TP": 49,
                        "FP": 10,
                        "FN": 7,
                        "P_micro": 0.8305084745762712,
                        "R_micro": 0.875,
                        "F1_micro": 0.8521739130434782,
                        "P_macro_doc": 0.7370370370370369,
                        "R_macro_doc": 0.9448051948051948,
                        "F1_macro_doc": 0.9416363036442646,
                        "P_macro_doc_std": 0.40458619141362057,
                        "R_macro_doc_std": 0.10580630348571639,
                        "F1_macro_doc_std": 0.08817473107075165
                    },
                    "exact": {
                        "correct": 47,
                        "incorrect": 2,
                        "partial": 0,
                        "missed": 7,
                        "spurious": 10,
                        "possible": 56,
                        "actual": 59,
                        "TP": 47,
                        "FP": 12,
                        "FN": 9,
                        "P_micro": 0.7966101694915254,
                        "R_micro": 0.8392857142857143,
                        "F1_micro": 0.8173913043478261,
                        "P_macro_doc": 0.7245370370370371,
                        "R_macro_doc": 0.9311688311688312,
                        "F1_macro_doc": 0.9269746495089263,
                        "P_macro_doc_std": 0.39797396060498214,
                        "R_macro_doc_std": 0.11979243588133409,
                        "F1_macro_doc_std": 0.09863314560348109
                    }
                },
                "PERS": {
                    "partial": {
                        "correct": 0,
                        "incorrect": 0,
                        "partial": 0,
                        "missed": 2,
                        "spurious": 0,
                        "possible": 2,
                        "actual": 0,
                        "TP": 0,
                        "FP": 0,
                        "FN": 2,
                        "P_micro": 0,
                        "R_micro": 0.0,
                        "F1_micro": 0,
                        "P_macro_doc": null,
                        "R_macro_doc": 0.0,
                        "F1_macro_doc": null,
                        "P_macro_doc_std": null,
                        "R_macro_doc_std": 0.0,
                        "F1_macro_doc_std": null
                    },
                    "strict": {
                        "correct": 0,
                        "incorrect": 0,
                        "partial": 0,
                        "missed": 2,
                        "spurious": 0,
                        "possible": 2,
                        "actual": 0,
                        "TP": 0,
                        "FP": 0,
                        "FN": 2,
                        "P_micro": 0,
                        "R_micro": 0.0,
                        "F1_micro": 0,
                        "P_macro_doc": null,
                        "R_macro_doc": 0.0,
                        "F1_macro_doc": null,
                        "P_macro_doc_std": null,
                        "R_macro_doc_std": 0.0,
                        "F1_macro_doc_std": null
                    },
                    "ent_type": {
                        "correct": 0,
                        "incorrect": 0,
                        "partial": 0,
                        "missed": 2,
                        "spurious": 0,
                        "possible": 2,
                        "actual": 0,
                        "TP": 0,
                        "FP": 0,
                        "FN": 2,
                        "P_micro": 0,
                        "R_micro": 0.0,
                        "F1_micro": 0,
                        "P_macro_doc": null,
                        "R_macro_doc": 0.0,
                        "F1_macro_doc": null,
                        "P_macro_doc_std": null,
                        "R_macro_doc_std": 0.0,
                        "F1_macro_doc_std": null
                    },
                    "exact": {
                        "correct": 0,
                        "incorrect": 0,
                        "partial": 0,
                        "missed": 2,
                        "spurious": 0,
                        "possible": 2,
                        "actual": 0,
                        "TP": 0,
                        "FP": 0,
                        "FN": 2,
                        "P_micro": 0,
                        "R_micro": 0.0,
                        "F1_micro": 0,
                        "P_macro_doc": null,
                        "R_macro_doc": 0.0,
                        "F1_macro_doc": null,
                        "P_macro_doc_std": null,
                        "R_macro_doc_std": 0.0,
                        "F1_macro_doc_std": null
                    }
                },
                "ALL": {
                    "partial": {
                        "correct": 47,
                        "incorrect": 0,
                        "partial": 2,
                        "missed": 9,
                        "spurious": 10,
                        "possible": 58,
                        "actual": 59,
                        "TP": 47,
                        "FP": 12,
                        "FN": 11,
                        "P_micro": 0.8135593220338984,
                        "R_micro": 0.8275862068965517,
                        "F1_micro": 0.8205128205128206,
                        "P_macro_doc": 0.7307870370370371,
                        "R_macro_doc": 0.8903679653679654,