{"dev": {"global": [{"loss": 0.0064921895150161744, "precision": 0.7272727272727273, "recall": 0.6153846153846154, "f1": 0.6666666666666667}, {"loss": 0.004636996088915372, "precision": 0.84, "recall": 0.8076923076923077, "f1": 0.8235294117647058}, {"loss": 0.007584375529508439, "precision": 0.6451612903225806, "recall": 0.7692307692307693, "f1": 0.7017543859649122}], "sent-level": [null, null, null], "token-level": ["                                 precision    recall  f1-score   support\n\n        org.ent.pressagency.AFP     1.0000    1.0000    1.0000         7\n         org.ent.pressagency.AP     0.0000    0.0000    0.0000         2\n    org.ent.pressagency.ATS-SDA     0.0000    0.0000    0.0000         1\n        org.ent.pressagency.DNB     1.0000    1.0000    1.0000         1\n        org.ent.pressagency.DPA     0.0000    0.0000    0.0000         0\norg.ent.pressagency.Europapress     1.0000    1.0000    1.0000         1\n      org.ent.pressagency.Extel     1.0000    1.0000    1.0000         1\n      org.ent.pressagency.Havas     0.0000    0.0000    0.0000         1\n    org.ent.pressagency.Reuters     0.6667    0.6667    0.6667         3\n    org.ent.pressagency.SPK-SMP     0.0000    0.0000    0.0000         0\n     org.ent.pressagency.UP-UPI     0.6000    1.0000    0.7500         3\n      org.ent.pressagency.Wolff     0.0000    0.0000    0.0000         1\n         org.ent.pressagency.ag     1.0000    1.0000    1.0000         1\n        org.ent.pressagency.unk     0.0000    0.0000    0.0000         1\n         pers.ind.articleauthor     0.0000    0.0000    0.0000         3\n\n                      micro avg     0.7273    0.6154    0.6667        26\n                      macro avg     0.4178    0.4444    0.4278        26\n                   weighted avg     0.5692    0.6154    0.5865        26\n", "                                 precision    recall  f1-score   support\n\n        org.ent.pressagency.AFP     1.0000    1.0000    1.0000         7\n         org.ent.pressagency.AP     1.0000    1.0000    1.0000         2\n    org.ent.pressagency.ATS-SDA     0.0000    0.0000    0.0000         1\n        org.ent.pressagency.DNB     1.0000    1.0000    1.0000         1\norg.ent.pressagency.Europapress     1.0000    1.0000    1.0000         1\n      org.ent.pressagency.Extel     1.0000    1.0000    1.0000         1\n      org.ent.pressagency.Havas     0.3333    1.0000    0.5000         1\n    org.ent.pressagency.Reuters     0.5000    0.6667    0.5714         3\n     org.ent.pressagency.UP-UPI     1.0000    1.0000    1.0000         3\n      org.ent.pressagency.Wolff     1.0000    1.0000    1.0000         1\n         org.ent.pressagency.ag     1.0000    1.0000    1.0000         1\n        org.ent.pressagency.unk     1.0000    1.0000    1.0000         1\n         pers.ind.articleauthor     0.0000    0.0000    0.0000         3\n\n                      micro avg     0.8400    0.8077    0.8235        26\n                      macro avg     0.7564    0.8205    0.7747        26\n                   weighted avg     0.7628    0.8077    0.7775        26\n", "                                 precision    recall  f1-score   support\n\n        org.ent.pressagency.AFP     1.0000    1.0000    1.0000         7\n         org.ent.pressagency.AP     1.0000    1.0000    1.0000         2\n    org.ent.pressagency.ATS-SDA     0.0000    0.0000    0.0000         1\n        org.ent.pressagency.DNB     1.0000    1.0000    1.0000         1\norg.ent.pressagency.Europapress     1.0000    1.0000    1.0000         1\n      org.ent.pressagency.Extel     1.0000    1.0000    1.0000         1\n      org.ent.pressagency.Havas     0.2500    1.0000    0.4000         1\n    org.ent.pressagency.Reuters     1.0000    0.6667    0.8000         3\n     org.ent.pressagency.UP-UPI     1.0000    1.0000    1.0000         3\n      org.ent.pressagency.Wolff     1.0000    1.0000    1.0000         1\n         org.ent.pressagency.ag     1.0000    1.0000    1.0000         1\n        org.ent.pressagency.unk     0.0000    0.0000    0.0000         1\n         pers.ind.articleauthor     0.0000    0.0000    0.0000         3\n\n                      micro avg     0.6452    0.7692    0.7018        26\n                      macro avg     0.7115    0.7436    0.7077        26\n                   weighted avg     0.7788    0.7692    0.7615        26\n"]}, "test": {"global": {"loss": 0.008527856878144495, "precision": 0.7014925373134329, "recall": 0.8867924528301887, "f1": 0.7833333333333334}, "token-level": "                                 precision    recall  f1-score   support\n\n        org.ent.pressagency.AFP     1.0000    1.0000    1.0000         5\n         org.ent.pressagency.AP     1.0000    1.0000    1.0000         6\n    org.ent.pressagency.ATS-SDA     0.0000    0.0000    0.0000         0\n        org.ent.pressagency.DNB     1.0000    1.0000    1.0000         3\norg.ent.pressagency.Europapress     1.0000    1.0000    1.0000         1\n      org.ent.pressagency.Extel     1.0000    1.0000    1.0000         1\n      org.ent.pressagency.Havas     0.7778    1.0000    0.8750         7\n    org.ent.pressagency.Reuters     0.8000    1.0000    0.8889         4\n     org.ent.pressagency.UP-UPI     1.0000    0.7500    0.8571         4\n      org.ent.pressagency.Wolff     0.8571    1.0000    0.9231         6\n         org.ent.pressagency.ag     0.9091    1.0000    0.9524        10\n        org.ent.pressagency.unk     0.1000    0.2500    0.1429         4\n         pers.ind.articleauthor     0.0000    0.0000    0.0000         2\n\n                      micro avg     0.7015    0.8868    0.7833        53\n                      macro avg     0.7265    0.7692    0.7415        53\n                   weighted avg     0.8166    0.8868    0.8442        53\n"}}