{
    "NE-COARSE-LIT": {
        "TIME-ALL": {
            "LED-ALL": {
                "ORG": {
                    "partial": {
                        "correct": 101,
                        "incorrect": 0,
                        "partial": 2,
                        "missed": 7,
                        "spurious": 23,
                        "possible": 110,
                        "actual": 126,
                        "TP": 101,
                        "FP": 25,
                        "FN": 9,
                        "P_micro": 0.8095238095238095,
                        "R_micro": 0.9272727272727272,
                        "F1_micro": 0.864406779661017,
                        "P_macro_doc": 0.9060749299719887,
                        "R_macro_doc": 0.945959595959596,
                        "F1_macro_doc": 0.9433100233100232,
                        "P_macro_doc_std": 0.2451145921531254,
                        "R_macro_doc_std": 0.17279297586686693,
                        "F1_macro_doc_std": 0.13764353821185316
                    },
                    "strict": {
                        "correct": 101,
                        "incorrect": 2,
                        "partial": 0,
                        "missed": 7,
                        "spurious": 23,
                        "possible": 110,
                        "actual": 126,
                        "TP": 101,
                        "FP": 25,
                        "FN": 9,
                        "P_micro": 0.8015873015873016,
                        "R_micro": 0.9181818181818182,
                        "F1_micro": 0.8559322033898306,
                        "P_macro_doc": 0.8962710084033613,
                        "R_macro_doc": 0.9358585858585858,
                        "F1_macro_doc": 0.933053613053613,
                        "P_macro_doc_std": 0.2653267425822143,
                        "R_macro_doc_std": 0.20319921111062417,
                        "F1_macro_doc_std": 0.17463731320632894
                    },
                    "ent_type": {
                        "correct": 103,
                        "incorrect": 0,
                        "partial": 0,
                        "missed": 7,
                        "spurious": 23,
                        "possible": 110,
                        "actual": 126,
                        "TP": 103,
                        "FP": 23,
                        "FN": 7,
                        "P_micro": 0.8174603174603174,
                        "R_micro": 0.9363636363636364,
                        "F1_micro": 0.8728813559322035,
                        "P_macro_doc": 0.9158788515406161,
                        "R_macro_doc": 0.956060606060606,
                        "F1_macro_doc": 0.9535664335664336,
                        "P_macro_doc_std": 0.24029512506035713,
                        "R_macro_doc_std": 0.1632126013188391,
                        "F1_macro_doc_std": 0.12541896468773484
                    },
                    "exact": {
                        "correct": 101,
                        "incorrect": 2,
                        "partial": 0,
                        "missed": 7,
                        "spurious": 23,
                        "possible": 110,
                        "actual": 126,
                        "TP": 101,
                        "FP": 25,
                        "FN": 9,
                        "P_micro": 0.8015873015873016,
                        "R_micro": 0.9181818181818182,
                        "F1_micro": 0.8559322033898306,
                        "P_macro_doc": 0.8962710084033613,
                        "R_macro_doc": 0.9358585858585858,
                        "F1_macro_doc": 0.933053613053613,
                        "P_macro_doc_std": 0.2653267425822143,
                        "R_macro_doc_std": 0.20319921111062417,
                        "F1_macro_doc_std": 0.17463731320632894
                    }
                },
                "PERS": {
                    "partial": {
                        "correct": 0,
                        "incorrect": 0,
                        "partial": 2,
                        "missed": 2,
                        "spurious": 5,
                        "possible": 4,
                        "actual": 7,
                        "TP": 0,
                        "FP": 7,
                        "FN": 4,
                        "P_micro": 0.14285714285714285,
                        "R_micro": 0.25,
                        "F1_micro": 0.18181818181818182,
                        "P_macro_doc": 0.08333333333333333,
                        "R_macro_doc": 0.16666666666666666,
                        "F1_macro_doc": 0.5,
                        "P_macro_doc_std": 0.1863389981249825,
                        "R_macro_doc_std": 0.23570226039551584,
                        "F1_macro_doc_std": 0.0
                    },
                    "strict": {
                        "correct": 0,
                        "incorrect": 2,
                        "partial": 0,
                        "missed": 2,
                        "spurious": 5,
                        "possible": 4,
                        "actual": 7,
                        "TP": 0,
                        "FP": 7,
                        "FN": 4,
                        "P_micro": 0.0,
                        "R_micro": 0.0,
                        "F1_micro": 0,
                        "P_macro_doc": 0.0,
                        "R_macro_doc": 0.0,
                        "F1_macro_doc": 0.0,
                        "P_macro_doc_std": 0.0,
                        "R_macro_doc_std": 0.0,
                        "F1_macro_doc_std": 0.0
                    },
                    "ent_type": {
                        "correct": 2,
                        "incorrect": 0,
                        "partial": 0,
                        "missed": 2,
                        "spurious": 5,
                        "possible": 4,
                        "actual": 7,
                        "TP": 2,
                        "FP": 5,
                        "FN": 2,
                        "P_micro": 0.2857142857142857,
                        "R_micro": 0.5,
                        "F1_micro": 0.36363636363636365,
                        "P_macro_doc": 0.16666666666666666,
                        "R_macro_doc": 0.3333333333333333,
                        "F1_macro_doc": 1.0,
                        "P_macro_doc_std": 0.372677996249965,
                        "R_macro_doc_std": 0.4714045207910317,
                        "F1_macro_doc_std": 0.0
                    },
                    "exact": {
                        "correct": 0,
                        "incorrect": 2,
                        "partial": 0,
                        "missed": 2,
                        "spurious": 5,
                        "possible": 4,
                        "actual": 7,
                        "TP": 0,
                        "FP": 7,
                        "FN": 4,
                        "P_micro": 0.0,
                        "R_micro": 0.0,
                        "F1_micro": 0,
                        "P_macro_doc": 0.0,
                        "R_macro_doc": 0.0,
                        "F1_macro_doc": 0.0,
                        "P_macro_doc_std": 0.0,
                        "R_macro_doc_std": 0.0,
                        "F1_macro_doc_std": 0.0
                    }
                },
                "ALL": {
                    "partial": {
                        "correct": 101,
                        "incorrect": 0,
                        "partial": 4,
                        "missed": 9,
                        "spurious": 28,
                        "possible": 114,
                        "actual": 133,
                        "TP": 101,
                        "FP": 32,
                        "FN": 13,
                        "P_micro": 0.7744360902255639,