{
    "NE-COARSE-LIT": {
        "TIME-ALL": {
            "LED-ALL": {
                "ORG": {
                    "partial": {
                        "correct": 100,
                        "incorrect": 0,
                        "partial": 4,
                        "missed": 6,
                        "spurious": 28,
                        "possible": 110,
                        "actual": 132,
                        "TP": 100,
                        "FP": 32,
                        "FN": 10,
                        "P_micro": 0.7727272727272727,
                        "R_micro": 0.9272727272727272,
                        "F1_micro": 0.8429752066115703,
                        "P_macro_doc": 0.8557213930348259,
                        "R_macro_doc": 0.9275252525252525,
                        "F1_macro_doc": 0.9079472610722611,
                        "P_macro_doc_std": 0.2738734234332856,
                        "R_macro_doc_std": 0.21241937318203982,
                        "F1_macro_doc_std": 0.16887783468744336
                    },
                    "strict": {
                        "correct": 100,
                        "incorrect": 4,
                        "partial": 0,
                        "missed": 6,
                        "spurious": 28,
                        "possible": 110,
                        "actual": 132,
                        "TP": 100,
                        "FP": 32,
                        "FN": 10,
                        "P_micro": 0.7575757575757576,
                        "R_micro": 0.9090909090909091,
                        "F1_micro": 0.8264462809917356,
                        "P_macro_doc": 0.835820895522388,
                        "R_macro_doc": 0.906060606060606,
                        "F1_macro_doc": 0.8865930944055944,
                        "P_macro_doc_std": 0.3088724442663326,
                        "R_macro_doc_std": 0.26149718444313425,
                        "F1_macro_doc_std": 0.22802825897167397
                    },
                    "ent_type": {
                        "correct": 104,
                        "incorrect": 0,
                        "partial": 0,
                        "missed": 6,
                        "spurious": 28,
                        "possible": 110,
                        "actual": 132,
                        "TP": 104,
                        "FP": 28,
                        "FN": 6,
                        "P_micro": 0.7878787878787878,
                        "R_micro": 0.9454545454545454,
                        "F1_micro": 0.8595041322314049,
                        "P_macro_doc": 0.8756218905472637,
                        "R_macro_doc": 0.9489898989898989,
                        "F1_macro_doc": 0.9293014277389278,
                        "P_macro_doc_std": 0.26533527022170117,
                        "R_macro_doc_std": 0.1970506179282768,
                        "F1_macro_doc_std": 0.14789730861407208
                    },
                    "exact": {
                        "correct": 100,
                        "incorrect": 4,
                        "partial": 0,
                        "missed": 6,
                        "spurious": 28,
                        "possible": 110,
                        "actual": 132,
                        "TP": 100,
                        "FP": 32,
                        "FN": 10,
                        "P_micro": 0.7575757575757576,
                        "R_micro": 0.9090909090909091,
                        "F1_micro": 0.8264462809917356,
                        "P_macro_doc": 0.835820895522388,
                        "R_macro_doc": 0.906060606060606,
                        "F1_macro_doc": 0.8865930944055944,
                        "P_macro_doc_std": 0.3088724442663326,
                        "R_macro_doc_std": 0.26149718444313425,
                        "F1_macro_doc_std": 0.22802825897167397
                    }
                },
                "PERS": {
                    "partial": {
                        "correct": 2,
                        "incorrect": 0,
                        "partial": 1,
                        "missed": 1,
                        "spurious": 3,
                        "possible": 4,
                        "actual": 6,
                        "TP": 2,
                        "FP": 4,
                        "FN": 2,
                        "P_micro": 0.4166666666666667,
                        "R_micro": 0.625,
                        "F1_micro": 0.5,
                        "P_macro_doc": 0.35,
                        "R_macro_doc": 0.5833333333333334,
                        "F1_macro_doc": 0.875,
                        "P_macro_doc_std": 0.43588989435406733,
                        "R_macro_doc_std": 0.42491829279939874,
                        "F1_macro_doc_std": 0.125
                    },
                    "strict": {
                        "correct": 2,
                        "incorrect": 1,
                        "partial": 0,
                        "missed": 1,
                        "spurious": 3,
                        "possible": 4,
                        "actual": 6,
                        "TP": 2,
                        "FP": 4,
                        "FN": 2,
                        "P_micro": 0.3333333333333333,
                        "R_micro": 0.5,
                        "F1_micro": 0.4,
                        "P_macro_doc": 0.3,
                        "R_macro_doc": 0.5,
                        "F1_macro_doc": 0.75,
                        "P_macro_doc_std": 0.39999999999999997,
                        "R_macro_doc_std": 0.408248290463863,
                        "F1_macro_doc_std": 0.25
                    },
                    "ent_type": {
                        "correct": 3,
                        "incorrect": 0,
                        "partial": 0,
                        "missed": 1,
                        "spurious": 3,
                        "possible": 4,
                        "actual": 6,
                        "TP": 3,
                        "FP": 3,
                        "FN": 1,
                        "P_micro": 0.5,
                        "R_micro": 0.75,
                        "F1_micro": 0.6,
                        "P_macro_doc": 0.4,
                        "R_macro_doc": 0.6666666666666666,
                        "F1_macro_doc": 1.0,
                        "P_macro_doc_std": 0.48989794855663565,
                        "R_macro_doc_std": 0.4714045207910317,
                        "F1_macro_doc_std": 0.0
                    },
                    "exact": {
                        "correct": 2,
                        "incorrect": 1,
                        "partial": 0,
                        "missed": 1,
                        "spurious": 3,
                        "possible": 4,
                        "actual": 6,
                        "TP": 2,
                        "FP": 4,
                        "FN": 2,
                        "P_micro": 0.3333333333333333,
                        "R_micro": 0.5,
                        "F1_micro": 0.4,
                        "P_macro_doc": 0.3,
                        "R_macro_doc": 0.5,
                        "F1_macro_doc": 0.75,
                        "P_macro_doc_std": 0.39999999999999997,
                        "R_macro_doc_std": 0.408248290463863,
                        "F1_macro_doc_std": 0.25
                    }
                },
                "ALL": {
                    "partial": {
                        "correct": 102,
                        "incorrect": 0,
                        "partial": 5,
                        "missed": 7,
                        "spurious": 31,
                        "possible": 114,
                        "actual": 138,
                        "TP": 102,
                        "FP": 36,
                        "FN": 12,