{"dev": {"global": [{"loss": 0.011716064577464411, "precision": 0.5979381443298969, "recall": 0.5420560747663551, "f1": 0.5686274509803921}, {"loss": 0.009435775066746184, "precision": 0.6770833333333334, "recall": 0.6074766355140186, "f1": 0.6403940886699507}, {"loss": 0.007879284569753509, "precision": 0.7184466019417476, "recall": 0.6915887850467289, "f1": 0.7047619047619048}], "sent-level": [null, null, null], "token-level": ["                             precision    recall  f1-score   support\n\n    org.ent.pressagency.AFP     0.7500    0.6429    0.6923        14\n     org.ent.pressagency.AP     1.0000    0.5000    0.6667         8\norg.ent.pressagency.ATS-SDA     0.6429    0.3750    0.4737        24\n    org.ent.pressagency.DNB     0.0000    0.0000    0.0000         3\n  org.ent.pressagency.Extel     0.0000    0.0000    0.0000         1\n  org.ent.pressagency.Havas     0.4565    0.8400    0.5915        25\norg.ent.pressagency.Reuters     0.8571    0.7500    0.8000        16\norg.ent.pressagency.Stefani     0.0000    0.0000    0.0000         1\n org.ent.pressagency.UP-UPI     0.0000    0.0000    0.0000         3\n  org.ent.pressagency.Wolff     0.4286    1.0000    0.6000         3\n     org.ent.pressagency.ag     0.0000    0.0000    0.0000         1\n    org.ent.pressagency.unk     0.0000    0.0000    0.0000         4\n     pers.ind.articleauthor     0.0000    0.0000    0.0000         4\n\n                  micro avg     0.5979    0.5421    0.5686       107\n                  macro avg     0.3181    0.3160    0.2942       107\n               weighted avg     0.5639    0.5421    0.5213       107\n", "                             precision    recall  f1-score   support\n\n    org.ent.pressagency.AFP     0.7059    0.8571    0.7742        14\n     org.ent.pressagency.AP     1.0000    0.3750    0.5455         8\norg.ent.pressagency.ATS-SDA     0.5926    0.6667    0.6275        24\n    org.ent.pressagency.DNB     0.0000    0.0000    0.0000         3\n  org.ent.pressagency.Extel     0.0000    0.0000    0.0000         1\n  org.ent.pressagency.Havas     0.6774    0.8400    0.7500        25\norg.ent.pressagency.Reuters     0.8333    0.6250    0.7143        16\norg.ent.pressagency.Stefani     0.0000    0.0000    0.0000         1\n org.ent.pressagency.UP-UPI     0.5000    0.6667    0.5714         3\n  org.ent.pressagency.Wolff     0.5000    0.3333    0.4000         3\n     org.ent.pressagency.ag     0.0000    0.0000    0.0000         1\n    org.ent.pressagency.unk     0.0000    0.0000    0.0000         4\n     pers.ind.articleauthor     0.0000    0.0000    0.0000         4\n\n                  micro avg     0.6771    0.6075    0.6404       107\n                  macro avg     0.3699    0.3357    0.3371       107\n               weighted avg     0.6110    0.6075    0.5921       107\n", "                             precision    recall  f1-score   support\n\n    org.ent.pressagency.AFP     0.7222    0.9286    0.8125        14\n     org.ent.pressagency.AP     1.0000    0.7500    0.8571         8\norg.ent.pressagency.ATS-SDA     0.7619    0.6667    0.7111        24\n    org.ent.pressagency.DNB     0.0000    0.0000    0.0000         3\n  org.ent.pressagency.Extel     0.0000    0.0000    0.0000         1\n  org.ent.pressagency.Havas     0.7000    0.8400    0.7636        25\norg.ent.pressagency.Reuters     0.8750    0.8750    0.8750        16\norg.ent.pressagency.Stefani     0.0000    0.0000    0.0000         1\n org.ent.pressagency.UP-UPI     0.4000    0.6667    0.5000         3\n  org.ent.pressagency.Wolff     0.4000    0.6667    0.5000         3\n     org.ent.pressagency.ag     0.0000    0.0000    0.0000         1\n    org.ent.pressagency.unk     0.0000    0.0000    0.0000         4\n     pers.ind.articleauthor     0.0000    0.0000    0.0000         4\n\n                  micro avg     0.7184    0.6916    0.7048       107\n                  macro avg     0.3738    0.4149    0.3861       107\n               weighted avg     0.6570    0.6916    0.6672       107\n"]}, "test": {"global": {"loss": 0.013239476589610378, "precision": 0.7384615384615385, "recall": 0.6442953020134228, "f1": 0.6881720430107526}, "token-level": "                             precision    recall  f1-score   support\n\n    org.ent.pressagency.AFP     0.8571    1.0000    0.9231        18\n   org.ent.pressagency.ANSA     0.0000    0.0000    0.0000         1\n     org.ent.pressagency.AP     0.8000    0.6667    0.7273         6\n    org.ent.pressagency.APA     0.0000    0.0000    0.0000         1\norg.ent.pressagency.ATS-SDA     0.7917    0.8261    0.8085        23\n    org.ent.pressagency.DNB     0.5000    0.3333    0.4000         3\n    org.ent.pressagency.DPA     0.0000    0.0000    0.0000         2\n  org.ent.pressagency.Havas     0.7188    0.7419    0.7302        31\n   org.ent.pressagency.Kipa     0.0000    0.0000    0.0000         1\norg.ent.pressagency.Reuters     0.8333    0.7407    0.7843        27\norg.ent.pressagency.Stefani     1.0000    0.5000    0.6667         2\n org.ent.pressagency.UP-UPI     0.8000    0.6154    0.6957        13\n  org.ent.pressagency.Wolff     0.2857    0.6667    0.4000         3\n org.ent.pressagency.Xinhua     0.0000    0.0000    0.0000         1\n     org.ent.pressagency.ag     0.0000    0.0000    0.0000         3\n    org.ent.pressagency.unk     0.0000    0.0000    0.0000         6\n     pers.ind.articleauthor     0.0000    0.0000    0.0000         8\n\n                  micro avg     0.7385    0.6443    0.6882       149\n                  macro avg     0.3874    0.3583    0.3609       149\n               weighted avg     0.6576    0.6443    0.6454       149\n"}}