{
    "NE-COARSE-LIT": {
        "TIME-ALL": {
            "LED-ALL": {
                "ORG": {
                    "partial": {
                        "correct": 101,
                        "incorrect": 0,
                        "partial": 3,
                        "missed": 6,
                        "spurious": 24,
                        "possible": 110,
                        "actual": 128,
                        "TP": 101,
                        "FP": 27,
                        "FN": 9,
                        "P_micro": 0.80078125,
                        "R_micro": 0.9318181818181818,
                        "F1_micro": 0.861344537815126,
                        "P_macro_doc": 0.9028814262023217,
                        "R_macro_doc": 0.9343434343434343,
                        "F1_macro_doc": 0.9424034299034298,
                        "P_macro_doc_std": 0.2497421640553516,
                        "R_macro_doc_std": 0.2069474873590695,
                        "F1_macro_doc_std": 0.1407769102903312
                    },
                    "strict": {
                        "correct": 101,
                        "incorrect": 3,
                        "partial": 0,
                        "missed": 6,
                        "spurious": 24,
                        "possible": 110,
                        "actual": 128,
                        "TP": 101,
                        "FP": 27,
                        "FN": 9,
                        "P_micro": 0.7890625,
                        "R_micro": 0.9181818181818182,
                        "F1_micro": 0.8487394957983193,
                        "P_macro_doc": 0.8919983416252073,
                        "R_macro_doc": 0.9217171717171717,
                        "F1_macro_doc": 0.9305663086913087,
                        "P_macro_doc_std": 0.2718778588073158,
                        "R_macro_doc_std": 0.23430479043966906,
                        "F1_macro_doc_std": 0.18169760100405355
                    },
                    "ent_type": {
                        "correct": 104,
                        "incorrect": 0,
                        "partial": 0,
                        "missed": 6,
                        "spurious": 24,
                        "possible": 110,
                        "actual": 128,
                        "TP": 104,
                        "FP": 24,
                        "FN": 6,
                        "P_micro": 0.8125,
                        "R_micro": 0.9454545454545454,
                        "F1_micro": 0.8739495798319329,
                        "P_macro_doc": 0.9137645107794361,
                        "R_macro_doc": 0.946969696969697,
                        "F1_macro_doc": 0.9542405511155512,
                        "P_macro_doc_std": 0.24289158545687003,
                        "R_macro_doc_std": 0.19923906361186236,
                        "F1_macro_doc_std": 0.12361571045923032
                    },
                    "exact": {
                        "correct": 101,
                        "incorrect": 3,
                        "partial": 0,
                        "missed": 6,
                        "spurious": 24,
                        "possible": 110,
                        "actual": 128,
                        "TP": 101,
                        "FP": 27,
                        "FN": 9,
                        "P_micro": 0.7890625,
                        "R_micro": 0.9181818181818182,
                        "F1_micro": 0.8487394957983193,
                        "P_macro_doc": 0.8919983416252073,
                        "R_macro_doc": 0.9217171717171717,
                        "F1_macro_doc": 0.9305663086913087,
                        "P_macro_doc_std": 0.2718778588073158,
                        "R_macro_doc_std": 0.23430479043966906,
                        "F1_macro_doc_std": 0.18169760100405355
                    }
                },
                "PERS": {
                    "partial": {
                        "correct": 1,
                        "incorrect": 0,
                        "partial": 1,
                        "missed": 2,
                        "spurious": 4,
                        "possible": 4,
                        "actual": 6,
                        "TP": 1,
                        "FP": 5,
                        "FN": 3,
                        "P_micro": 0.25,
                        "R_micro": 0.375,
                        "F1_micro": 0.3,
                        "P_macro_doc": 0.25,
                        "R_macro_doc": 0.3333333333333333,
                        "F1_macro_doc": 0.5833333333333333,
                        "P_macro_doc_std": 0.3818813079129867,
                        "R_macro_doc_std": 0.23570226039551584,
                        "F1_macro_doc_std": 0.08333333333333331
                    },
                    "strict": {
                        "correct": 1,
                        "incorrect": 1,
                        "partial": 0,
                        "missed": 2,
                        "spurious": 4,
                        "possible": 4,
                        "actual": 6,
                        "TP": 1,
                        "FP": 5,
                        "FN": 3,
                        "P_micro": 0.16666666666666666,
                        "R_micro": 0.25,
                        "F1_micro": 0.2,
                        "P_macro_doc": 0.16666666666666666,
                        "R_macro_doc": 0.16666666666666666,
                        "F1_macro_doc": 0.3333333333333333,
                        "P_macro_doc_std": 0.372677996249965,
                        "R_macro_doc_std": 0.23570226039551584,
                        "F1_macro_doc_std": 0.3333333333333333
                    },
                    "ent_type": {
                        "correct": 2,
                        "incorrect": 0,
                        "partial": 0,
                        "missed": 2,
                        "spurious": 4,
                        "possible": 4,
                        "actual": 6,
                        "TP": 2,
                        "FP": 4,
                        "FN": 2,
                        "P_micro": 0.3333333333333333,
                        "R_micro": 0.5,
                        "F1_micro": 0.4,
                        "P_macro_doc": 0.3333333333333333,
                        "R_macro_doc": 0.5,
                        "F1_macro_doc": 0.8333333333333333,
                        "P_macro_doc_std": 0.4714045207910317,
                        "R_macro_doc_std": 0.408248290463863,
                        "F1_macro_doc_std": 0.16666666666666669
                    },
                    "exact": {
                        "correct": 1,
                        "incorrect": 1,
                        "partial": 0,
                        "missed": 2,
                        "spurious": 4,
                        "possible": 4,
                        "actual": 6,
                        "TP": 1,
                        "FP": 5,
                        "FN": 3,
                        "P_micro": 0.16666666666666666,
                        "R_micro": 0.25,
                        "F1_micro": 0.2,
                        "P_macro_doc": 0.16666666666666666,
                        "R_macro_doc": 0.16666666666666666,
                        "F1_macro_doc": 0.3333333333333333,
                        "P_macro_doc_std": 0.372677996249965,
                        "R_macro_doc_std": 0.23570226039551584,
                        "F1_macro_doc_std": 0.3333333333333333
                    }
                },
                "ALL": {
                    "partial": {
                        "correct": 102,
                        "incorrect": 0,
                        "partial": 4,
                        "missed": 8,
                        "spurious": 28,
                        "possible": 114,
                        "actual": 134,