{
    "NE-COARSE-LIT": {
        "TIME-ALL": {
            "LED-ALL": {
                "ORG": {
                    "partial": {
                        "correct": 21,
                        "incorrect": 0,
                        "partial": 1,
                        "missed": 1,
                        "spurious": 8,
                        "possible": 23,
                        "actual": 30,
                        "TP": 21,
                        "FP": 9,
                        "FN": 2,
                        "P_micro": 0.7166666666666667,
                        "R_micro": 0.9347826086956522,
                        "F1_micro": 0.8113207547169811,
                        "P_macro_doc": 0.828125,
                        "R_macro_doc": 0.9,
                        "F1_macro_doc": 0.9523809523809524,
                        "P_macro_doc_std": 0.3614072970693868,
                        "R_macro_doc_std": 0.27080128015453203,
                        "F1_macro_doc_std": 0.17169291787923757
                    },
                    "strict": {
                        "correct": 21,
                        "incorrect": 1,
                        "partial": 0,
                        "missed": 1,
                        "spurious": 8,
                        "possible": 23,
                        "actual": 30,
                        "TP": 21,
                        "FP": 9,
                        "FN": 2,
                        "P_micro": 0.7,
                        "R_micro": 0.9130434782608695,
                        "F1_micro": 0.7924528301886793,
                        "P_macro_doc": 0.8125,
                        "R_macro_doc": 0.8666666666666667,
                        "F1_macro_doc": 0.9285714285714286,
                        "P_macro_doc_std": 0.3903123748998999,
                        "R_macro_doc_std": 0.33993463423951903,
                        "F1_macro_doc_std": 0.25753937681885636
                    },
                    "ent_type": {
                        "correct": 22,
                        "incorrect": 0,
                        "partial": 0,
                        "missed": 1,
                        "spurious": 8,
                        "possible": 23,
                        "actual": 30,
                        "TP": 22,
                        "FP": 8,
                        "FN": 1,
                        "P_micro": 0.7333333333333333,
                        "R_micro": 0.9565217391304348,
                        "F1_micro": 0.8301886792452831,
                        "P_macro_doc": 0.84375,
                        "R_macro_doc": 0.9333333333333333,
                        "F1_macro_doc": 0.9761904761904762,
                        "P_macro_doc_std": 0.34089725358236606,
                        "R_macro_doc_std": 0.24944382578492946,
                        "F1_macro_doc_std": 0.0858464589396188
                    },
                    "exact": {
                        "correct": 21,
                        "incorrect": 1,
                        "partial": 0,
                        "missed": 1,
                        "spurious": 8,
                        "possible": 23,
                        "actual": 30,
                        "TP": 21,
                        "FP": 9,
                        "FN": 2,
                        "P_micro": 0.7,
                        "R_micro": 0.9130434782608695,
                        "F1_micro": 0.7924528301886793,
                        "P_macro_doc": 0.8125,
                        "R_macro_doc": 0.8666666666666667,
                        "F1_macro_doc": 0.9285714285714286,
                        "P_macro_doc_std": 0.3903123748998999,
                        "R_macro_doc_std": 0.33993463423951903,
                        "F1_macro_doc_std": 0.25753937681885636
                    }
                },
                "PERS": {
                    "partial": {
                        "correct": 0,
                        "incorrect": 0,
                        "partial": 0,
                        "missed": 3,
                        "spurious": 0,
                        "possible": 3,
                        "actual": 0,
                        "TP": 0,
                        "FP": 0,
                        "FN": 3,
                        "P_micro": 0,
                        "R_micro": 0.0,
                        "F1_micro": 0,
                        "P_macro_doc": null,
                        "R_macro_doc": 0.0,
                        "F1_macro_doc": null,
                        "P_macro_doc_std": null,
                        "R_macro_doc_std": 0.0,
                        "F1_macro_doc_std": null
                    },
                    "strict": {
                        "correct": 0,
                        "incorrect": 0,
                        "partial": 0,
                        "missed": 3,
                        "spurious": 0,
                        "possible": 3,
                        "actual": 0,
                        "TP": 0,
                        "FP": 0,
                        "FN": 3,
                        "P_micro": 0,
                        "R_micro": 0.0,
                        "F1_micro": 0,
                        "P_macro_doc": null,
                        "R_macro_doc": 0.0,
                        "F1_macro_doc": null,
                        "P_macro_doc_std": null,
                        "R_macro_doc_std": 0.0,
                        "F1_macro_doc_std": null
                    },
                    "ent_type": {
                        "correct": 0,
                        "incorrect": 0,
                        "partial": 0,
                        "missed": 3,
                        "spurious": 0,
                        "possible": 3,
                        "actual": 0,
                        "TP": 0,
                        "FP": 0,
                        "FN": 3,
                        "P_micro": 0,
                        "R_micro": 0.0,
                        "F1_micro": 0,
                        "P_macro_doc": null,
                        "R_macro_doc": 0.0,
                        "F1_macro_doc": null,
                        "P_macro_doc_std": null,
                        "R_macro_doc_std": 0.0,
                        "F1_macro_doc_std": null
                    },
                    "exact": {
                        "correct": 0,
                        "incorrect": 0,
                        "partial": 0,
                        "missed": 3,
                        "spurious": 0,
                        "possible": 3,
                        "actual": 0,
                        "TP": 0,
                        "FP": 0,
                        "FN": 3,
                        "P_micro": 0,
                        "R_micro": 0.0,
                        "F1_micro": 0,
                        "P_macro_doc": null,
                        "R_macro_doc": 0.0,
                        "F1_macro_doc": null,
                        "P_macro_doc_std": null,
                        "R_macro_doc_std": 0.0,
                        "F1_macro_doc_std": null
                    }
                },
                "ALL": {
                    "partial": {
                        "correct": 21,
                        "incorrect": 0,
                        "partial": 1,
                        "missed": 4,
                        "spurious": 8,
                        "possible": 26,
                        "actual": 30,
                        "TP": 21,
                        "FP": 9,
                        "FN": 5,
                        "P_micro": 0.7166666666666667,
                        "R_micro": 0.8269230769230769,
                        "F1_micro": 0.7678571428571429,
                        "P_macro_doc": 0.828125,
                        "R_macro_doc": 0.7916666666666666,
                        "F1_macro_doc": 0.9142857142857144,