{
    "NE-COARSE-LIT": {
        "TIME-ALL": {
            "LED-ALL": {
                "ORG": {
                    "partial": {
                        "correct": 75,
                        "incorrect": 0,
                        "partial": 3,
                        "missed": 32,
                        "spurious": 31,
                        "possible": 110,
                        "actual": 109,
                        "TP": 75,
                        "FP": 34,
                        "FN": 35,
                        "P_micro": 0.7018348623853211,
                        "R_micro": 0.6954545454545454,
                        "F1_micro": 0.6986301369863014,
                        "P_macro_doc": 0.7687853107344633,
                        "R_macro_doc": 0.6936868686868687,
                        "F1_macro_doc": 0.8292842959509626,
                        "P_macro_doc_std": 0.3682125643088816,
                        "R_macro_doc_std": 0.42035504024721604,
                        "F1_macro_doc_std": 0.28302409482816915
                    },
                    "strict": {
                        "correct": 75,
                        "incorrect": 3,
                        "partial": 0,
                        "missed": 32,
                        "spurious": 31,
                        "possible": 110,
                        "actual": 109,
                        "TP": 75,
                        "FP": 34,
                        "FN": 35,
                        "P_micro": 0.6880733944954128,
                        "R_micro": 0.6818181818181818,
                        "F1_micro": 0.684931506849315,
                        "P_macro_doc": 0.7518361581920904,
                        "R_macro_doc": 0.6797979797979798,
                        "F1_macro_doc": 0.8116917033583699,
                        "P_macro_doc_std": 0.3827835279585438,
                        "R_macro_doc_std": 0.4302876176876494,
                        "F1_macro_doc_std": 0.3079793663429511
                    },
                    "ent_type": {
                        "correct": 78,
                        "incorrect": 0,
                        "partial": 0,
                        "missed": 32,
                        "spurious": 31,
                        "possible": 110,
                        "actual": 109,
                        "TP": 78,
                        "FP": 31,
                        "FN": 32,
                        "P_micro": 0.7155963302752294,
                        "R_micro": 0.7090909090909091,
                        "F1_micro": 0.7123287671232876,
                        "P_macro_doc": 0.7857344632768362,
                        "R_macro_doc": 0.7075757575757576,
                        "F1_macro_doc": 0.8468768885435551,
                        "P_macro_doc_std": 0.36983114067966977,
                        "R_macro_doc_std": 0.4221077245555648,
                        "F1_macro_doc_std": 0.2789095612217353
                    },
                    "exact": {
                        "correct": 75,
                        "incorrect": 3,
                        "partial": 0,
                        "missed": 32,
                        "spurious": 31,
                        "possible": 110,
                        "actual": 109,
                        "TP": 75,
                        "FP": 34,
                        "FN": 35,
                        "P_micro": 0.6880733944954128,
                        "R_micro": 0.6818181818181818,
                        "F1_micro": 0.684931506849315,
                        "P_macro_doc": 0.7518361581920904,
                        "R_macro_doc": 0.6797979797979798,
                        "F1_macro_doc": 0.8116917033583699,
                        "P_macro_doc_std": 0.3827835279585438,
                        "R_macro_doc_std": 0.4302876176876494,
                        "F1_macro_doc_std": 0.3079793663429511
                    }
                },
                "PERS": {
                    "partial": {
                        "correct": 0,
                        "incorrect": 0,
                        "partial": 0,
                        "missed": 4,
                        "spurious": 2,
                        "possible": 4,
                        "actual": 2,
                        "TP": 0,
                        "FP": 2,
                        "FN": 4,
                        "P_micro": 0.0,
                        "R_micro": 0.0,
                        "F1_micro": 0,
                        "P_macro_doc": 0.0,
                        "R_macro_doc": 0.0,
                        "F1_macro_doc": null,
                        "P_macro_doc_std": 0.0,
                        "R_macro_doc_std": 0.0,
                        "F1_macro_doc_std": null
                    },
                    "strict": {
                        "correct": 0,
                        "incorrect": 0,
                        "partial": 0,
                        "missed": 4,
                        "spurious": 2,
                        "possible": 4,
                        "actual": 2,
                        "TP": 0,
                        "FP": 2,
                        "FN": 4,
                        "P_micro": 0.0,
                        "R_micro": 0.0,
                        "F1_micro": 0,
                        "P_macro_doc": 0.0,
                        "R_macro_doc": 0.0,
                        "F1_macro_doc": null,
                        "P_macro_doc_std": 0.0,
                        "R_macro_doc_std": 0.0,
                        "F1_macro_doc_std": null
                    },
                    "ent_type": {
                        "correct": 0,
                        "incorrect": 0,
                        "partial": 0,
                        "missed": 4,
                        "spurious": 2,
                        "possible": 4,
                        "actual": 2,
                        "TP": 0,
                        "FP": 2,
                        "FN": 4,
                        "P_micro": 0.0,
                        "R_micro": 0.0,
                        "F1_micro": 0,
                        "P_macro_doc": 0.0,
                        "R_macro_doc": 0.0,
                        "F1_macro_doc": null,
                        "P_macro_doc_std": 0.0,
                        "R_macro_doc_std": 0.0,
                        "F1_macro_doc_std": null
                    },
                    "exact": {
                        "correct": 0,
                        "incorrect": 0,
                        "partial": 0,
                        "missed": 4,
                        "spurious": 2,
                        "possible": 4,
                        "actual": 2,
                        "TP": 0,
                        "FP": 2,
                        "FN": 4,
                        "P_micro": 0.0,
                        "R_micro": 0.0,
                        "F1_micro": 0,
                        "P_macro_doc": 0.0,
                        "R_macro_doc": 0.0,
                        "F1_macro_doc": null,
                        "P_macro_doc_std": 0.0,
                        "R_macro_doc_std": 0.0,
                        "F1_macro_doc_std": null
                    }
                },
                "ALL": {
                    "partial": {
                        "correct": 75,
                        "incorrect": 0,
                        "partial": 3,
                        "missed": 36,
                        "spurious": 33,
                        "possible": 114,
                        "actual": 111,
                        "TP": 75,
                        "FP": 36,
                        "FN": 39,
                        "P_micro": 0.6891891891891891,
                        "R_micro": 0.6710526315789473,
                        "F1_micro": 0.68,
                        "P_macro_doc": 0.7591807909604521,