{"dev": {"global": [{"loss": 0.01181059900580989, "precision": 0.6746987951807228, "recall": 0.5233644859813084, "f1": 0.5894736842105263}, {"loss": 0.010006063928016007, "precision": 0.5789473684210527, "recall": 0.616822429906542, "f1": 0.5972850678733032}, {"loss": 0.007991457042499973, "precision": 0.7244897959183674, "recall": 0.6635514018691588, "f1": 0.6926829268292682}], "sent-level": [null, null, null], "token-level": ["                             precision    recall  f1-score   support\n\n    org.ent.pressagency.AFP     0.7500    0.6429    0.6923        14\n     org.ent.pressagency.AP     1.0000    0.3750    0.5455         8\norg.ent.pressagency.ATS-SDA     0.8889    0.3333    0.4848        24\n    org.ent.pressagency.DNB     0.0000    0.0000    0.0000         3\n  org.ent.pressagency.Extel     0.0000    0.0000    0.0000         1\n  org.ent.pressagency.Havas     0.5405    0.8000    0.6452        25\norg.ent.pressagency.Reuters     0.8667    0.8125    0.8387        16\norg.ent.pressagency.Stefani     0.0000    0.0000    0.0000         1\n org.ent.pressagency.UP-UPI     0.0000    0.0000    0.0000         3\n  org.ent.pressagency.Wolff     0.4286    1.0000    0.6000         3\n     org.ent.pressagency.ag     0.0000    0.0000    0.0000         1\n    org.ent.pressagency.unk     0.0000    0.0000    0.0000         4\n     pers.ind.articleauthor     0.0000    0.0000    0.0000         4\n\n                  micro avg     0.6747    0.5234    0.5895       107\n                  macro avg     0.3442    0.3049    0.2928       107\n               weighted avg     0.6402    0.5234    0.5331       107\n", "                             precision    recall  f1-score   support\n\n    org.ent.pressagency.AFP     0.6667    0.7143    0.6897        14\n     org.ent.pressagency.AP     1.0000    0.3750    0.5455         8\norg.ent.pressagency.ATS-SDA     0.4524    0.7917    0.5758        24\n    org.ent.pressagency.DNB     0.0000    0.0000    0.0000         3\n  org.ent.pressagency.Extel     0.0000    0.0000    0.0000         1\n  org.ent.pressagency.Havas     0.5385    0.8400    0.6562        25\norg.ent.pressagency.Reuters     0.9167    0.6875    0.7857        16\norg.ent.pressagency.Stefani     0.0000    0.0000    0.0000         1\n org.ent.pressagency.UP-UPI     1.0000    0.6667    0.8000         3\n  org.ent.pressagency.Wolff     0.0000    0.0000    0.0000         3\n     org.ent.pressagency.ag     0.0000    0.0000    0.0000         1\n    org.ent.pressagency.unk     0.0000    0.0000    0.0000         4\n     pers.ind.articleauthor     0.0000    0.0000    0.0000         4\n\n                  micro avg     0.5789    0.6168    0.5973       107\n                  macro avg     0.3519    0.3135    0.3118       107\n               weighted avg     0.5544    0.6168    0.5534       107\n", "                             precision    recall  f1-score   support\n\n    org.ent.pressagency.AFP     0.6471    0.7857    0.7097        14\n     org.ent.pressagency.AP     1.0000    0.6250    0.7692         8\norg.ent.pressagency.ATS-SDA     0.7500    0.6250    0.6818        24\n    org.ent.pressagency.DNB     1.0000    0.3333    0.5000         3\n  org.ent.pressagency.Extel     0.0000    0.0000    0.0000         1\n  org.ent.pressagency.Havas     0.8077    0.8400    0.8235        25\norg.ent.pressagency.Reuters     0.8824    0.9375    0.9091        16\norg.ent.pressagency.Stefani     0.0000    0.0000    0.0000         1\n org.ent.pressagency.UP-UPI     0.5000    0.6667    0.5714         3\n  org.ent.pressagency.Wolff     0.3333    0.3333    0.3333         3\n     org.ent.pressagency.ag     0.0000    0.0000    0.0000         1\n    org.ent.pressagency.unk     0.0000    0.0000    0.0000         4\n     pers.ind.articleauthor     0.0000    0.0000    0.0000         4\n\n                  micro avg     0.7245    0.6636    0.6927       107\n                  macro avg     0.4554    0.3959    0.4075       107\n               weighted avg     0.6997    0.6636    0.6710       107\n"]}, "test": {"global": {"loss": 0.012756629358636678, "precision": 0.7441860465116279, "recall": 0.6442953020134228, "f1": 0.6906474820143884}, "token-level": "                             precision    recall  f1-score   support\n\n    org.ent.pressagency.AFP     0.8571    1.0000    0.9231        18\n   org.ent.pressagency.ANSA     0.0000    0.0000    0.0000         1\n     org.ent.pressagency.AP     0.7143    0.8333    0.7692         6\n    org.ent.pressagency.APA     0.0000    0.0000    0.0000         1\norg.ent.pressagency.ATS-SDA     0.7083    0.7391    0.7234        23\n    org.ent.pressagency.DNB     0.5000    0.3333    0.4000         3\n    org.ent.pressagency.DPA     0.0000    0.0000    0.0000         2\n  org.ent.pressagency.Havas     0.7931    0.7419    0.7667        31\n   org.ent.pressagency.Kipa     0.0000    0.0000    0.0000         1\norg.ent.pressagency.Reuters     0.8000    0.7407    0.7692        27\norg.ent.pressagency.Stefani     1.0000    0.5000    0.6667         2\n org.ent.pressagency.UP-UPI     0.6923    0.6923    0.6923        13\n  org.ent.pressagency.Wolff     0.6667    0.6667    0.6667         3\n org.ent.pressagency.Xinhua     0.0000    0.0000    0.0000         1\n     org.ent.pressagency.ag     0.0000    0.0000    0.0000         3\n    org.ent.pressagency.unk     0.0000    0.0000    0.0000         6\n     pers.ind.articleauthor     0.0000    0.0000    0.0000         8\n\n                  micro avg     0.7442    0.6443    0.6906       149\n                  macro avg     0.3960    0.3675    0.3751       149\n               weighted avg     0.6489    0.6443    0.6439       149\n"}}