{
    "NE-COARSE-LIT": {
        "TIME-ALL": {
            "LED-ALL": {
                "ORG": {
                    "partial": {
                        "correct": 42,
                        "incorrect": 0,
                        "partial": 3,
                        "missed": 11,
                        "spurious": 11,
                        "possible": 56,
                        "actual": 56,
                        "TP": 42,
                        "FP": 14,
                        "FN": 14,
                        "P_micro": 0.7767857142857143,
                        "R_micro": 0.7767857142857143,
                        "F1_micro": 0.7767857142857143,
                        "P_macro_doc": 0.7092938311688312,
                        "R_macro_doc": 0.8331168831168831,
                        "F1_macro_doc": 0.864005877163772,
                        "P_macro_doc_std": 0.3756987164881152,
                        "R_macro_doc_std": 0.29032728230115135,
                        "F1_macro_doc_std": 0.1557237810509662
                    },
                    "strict": {
                        "correct": 42,
                        "incorrect": 3,
                        "partial": 0,
                        "missed": 11,
                        "spurious": 11,
                        "possible": 56,
                        "actual": 56,
                        "TP": 42,
                        "FP": 14,
                        "FN": 14,
                        "P_micro": 0.75,
                        "R_micro": 0.75,
                        "F1_micro": 0.75,
                        "P_macro_doc": 0.6811688311688311,
                        "R_macro_doc": 0.8087662337662337,
                        "F1_macro_doc": 0.8351597233176181,
                        "P_macro_doc_std": 0.37845083954070435,
                        "R_macro_doc_std": 0.31275739947434844,
                        "F1_macro_doc_std": 0.20202070495240027
                    },
                    "ent_type": {
                        "correct": 45,
                        "incorrect": 0,
                        "partial": 0,
                        "missed": 11,
                        "spurious": 11,
                        "possible": 56,
                        "actual": 56,
                        "TP": 45,
                        "FP": 11,
                        "FN": 11,
                        "P_micro": 0.8035714285714286,
                        "R_micro": 0.8035714285714286,
                        "F1_micro": 0.8035714285714286,
                        "P_macro_doc": 0.7374188311688312,
                        "R_macro_doc": 0.8574675324675324,
                        "F1_macro_doc": 0.8928520310099258,
                        "P_macro_doc_std": 0.38769121984199023,
                        "R_macro_doc_std": 0.28228703742119726,
                        "F1_macro_doc_std": 0.13432221084374918
                    },
                    "exact": {
                        "correct": 42,
                        "incorrect": 3,
                        "partial": 0,
                        "missed": 11,
                        "spurious": 11,
                        "possible": 56,
                        "actual": 56,
                        "TP": 42,
                        "FP": 14,
                        "FN": 14,
                        "P_micro": 0.75,
                        "R_micro": 0.75,
                        "F1_micro": 0.75,
                        "P_macro_doc": 0.6811688311688311,
                        "R_macro_doc": 0.8087662337662337,
                        "F1_macro_doc": 0.8351597233176181,
                        "P_macro_doc_std": 0.37845083954070435,
                        "R_macro_doc_std": 0.31275739947434844,
                        "F1_macro_doc_std": 0.20202070495240027
                    }
                },
                "PERS": {
                    "partial": {
                        "correct": 0,
                        "incorrect": 0,
                        "partial": 0,
                        "missed": 2,
                        "spurious": 0,
                        "possible": 2,
                        "actual": 0,
                        "TP": 0,
                        "FP": 0,
                        "FN": 2,
                        "P_micro": 0,
                        "R_micro": 0.0,
                        "F1_micro": 0,
                        "P_macro_doc": null,
                        "R_macro_doc": 0.0,
                        "F1_macro_doc": null,
                        "P_macro_doc_std": null,
                        "R_macro_doc_std": 0.0,
                        "F1_macro_doc_std": null
                    },
                    "strict": {
                        "correct": 0,
                        "incorrect": 0,
                        "partial": 0,
                        "missed": 2,
                        "spurious": 0,
                        "possible": 2,
                        "actual": 0,
                        "TP": 0,
                        "FP": 0,
                        "FN": 2,
                        "P_micro": 0,
                        "R_micro": 0.0,
                        "F1_micro": 0,
                        "P_macro_doc": null,
                        "R_macro_doc": 0.0,
                        "F1_macro_doc": null,
                        "P_macro_doc_std": null,
                        "R_macro_doc_std": 0.0,
                        "F1_macro_doc_std": null
                    },
                    "ent_type": {
                        "correct": 0,
                        "incorrect": 0,
                        "partial": 0,
                        "missed": 2,
                        "spurious": 0,
                        "possible": 2,
                        "actual": 0,
                        "TP": 0,
                        "FP": 0,
                        "FN": 2,
                        "P_micro": 0,
                        "R_micro": 0.0,
                        "F1_micro": 0,
                        "P_macro_doc": null,
                        "R_macro_doc": 0.0,
                        "F1_macro_doc": null,
                        "P_macro_doc_std": null,
                        "R_macro_doc_std": 0.0,
                        "F1_macro_doc_std": null
                    },
                    "exact": {
                        "correct": 0,
                        "incorrect": 0,
                        "partial": 0,
                        "missed": 2,
                        "spurious": 0,
                        "possible": 2,
                        "actual": 0,
                        "TP": 0,
                        "FP": 0,
                        "FN": 2,
                        "P_micro": 0,
                        "R_micro": 0.0,
                        "F1_micro": 0,
                        "P_macro_doc": null,
                        "R_macro_doc": 0.0,
                        "F1_macro_doc": null,
                        "P_macro_doc_std": null,
                        "R_macro_doc_std": 0.0,
                        "F1_macro_doc_std": null
                    }
                },
                "ALL": {
                    "partial": {
                        "correct": 42,
                        "incorrect": 0,
                        "partial": 3,
                        "missed": 13,
                        "spurious": 11,
                        "possible": 58,
                        "actual": 56,
                        "TP": 42,
                        "FP": 14,
                        "FN": 16,
                        "P_micro": 0.7767857142857143,
                        "R_micro": 0.75,
                        "F1_micro": 0.763157894736842,
                        "P_macro_doc": 0.7092938311688312,
                        "R_macro_doc": 0.7854978354978355,
                        "F1_macro_doc": 0.8434930566509513,