{
    "NE-COARSE-LIT": {
        "TIME-ALL": {
            "LED-ALL": {
                "ORG": {
                    "partial": {
                        "correct": 45,
                        "incorrect": 0,
                        "partial": 2,
                        "missed": 9,
                        "spurious": 5,
                        "possible": 56,
                        "actual": 52,
                        "TP": 45,
                        "FP": 7,
                        "FN": 11,
                        "P_micro": 0.8846153846153846,
                        "R_micro": 0.8214285714285714,
                        "F1_micro": 0.8518518518518519,
                        "P_macro_doc": 0.803125,
                        "R_macro_doc": 0.8775974025974026,
                        "F1_macro_doc": 0.890514977920993,
                        "P_macro_doc_std": 0.33282350333923233,
                        "R_macro_doc_std": 0.16256380352825975,
                        "F1_macro_doc_std": 0.13688965912948445
                    },
                    "strict": {
                        "correct": 45,
                        "incorrect": 2,
                        "partial": 0,
                        "missed": 9,
                        "spurious": 5,
                        "possible": 56,
                        "actual": 52,
                        "TP": 45,
                        "FP": 7,
                        "FN": 11,
                        "P_micro": 0.8653846153846154,
                        "R_micro": 0.8035714285714286,
                        "F1_micro": 0.8333333333333334,
                        "P_macro_doc": 0.75625,
                        "R_macro_doc": 0.8240259740259741,
                        "F1_macro_doc": 0.8369435493495645,
                        "P_macro_doc_std": 0.38563057127255873,
                        "R_macro_doc_std": 0.2782208007415253,
                        "F1_macro_doc_std": 0.2666507612061043
                    },
                    "ent_type": {
                        "correct": 47,
                        "incorrect": 0,
                        "partial": 0,
                        "missed": 9,
                        "spurious": 5,
                        "possible": 56,
                        "actual": 52,
                        "TP": 47,
                        "FP": 5,
                        "FN": 9,
                        "P_micro": 0.9038461538461539,
                        "R_micro": 0.8392857142857143,
                        "F1_micro": 0.8703703703703703,
                        "P_macro_doc": 0.85,
                        "R_macro_doc": 0.9311688311688312,
                        "F1_macro_doc": 0.9440864064924216,
                        "P_macro_doc_std": 0.32787192621510003,
                        "R_macro_doc_std": 0.11979243588133409,
                        "F1_macro_doc_std": 0.07264977856723175
                    },
                    "exact": {
                        "correct": 45,
                        "incorrect": 2,
                        "partial": 0,
                        "missed": 9,
                        "spurious": 5,
                        "possible": 56,
                        "actual": 52,
                        "TP": 45,
                        "FP": 7,
                        "FN": 11,
                        "P_micro": 0.8653846153846154,
                        "R_micro": 0.8035714285714286,
                        "F1_micro": 0.8333333333333334,
                        "P_macro_doc": 0.75625,
                        "R_macro_doc": 0.8240259740259741,
                        "F1_macro_doc": 0.8369435493495645,
                        "P_macro_doc_std": 0.38563057127255873,
                        "R_macro_doc_std": 0.2782208007415253,
                        "F1_macro_doc_std": 0.2666507612061043
                    }
                },
                "PERS": {
                    "partial": {
                        "correct": 0,
                        "incorrect": 0,
                        "partial": 0,
                        "missed": 2,
                        "spurious": 0,
                        "possible": 2,
                        "actual": 0,
                        "TP": 0,
                        "FP": 0,
                        "FN": 2,
                        "P_micro": 0,
                        "R_micro": 0.0,
                        "F1_micro": 0,
                        "P_macro_doc": null,
                        "R_macro_doc": 0.0,
                        "F1_macro_doc": null,
                        "P_macro_doc_std": null,
                        "R_macro_doc_std": 0.0,
                        "F1_macro_doc_std": null
                    },
                    "strict": {
                        "correct": 0,
                        "incorrect": 0,
                        "partial": 0,
                        "missed": 2,
                        "spurious": 0,
                        "possible": 2,
                        "actual": 0,
                        "TP": 0,
                        "FP": 0,
                        "FN": 2,
                        "P_micro": 0,
                        "R_micro": 0.0,
                        "F1_micro": 0,
                        "P_macro_doc": null,
                        "R_macro_doc": 0.0,
                        "F1_macro_doc": null,
                        "P_macro_doc_std": null,
                        "R_macro_doc_std": 0.0,
                        "F1_macro_doc_std": null
                    },
                    "ent_type": {
                        "correct": 0,
                        "incorrect": 0,
                        "partial": 0,
                        "missed": 2,
                        "spurious": 0,
                        "possible": 2,
                        "actual": 0,
                        "TP": 0,
                        "FP": 0,
                        "FN": 2,
                        "P_micro": 0,
                        "R_micro": 0.0,
                        "F1_micro": 0,
                        "P_macro_doc": null,
                        "R_macro_doc": 0.0,
                        "F1_macro_doc": null,
                        "P_macro_doc_std": null,
                        "R_macro_doc_std": 0.0,
                        "F1_macro_doc_std": null
                    },
                    "exact": {
                        "correct": 0,
                        "incorrect": 0,
                        "partial": 0,
                        "missed": 2,
                        "spurious": 0,
                        "possible": 2,
                        "actual": 0,
                        "TP": 0,
                        "FP": 0,
                        "FN": 2,
                        "P_micro": 0,
                        "R_micro": 0.0,
                        "F1_micro": 0,
                        "P_macro_doc": null,
                        "R_macro_doc": 0.0,
                        "F1_macro_doc": null,
                        "P_macro_doc_std": null,
                        "R_macro_doc_std": 0.0,
                        "F1_macro_doc_std": null
                    }
                },
                "ALL": {
                    "partial": {
                        "correct": 45,
                        "incorrect": 0,
                        "partial": 2,
                        "missed": 11,
                        "spurious": 5,
                        "possible": 58,
                        "actual": 52,
                        "TP": 45,
                        "FP": 7,
                        "FN": 13,
                        "P_micro": 0.8846153846153846,
                        "R_micro": 0.7931034482758621,
                        "F1_micro": 0.8363636363636363,
                        "P_macro_doc": 0.803125,
                        "R_macro_doc": 0.8299783549783549,