{"dev": {"global": [{"loss": 0.006335408995490458, "precision": 0.7627118644067796, "recall": 0.8108108108108109, "f1": 0.7860262008733624}, {"loss": 0.006071033297108913, "precision": 0.6758620689655173, "recall": 0.8828828828828829, "f1": 0.7656250000000001}, {"loss": 0.004848123182976481, "precision": 0.7238805970149254, "recall": 0.8738738738738738, "f1": 0.7918367346938776}], "sent-level": [null, null, null], "token-level": ["                             precision    recall  f1-score   support\n\n    org.ent.pressagency.AFP     0.6087    1.0000    0.7568        14\n     org.ent.pressagency.AP     0.8333    0.6250    0.7143         8\norg.ent.pressagency.ATS-SDA     0.8462    0.9167    0.8800        24\n    org.ent.pressagency.DNB     0.3333    0.3333    0.3333         3\n  org.ent.pressagency.Extel     0.0000    0.0000    0.0000         1\n  org.ent.pressagency.Havas     0.8214    0.8846    0.8519        26\norg.ent.pressagency.Reuters     0.8182    1.0000    0.9000        18\norg.ent.pressagency.Stefani     0.0000    0.0000    0.0000         1\n org.ent.pressagency.UP-UPI     1.0000    1.0000    1.0000         4\n  org.ent.pressagency.Wolff     0.5000    1.0000    0.6667         3\n     org.ent.pressagency.ag     0.0000    0.0000    0.0000         1\n    org.ent.pressagency.unk     0.0000    0.0000    0.0000         4\n     pers.ind.articleauthor     0.0000    0.0000    0.0000         4\n\n                  micro avg     0.7627    0.8108    0.7860       111\n                  macro avg     0.4432    0.5200    0.4695       111\n               weighted avg     0.7034    0.8108    0.7457       111\n", "                             precision    recall  f1-score   support\n\n    org.ent.pressagency.AFP     0.6087    1.0000    0.7568        14\n     org.ent.pressagency.AP     1.0000    0.8750    0.9333         8\norg.ent.pressagency.ATS-SDA     0.8571    1.0000    0.9231        24\n    org.ent.pressagency.DNB     1.0000    0.3333    0.5000         3\n    org.ent.pressagency.DPA     0.0000    0.0000    0.0000         0\n  org.ent.pressagency.Extel     0.0000    0.0000    0.0000         1\n  org.ent.pressagency.Havas     0.8065    0.9615    0.8772        26\norg.ent.pressagency.Reuters     0.8571    1.0000    0.9231        18\norg.ent.pressagency.Stefani     1.0000    1.0000    1.0000         1\n org.ent.pressagency.UP-UPI     0.8000    1.0000    0.8889         4\n  org.ent.pressagency.Wolff     0.6667    0.6667    0.6667         3\n     org.ent.pressagency.ag     0.0000    0.0000    0.0000         1\n    org.ent.pressagency.unk     0.0000    0.0000    0.0000         4\n     pers.ind.articleauthor     0.1429    0.5000    0.2222         4\n\n                  micro avg     0.6759    0.8829    0.7656       111\n                  macro avg     0.5528    0.5955    0.5494       111\n               weighted avg     0.7501    0.8829    0.7980       111\n", "                             precision    recall  f1-score   support\n\n    org.ent.pressagency.AFP     0.7000    1.0000    0.8235        14\n     org.ent.pressagency.AP     1.0000    0.7500    0.8571         8\norg.ent.pressagency.ATS-SDA     0.8571    1.0000    0.9231        24\n    org.ent.pressagency.DNB     0.3333    0.3333    0.3333         3\n    org.ent.pressagency.DPA     0.0000    0.0000    0.0000         0\n  org.ent.pressagency.Extel     0.0000    0.0000    0.0000         1\n  org.ent.pressagency.Havas     0.8065    0.9615    0.8772        26\norg.ent.pressagency.Reuters     0.8571    1.0000    0.9231        18\norg.ent.pressagency.Stefani     0.0000    0.0000    0.0000         1\n org.ent.pressagency.UP-UPI     0.8000    1.0000    0.8889         4\n  org.ent.pressagency.Wolff     0.5000    1.0000    0.6667         3\n     org.ent.pressagency.ag     0.0000    0.0000    0.0000         1\n    org.ent.pressagency.unk     0.2000    0.2500    0.2222         4\n     pers.ind.articleauthor     0.1429    0.2500    0.1818         4\n\n                  micro avg     0.7239    0.8739    0.7918       111\n                  macro avg     0.4426    0.5389    0.4784       111\n               weighted avg     0.7373    0.8739    0.7940       111\n"]}, "test": {"global": {"loss": 0.007353385580099511, "precision": 0.8026315789473685, "recall": 0.7973856209150327, "f1": 0.8000000000000002}, "token-level": "                             precision    recall  f1-score   support\n\n    org.ent.pressagency.AFP     0.9048    1.0000    0.9500        19\n   org.ent.pressagency.ANSA     0.0000    0.0000    0.0000         1\n     org.ent.pressagency.AP     0.7500    1.0000    0.8571         6\n    org.ent.pressagency.APA     0.0000    0.0000    0.0000         1\norg.ent.pressagency.ATS-SDA     1.0000    1.0000    1.0000        23\n    org.ent.pressagency.DNB     0.2500    0.3333    0.2857         3\n    org.ent.pressagency.DPA     1.0000    1.0000    1.0000         2\n  org.ent.pressagency.Havas     0.8125    0.8125    0.8125        32\n   org.ent.pressagency.Kipa     1.0000    1.0000    1.0000         1\norg.ent.pressagency.Reuters     0.9600    0.8889    0.9231        27\norg.ent.pressagency.Stefani     1.0000    1.0000    1.0000         2\n org.ent.pressagency.UP-UPI     0.9091    0.7692    0.8333        13\n  org.ent.pressagency.Wolff     0.4286    1.0000    0.6000         3\n org.ent.pressagency.Xinhua     0.0000    0.0000    0.0000         1\n     org.ent.pressagency.ag     0.0000    0.0000    0.0000         3\n    org.ent.pressagency.unk     0.2857    0.2857    0.2857         7\n     pers.ind.articleauthor     0.3333    0.3333    0.3333         9\n\n                  micro avg     0.8026    0.7974    0.8000       153\n                  macro avg     0.5667    0.6131    0.5812       153\n               weighted avg     0.7873    0.7974    0.7883       153\n"}}