{
    "NE-COARSE-LIT": {
        "TIME-ALL": {
            "LED-ALL": {
                "PERS": {
                    "partial": {
                        "correct": 3,
                        "incorrect": 0,
                        "partial": 0,
                        "missed": 6,
                        "spurious": 5,
                        "possible": 9,
                        "actual": 8,
                        "TP": 3,
                        "FP": 5,
                        "FN": 6,
                        "P_micro": 0.375,
                        "R_micro": 0.3333333333333333,
                        "F1_micro": 0.35294117647058826,
                        "P_macro_doc": 0.375,
                        "R_macro_doc": 0.3333333333333333,
                        "F1_macro_doc": 1.0,
                        "P_macro_doc_std": 0.4841229182759271,
                        "R_macro_doc_std": 0.4714045207910317,
                        "F1_macro_doc_std": 0.0
                    },
                    "strict": {
                        "correct": 3,
                        "incorrect": 0,
                        "partial": 0,
                        "missed": 6,
                        "spurious": 5,
                        "possible": 9,
                        "actual": 8,
                        "TP": 3,
                        "FP": 5,
                        "FN": 6,
                        "P_micro": 0.375,
                        "R_micro": 0.3333333333333333,
                        "F1_micro": 0.35294117647058826,
                        "P_macro_doc": 0.375,
                        "R_macro_doc": 0.3333333333333333,
                        "F1_macro_doc": 1.0,
                        "P_macro_doc_std": 0.4841229182759271,
                        "R_macro_doc_std": 0.4714045207910317,
                        "F1_macro_doc_std": 0.0
                    },
                    "ent_type": {
                        "correct": 3,
                        "incorrect": 0,
                        "partial": 0,
                        "missed": 6,
                        "spurious": 5,
                        "possible": 9,
                        "actual": 8,
                        "TP": 3,
                        "FP": 5,
                        "FN": 6,
                        "P_micro": 0.375,
                        "R_micro": 0.3333333333333333,
                        "F1_micro": 0.35294117647058826,
                        "P_macro_doc": 0.375,
                        "R_macro_doc": 0.3333333333333333,
                        "F1_macro_doc": 1.0,
                        "P_macro_doc_std": 0.4841229182759271,
                        "R_macro_doc_std": 0.4714045207910317,
                        "F1_macro_doc_std": 0.0
                    },
                    "exact": {
                        "correct": 3,
                        "incorrect": 0,
                        "partial": 0,
                        "missed": 6,
                        "spurious": 5,
                        "possible": 9,
                        "actual": 8,
                        "TP": 3,
                        "FP": 5,
                        "FN": 6,
                        "P_micro": 0.375,
                        "R_micro": 0.3333333333333333,
                        "F1_micro": 0.35294117647058826,
                        "P_macro_doc": 0.375,
                        "R_macro_doc": 0.3333333333333333,
                        "F1_macro_doc": 1.0,
                        "P_macro_doc_std": 0.4841229182759271,
                        "R_macro_doc_std": 0.4714045207910317,
                        "F1_macro_doc_std": 0.0
                    }
                },
                "ORG": {
                    "partial": {
                        "correct": 122,
                        "incorrect": 0,
                        "partial": 9,
                        "missed": 23,
                        "spurious": 10,
                        "possible": 154,
                        "actual": 141,
                        "TP": 122,
                        "FP": 19,
                        "FN": 32,
                        "P_micro": 0.8971631205673759,
                        "R_micro": 0.8214285714285714,
                        "F1_micro": 0.8576271186440678,
                        "P_macro_doc": 0.8924342105263158,
                        "R_macro_doc": 0.8517017704517704,
                        "F1_macro_doc": 0.9260460218793553,
                        "P_macro_doc_std": 0.2763165509248768,
                        "R_macro_doc_std": 0.30761524325351136,
                        "F1_macro_doc_std": 0.18969671672857719
                    },
                    "strict": {
                        "correct": 122,
                        "incorrect": 9,
                        "partial": 0,
                        "missed": 23,
                        "spurious": 10,
                        "possible": 154,
                        "actual": 141,
                        "TP": 122,
                        "FP": 19,
                        "FN": 32,
                        "P_micro": 0.8652482269503546,
                        "R_micro": 0.7922077922077922,
                        "F1_micro": 0.8271186440677967,
                        "P_macro_doc": 0.8703947368421053,
                        "R_macro_doc": 0.8324175824175825,
                        "F1_macro_doc": 0.9057858807858806,
                        "P_macro_doc_std": 0.3101899847496141,
                        "R_macro_doc_std": 0.334044349126212,
                        "F1_macro_doc_std": 0.2379679198357354
                    },
                    "ent_type": {
                        "correct": 130,
                        "incorrect": 1,
                        "partial": 0,
                        "missed": 23,
                        "spurious": 10,
                        "possible": 154,
                        "actual": 141,
                        "TP": 130,
                        "FP": 11,
                        "FN": 24,
                        "P_micro": 0.9219858156028369,
                        "R_micro": 0.8441558441558441,
                        "F1_micro": 0.8813559322033898,
                        "P_macro_doc": 0.9111842105263158,
                        "R_macro_doc": 0.8684218559218558,
                        "F1_macro_doc": 0.9432197432197431,
                        "P_macro_doc_std": 0.26329263728807106,
                        "R_macro_doc_std": 0.2993077684972911,
                        "F1_macro_doc_std": 0.16019044334987065
                    },
                    "exact": {
                        "correct": 122,
                        "incorrect": 9,
                        "partial": 0,
                        "missed": 23,
                        "spurious": 10,
                        "possible": 154,
                        "actual": 141,
                        "TP": 122,
                        "FP": 19,
                        "FN": 32,
                        "P_micro": 0.8652482269503546,
                        "R_micro": 0.7922077922077922,
                        "F1_micro": 0.8271186440677967,
                        "P_macro_doc": 0.8703947368421053,
                        "R_macro_doc": 0.8324175824175825,
                        "F1_macro_doc": 0.9057858807858806,
                        "P_macro_doc_std": 0.3101899847496141,
                        "R_macro_doc_std": 0.334044349126212,
                        "F1_macro_doc_std": 0.2379679198357354
                    }
                },
                "ALL": {
                    "partial": {
                        "correct": 125,
                        "incorrect": 0,
                        "partial": 9,
                        "missed": 29,
                        "spurious": 15,
                        "possible": 163,
                        "actual": 149,