{
    "NE-COARSE-LIT": {
        "TIME-ALL": {
            "LED-ALL": {
                "ORG": {
                    "partial": {
                        "correct": 102,
                        "incorrect": 0,
                        "partial": 3,
                        "missed": 5,
                        "spurious": 25,
                        "possible": 110,
                        "actual": 130,
                        "TP": 102,
                        "FP": 28,
                        "FN": 8,
                        "P_micro": 0.7961538461538461,
                        "R_micro": 0.9409090909090909,
                        "F1_micro": 0.8625,
                        "P_macro_doc": 0.890983893557423,
                        "R_macro_doc": 0.9515151515151514,
                        "F1_macro_doc": 0.935563923256231,
                        "P_macro_doc_std": 0.25684979767972077,
                        "R_macro_doc_std": 0.16899204234665074,
                        "F1_macro_doc_std": 0.15182505358511655
                    },
                    "strict": {
                        "correct": 102,
                        "incorrect": 3,
                        "partial": 0,
                        "missed": 5,
                        "spurious": 25,
                        "possible": 110,
                        "actual": 130,
                        "TP": 102,
                        "FP": 28,
                        "FN": 8,
                        "P_micro": 0.7846153846153846,
                        "R_micro": 0.9272727272727272,
                        "F1_micro": 0.8500000000000001,
                        "P_macro_doc": 0.8801295518207283,
                        "R_macro_doc": 0.9388888888888889,
                        "F1_macro_doc": 0.9237690514613591,
                        "P_macro_doc_std": 0.27779106874445925,
                        "R_macro_doc_std": 0.2026410913332862,
                        "F1_macro_doc_std": 0.18948487506915165
                    },
                    "ent_type": {
                        "correct": 105,
                        "incorrect": 0,
                        "partial": 0,
                        "missed": 5,
                        "spurious": 25,
                        "possible": 110,
                        "actual": 130,
                        "TP": 105,
                        "FP": 25,
                        "FN": 5,
                        "P_micro": 0.8076923076923077,
                        "R_micro": 0.9545454545454546,
                        "F1_micro": 0.875,
                        "P_macro_doc": 0.9018382352941177,
                        "R_macro_doc": 0.9641414141414142,
                        "F1_macro_doc": 0.9473587950511028,
                        "P_macro_doc_std": 0.25071920639930384,
                        "R_macro_doc_std": 0.1580937161929079,
                        "F1_macro_doc_std": 0.13701692875575974
                    },
                    "exact": {
                        "correct": 102,
                        "incorrect": 3,
                        "partial": 0,
                        "missed": 5,
                        "spurious": 25,
                        "possible": 110,
                        "actual": 130,
                        "TP": 102,
                        "FP": 28,
                        "FN": 8,
                        "P_micro": 0.7846153846153846,
                        "R_micro": 0.9272727272727272,
                        "F1_micro": 0.8500000000000001,
                        "P_macro_doc": 0.8801295518207283,
                        "R_macro_doc": 0.9388888888888889,
                        "F1_macro_doc": 0.9237690514613591,
                        "P_macro_doc_std": 0.27779106874445925,
                        "R_macro_doc_std": 0.2026410913332862,
                        "F1_macro_doc_std": 0.18948487506915165
                    }
                },
                "PERS": {
                    "partial": {
                        "correct": 1,
                        "incorrect": 0,
                        "partial": 0,
                        "missed": 3,
                        "spurious": 4,
                        "possible": 4,
                        "actual": 5,
                        "TP": 1,
                        "FP": 4,
                        "FN": 3,
                        "P_micro": 0.2,
                        "R_micro": 0.25,
                        "F1_micro": 0.22222222222222224,
                        "P_macro_doc": 0.2,
                        "R_macro_doc": 0.16666666666666666,
                        "F1_macro_doc": 0.6666666666666666,
                        "P_macro_doc_std": 0.4000000000000001,
                        "R_macro_doc_std": 0.23570226039551584,
                        "F1_macro_doc_std": 0.0
                    },
                    "strict": {
                        "correct": 1,
                        "incorrect": 0,
                        "partial": 0,
                        "missed": 3,
                        "spurious": 4,
                        "possible": 4,
                        "actual": 5,
                        "TP": 1,
                        "FP": 4,
                        "FN": 3,
                        "P_micro": 0.2,
                        "R_micro": 0.25,
                        "F1_micro": 0.22222222222222224,
                        "P_macro_doc": 0.2,
                        "R_macro_doc": 0.16666666666666666,
                        "F1_macro_doc": 0.6666666666666666,
                        "P_macro_doc_std": 0.4000000000000001,
                        "R_macro_doc_std": 0.23570226039551584,
                        "F1_macro_doc_std": 0.0
                    },
                    "ent_type": {
                        "correct": 1,
                        "incorrect": 0,
                        "partial": 0,
                        "missed": 3,
                        "spurious": 4,
                        "possible": 4,
                        "actual": 5,
                        "TP": 1,
                        "FP": 4,
                        "FN": 3,
                        "P_micro": 0.2,
                        "R_micro": 0.25,
                        "F1_micro": 0.22222222222222224,
                        "P_macro_doc": 0.2,
                        "R_macro_doc": 0.16666666666666666,
                        "F1_macro_doc": 0.6666666666666666,
                        "P_macro_doc_std": 0.4000000000000001,
                        "R_macro_doc_std": 0.23570226039551584,
                        "F1_macro_doc_std": 0.0
                    },
                    "exact": {
                        "correct": 1,
                        "incorrect": 0,
                        "partial": 0,
                        "missed": 3,
                        "spurious": 4,
                        "possible": 4,
                        "actual": 5,
                        "TP": 1,
                        "FP": 4,
                        "FN": 3,
                        "P_micro": 0.2,
                        "R_micro": 0.25,
                        "F1_micro": 0.22222222222222224,
                        "P_macro_doc": 0.2,
                        "R_macro_doc": 0.16666666666666666,
                        "F1_macro_doc": 0.6666666666666666,
                        "P_macro_doc_std": 0.4000000000000001,
                        "R_macro_doc_std": 0.23570226039551584,
                        "F1_macro_doc_std": 0.0
                    }
                },
                "ALL": {
                    "partial": {
                        "correct": 103,
                        "incorrect": 0,
                        "partial": 3,
                        "missed": 8,
                        "spurious": 29,
                        "possible": 114,
                        "actual": 135,
                        "TP": 103,