{
    "NE-COARSE-LIT": {
        "TIME-ALL": {
            "LED-ALL": {
                "ORG": {
                    "partial": {
                        "correct": 97,
                        "incorrect": 0,
                        "partial": 3,
                        "missed": 10,
                        "spurious": 25,
                        "possible": 110,
                        "actual": 125,
                        "TP": 97,
                        "FP": 28,
                        "FN": 13,
                        "P_micro": 0.788,
                        "R_micro": 0.8954545454545455,
                        "F1_micro": 0.8382978723404256,
                        "P_macro_doc": 0.8713684463684463,
                        "R_macro_doc": 0.9068181818181819,
                        "F1_macro_doc": 0.9359831029185869,
                        "P_macro_doc_std": 0.27455188315774365,
                        "R_macro_doc_std": 0.25251224713985015,
                        "F1_macro_doc_std": 0.13279743690775925
                    },
                    "strict": {
                        "correct": 97,
                        "incorrect": 3,
                        "partial": 0,
                        "missed": 10,
                        "spurious": 25,
                        "possible": 110,
                        "actual": 125,
                        "TP": 97,
                        "FP": 28,
                        "FN": 13,
                        "P_micro": 0.776,
                        "R_micro": 0.8818181818181818,
                        "F1_micro": 0.8255319148936171,
                        "P_macro_doc": 0.8574795574795575,
                        "R_macro_doc": 0.892929292929293,
                        "F1_macro_doc": 0.9211981566820276,
                        "P_macro_doc_std": 0.2950930502673344,
                        "R_macro_doc_std": 0.2764928961109792,
                        "F1_macro_doc_std": 0.1788536989115214
                    },
                    "ent_type": {
                        "correct": 100,
                        "incorrect": 0,
                        "partial": 0,
                        "missed": 10,
                        "spurious": 25,
                        "possible": 110,
                        "actual": 125,
                        "TP": 100,
                        "FP": 25,
                        "FN": 10,
                        "P_micro": 0.8,
                        "R_micro": 0.9090909090909091,
                        "F1_micro": 0.8510638297872342,
                        "P_macro_doc": 0.8852573352573352,
                        "R_macro_doc": 0.9207070707070707,
                        "F1_macro_doc": 0.950768049155146,
                        "P_macro_doc_std": 0.2712991155849188,
                        "R_macro_doc_std": 0.2469862215867695,
                        "F1_macro_doc_std": 0.11756354078851203
                    },
                    "exact": {
                        "correct": 97,
                        "incorrect": 3,
                        "partial": 0,
                        "missed": 10,
                        "spurious": 25,
                        "possible": 110,
                        "actual": 125,
                        "TP": 97,
                        "FP": 28,
                        "FN": 13,
                        "P_micro": 0.776,
                        "R_micro": 0.8818181818181818,
                        "F1_micro": 0.8255319148936171,
                        "P_macro_doc": 0.8574795574795575,
                        "R_macro_doc": 0.892929292929293,
                        "F1_macro_doc": 0.9211981566820276,
                        "P_macro_doc_std": 0.2950930502673344,
                        "R_macro_doc_std": 0.2764928961109792,
                        "F1_macro_doc_std": 0.1788536989115214
                    }
                },
                "PERS": {
                    "partial": {
                        "correct": 2,
                        "incorrect": 0,
                        "partial": 1,
                        "missed": 1,
                        "spurious": 3,
                        "possible": 4,
                        "actual": 6,
                        "TP": 2,
                        "FP": 4,
                        "FN": 2,
                        "P_micro": 0.4166666666666667,
                        "R_micro": 0.625,
                        "F1_micro": 0.5,
                        "P_macro_doc": 0.35,
                        "R_macro_doc": 0.5833333333333334,
                        "F1_macro_doc": 0.875,
                        "P_macro_doc_std": 0.43588989435406733,
                        "R_macro_doc_std": 0.42491829279939874,
                        "F1_macro_doc_std": 0.125
                    },
                    "strict": {
                        "correct": 2,
                        "incorrect": 1,
                        "partial": 0,
                        "missed": 1,
                        "spurious": 3,
                        "possible": 4,
                        "actual": 6,
                        "TP": 2,
                        "FP": 4,
                        "FN": 2,
                        "P_micro": 0.3333333333333333,
                        "R_micro": 0.5,
                        "F1_micro": 0.4,
                        "P_macro_doc": 0.3,
                        "R_macro_doc": 0.5,
                        "F1_macro_doc": 0.75,
                        "P_macro_doc_std": 0.39999999999999997,
                        "R_macro_doc_std": 0.408248290463863,
                        "F1_macro_doc_std": 0.25
                    },
                    "ent_type": {
                        "correct": 3,
                        "incorrect": 0,
                        "partial": 0,
                        "missed": 1,
                        "spurious": 3,
                        "possible": 4,
                        "actual": 6,
                        "TP": 3,
                        "FP": 3,
                        "FN": 1,
                        "P_micro": 0.5,
                        "R_micro": 0.75,
                        "F1_micro": 0.6,
                        "P_macro_doc": 0.4,
                        "R_macro_doc": 0.6666666666666666,
                        "F1_macro_doc": 1.0,
                        "P_macro_doc_std": 0.48989794855663565,
                        "R_macro_doc_std": 0.4714045207910317,
                        "F1_macro_doc_std": 0.0
                    },
                    "exact": {
                        "correct": 2,
                        "incorrect": 1,
                        "partial": 0,
                        "missed": 1,
                        "spurious": 3,
                        "possible": 4,
                        "actual": 6,
                        "TP": 2,
                        "FP": 4,
                        "FN": 2,
                        "P_micro": 0.3333333333333333,
                        "R_micro": 0.5,
                        "F1_micro": 0.4,
                        "P_macro_doc": 0.3,
                        "R_macro_doc": 0.5,
                        "F1_macro_doc": 0.75,
                        "P_macro_doc_std": 0.39999999999999997,
                        "R_macro_doc_std": 0.408248290463863,
                        "F1_macro_doc_std": 0.25
                    }
                },
                "ALL": {
                    "partial": {
                        "correct": 99,
                        "incorrect": 0,
                        "partial": 4,
                        "missed": 11,
                        "spurious": 28,
                        "possible": 114,
                        "actual": 131,
                        "TP": 99,
                        "FP": 32,
                        "FN": 15,
                        "P_micro": 0.7709923664122137,