{"dev": {"global": {"loss": 0.004152705215643294, "precision": 0.7391304347826086, "recall": 0.9107142857142857, "f1": 0.8159999999999998}, "sent-level": null, "token-level": "                             precision    recall  f1-score   support\n\n    org.ent.pressagency.AFP     0.7368    1.0000    0.8485        14\n     org.ent.pressagency.AP     1.0000    0.8750    0.9333         8\norg.ent.pressagency.ATS-SDA     0.7742    1.0000    0.8727        24\n    org.ent.pressagency.DNB     0.6667    0.6667    0.6667         3\n    org.ent.pressagency.DPA     0.0000    0.0000    0.0000         0\n  org.ent.pressagency.Extel     0.0000    0.0000    0.0000         1\n  org.ent.pressagency.Havas     0.7812    0.9615    0.8621        26\norg.ent.pressagency.Reuters     0.9000    0.9474    0.9231        19\norg.ent.pressagency.Stefani     1.0000    1.0000    1.0000         1\n org.ent.pressagency.UP-UPI     0.8000    1.0000    0.8889         4\n  org.ent.pressagency.Wolff     0.6000    1.0000    0.7500         3\n     org.ent.pressagency.ag     0.5000    1.0000    0.6667         1\n    org.ent.pressagency.unk     0.2500    0.2500    0.2500         4\n     pers.ind.articleauthor     0.2857    0.5000    0.3636         4\n\n                  micro avg     0.7391    0.9107    0.8160       112\n                  macro avg     0.5925    0.7286    0.6447       112\n               weighted avg     0.7585    0.9107    0.8229       112\n"}, "test": {"global": {"loss": 0.006655306487606059, "precision": 0.8441558441558441, "recall": 0.8333333333333334, "f1": 0.8387096774193548}, "sent-level": null, "token-level": "                             precision    recall  f1-score   support\n\n    org.ent.pressagency.AFP     0.9524    1.0000    0.9756        20\n   org.ent.pressagency.ANSA     0.0000    0.0000    0.0000         1\n     org.ent.pressagency.AP     0.8571    1.0000    0.9231         6\n    org.ent.pressagency.APA     0.0000    0.0000    0.0000         1\norg.ent.pressagency.ATS-SDA     0.9565    0.9565    0.9565        23\n    org.ent.pressagency.DNB     0.6667    0.6667    0.6667         3\n    org.ent.pressagency.DPA     1.0000    1.0000    1.0000         2\n  org.ent.pressagency.Havas     0.8235    0.8485    0.8358        33\n   org.ent.pressagency.Kipa     1.0000    1.0000    1.0000         1\norg.ent.pressagency.Reuters     0.9583    0.8519    0.9020        27\norg.ent.pressagency.Stefani     1.0000    1.0000    1.0000         2\n org.ent.pressagency.UP-UPI     0.9167    0.8462    0.8800        13\n  org.ent.pressagency.Wolff     0.5714    1.0000    0.7273         4\n org.ent.pressagency.Xinhua     0.0000    0.0000    0.0000         1\n     org.ent.pressagency.ag     0.5000    1.0000    0.6667         3\n    org.ent.pressagency.unk     0.4286    0.4286    0.4286         7\n     pers.ind.articleauthor     0.6000    0.3333    0.4286         9\n\n                  micro avg     0.8442    0.8333    0.8387       156\n                  macro avg     0.6607    0.7019    0.6700       156\n               weighted avg     0.8355    0.8333    0.8282       156\n"}}