{
    "NE-COARSE-LIT": {
        "TIME-ALL": {
            "LED-ALL": {
                "PERS": {
                    "partial": {
                        "correct": 3,
                        "incorrect": 0,
                        "partial": 0,
                        "missed": 6,
                        "spurious": 1,
                        "possible": 9,
                        "actual": 4,
                        "TP": 3,
                        "FP": 1,
                        "FN": 6,
                        "P_micro": 0.75,
                        "R_micro": 0.3333333333333333,
                        "F1_micro": 0.46153846153846156,
                        "P_macro_doc": 0.75,
                        "R_macro_doc": 0.3333333333333333,
                        "F1_macro_doc": 1.0,
                        "P_macro_doc_std": 0.4330127018922193,
                        "R_macro_doc_std": 0.4714045207910317,
                        "F1_macro_doc_std": 0.0
                    },
                    "strict": {
                        "correct": 3,
                        "incorrect": 0,
                        "partial": 0,
                        "missed": 6,
                        "spurious": 1,
                        "possible": 9,
                        "actual": 4,
                        "TP": 3,
                        "FP": 1,
                        "FN": 6,
                        "P_micro": 0.75,
                        "R_micro": 0.3333333333333333,
                        "F1_micro": 0.46153846153846156,
                        "P_macro_doc": 0.75,
                        "R_macro_doc": 0.3333333333333333,
                        "F1_macro_doc": 1.0,
                        "P_macro_doc_std": 0.4330127018922193,
                        "R_macro_doc_std": 0.4714045207910317,
                        "F1_macro_doc_std": 0.0
                    },
                    "ent_type": {
                        "correct": 3,
                        "incorrect": 0,
                        "partial": 0,
                        "missed": 6,
                        "spurious": 1,
                        "possible": 9,
                        "actual": 4,
                        "TP": 3,
                        "FP": 1,
                        "FN": 6,
                        "P_micro": 0.75,
                        "R_micro": 0.3333333333333333,
                        "F1_micro": 0.46153846153846156,
                        "P_macro_doc": 0.75,
                        "R_macro_doc": 0.3333333333333333,
                        "F1_macro_doc": 1.0,
                        "P_macro_doc_std": 0.4330127018922193,
                        "R_macro_doc_std": 0.4714045207910317,
                        "F1_macro_doc_std": 0.0
                    },
                    "exact": {
                        "correct": 3,
                        "incorrect": 0,
                        "partial": 0,
                        "missed": 6,
                        "spurious": 1,
                        "possible": 9,
                        "actual": 4,
                        "TP": 3,
                        "FP": 1,
                        "FN": 6,
                        "P_micro": 0.75,
                        "R_micro": 0.3333333333333333,
                        "F1_micro": 0.46153846153846156,
                        "P_macro_doc": 0.75,
                        "R_macro_doc": 0.3333333333333333,
                        "F1_macro_doc": 1.0,
                        "P_macro_doc_std": 0.4330127018922193,
                        "R_macro_doc_std": 0.4714045207910317,
                        "F1_macro_doc_std": 0.0
                    }
                },
                "ORG": {
                    "partial": {
                        "correct": 130,
                        "incorrect": 0,
                        "partial": 4,
                        "missed": 20,
                        "spurious": 14,
                        "possible": 154,
                        "actual": 148,
                        "TP": 130,
                        "FP": 18,
                        "FN": 24,
                        "P_micro": 0.8918918918918919,
                        "R_micro": 0.8571428571428571,
                        "F1_micro": 0.8741721854304636,
                        "P_macro_doc": 0.884493670886076,
                        "R_macro_doc": 0.8901098901098902,
                        "F1_macro_doc": 0.9313695313695315,
                        "P_macro_doc_std": 0.2941761666902163,
                        "R_macro_doc_std": 0.2582285358022639,
                        "F1_macro_doc_std": 0.1725001562743294
                    },
                    "strict": {
                        "correct": 130,
                        "incorrect": 4,
                        "partial": 0,
                        "missed": 20,
                        "spurious": 14,
                        "possible": 154,
                        "actual": 148,
                        "TP": 130,
                        "FP": 18,
                        "FN": 24,
                        "P_micro": 0.8783783783783784,
                        "R_micro": 0.8441558441558441,
                        "F1_micro": 0.8609271523178808,
                        "P_macro_doc": 0.8755274261603376,
                        "R_macro_doc": 0.8786782661782662,
                        "F1_macro_doc": 0.9211807711807712,
                        "P_macro_doc_std": 0.30435003077201767,
                        "R_macro_doc_std": 0.2775288994459317,
                        "F1_macro_doc_std": 0.19773898298583967
                    },
                    "ent_type": {
                        "correct": 133,
                        "incorrect": 1,
                        "partial": 0,
                        "missed": 20,
                        "spurious": 14,
                        "possible": 154,
                        "actual": 148,
                        "TP": 133,
                        "FP": 15,
                        "FN": 21,
                        "P_micro": 0.8986486486486487,
                        "R_micro": 0.8636363636363636,
                        "F1_micro": 0.8807947019867549,
                        "P_macro_doc": 0.8902953586497891,
                        "R_macro_doc": 0.8989774114774115,
                        "F1_macro_doc": 0.9385552885552886,
                        "P_macro_doc_std": 0.2894488627159272,
                        "R_macro_doc_std": 0.2547289330533873,
                        "F1_macro_doc_std": 0.1606795638073527
                    },
                    "exact": {
                        "correct": 130,
                        "incorrect": 4,
                        "partial": 0,
                        "missed": 20,
                        "spurious": 14,
                        "possible": 154,
                        "actual": 148,
                        "TP": 130,
                        "FP": 18,
                        "FN": 24,
                        "P_micro": 0.8783783783783784,
                        "R_micro": 0.8441558441558441,
                        "F1_micro": 0.8609271523178808,
                        "P_macro_doc": 0.8755274261603376,
                        "R_macro_doc": 0.8786782661782662,
                        "F1_macro_doc": 0.9211807711807712,
                        "P_macro_doc_std": 0.30435003077201767,
                        "R_macro_doc_std": 0.2775288994459317,
                        "F1_macro_doc_std": 0.19773898298583967
                    }
                },
                "ALL": {
                    "partial": {
                        "correct": 133,
                        "incorrect": 0,
                        "partial": 4,
                        "missed": 26,
                        "spurious": 15,
                        "possible": 163,
                        "actual": 152,
                        "TP": 133,