{
    "NE-COARSE-LIT": {
        "TIME-ALL": {
            "LED-ALL": {
                "ORG": {
                    "partial": {
                        "correct": 99,
                        "incorrect": 0,
                        "partial": 11,
                        "missed": 44,
                        "spurious": 24,
                        "possible": 154,
                        "actual": 134,
                        "TP": 99,
                        "FP": 35,
                        "FN": 55,
                        "P_micro": 0.7798507462686567,
                        "R_micro": 0.6785714285714286,
                        "F1_micro": 0.7256944444444444,
                        "P_macro_doc": 0.8263062169312169,
                        "R_macro_doc": 0.7212454212454212,
                        "F1_macro_doc": 0.845336877053295,
                        "P_macro_doc_std": 0.3243369886806066,
                        "R_macro_doc_std": 0.3711660845838508,
                        "F1_macro_doc_std": 0.24191831581948745
                    },
                    "strict": {
                        "correct": 99,
                        "incorrect": 11,
                        "partial": 0,
                        "missed": 44,
                        "spurious": 24,
                        "possible": 154,
                        "actual": 134,
                        "TP": 99,
                        "FP": 35,
                        "FN": 55,
                        "P_micro": 0.7388059701492538,
                        "R_micro": 0.6428571428571429,
                        "F1_micro": 0.6875,
                        "P_macro_doc": 0.7974537037037036,
                        "R_macro_doc": 0.6863095238095238,
                        "F1_macro_doc": 0.8125680289859395,
                        "P_macro_doc_std": 0.3628593054251878,
                        "R_macro_doc_std": 0.4041102431209424,
                        "F1_macro_doc_std": 0.30164851202675286
                    },
                    "ent_type": {
                        "correct": 110,
                        "incorrect": 0,
                        "partial": 0,
                        "missed": 44,
                        "spurious": 24,
                        "possible": 154,
                        "actual": 134,
                        "TP": 110,
                        "FP": 24,
                        "FN": 44,
                        "P_micro": 0.8208955223880597,
                        "R_micro": 0.7142857142857143,
                        "F1_micro": 0.7638888888888888,
                        "P_macro_doc": 0.8551587301587301,
                        "R_macro_doc": 0.7561813186813187,
                        "F1_macro_doc": 0.8781057251206504,
                        "P_macro_doc_std": 0.3098162029607748,
                        "R_macro_doc_std": 0.37225442462380043,
                        "F1_macro_doc_std": 0.21370819110029002
                    },
                    "exact": {
                        "correct": 99,
                        "incorrect": 11,
                        "partial": 0,
                        "missed": 44,
                        "spurious": 24,
                        "possible": 154,
                        "actual": 134,
                        "TP": 99,
                        "FP": 35,
                        "FN": 55,
                        "P_micro": 0.7388059701492538,
                        "R_micro": 0.6428571428571429,
                        "F1_micro": 0.6875,
                        "P_macro_doc": 0.7974537037037036,
                        "R_macro_doc": 0.6863095238095238,
                        "F1_macro_doc": 0.8125680289859395,
                        "P_macro_doc_std": 0.3628593054251878,
                        "R_macro_doc_std": 0.4041102431209424,
                        "F1_macro_doc_std": 0.30164851202675286
                    }
                },
                "PERS": {
                    "partial": {
                        "correct": 0,
                        "incorrect": 0,
                        "partial": 0,
                        "missed": 9,
                        "spurious": 1,
                        "possible": 9,
                        "actual": 1,
                        "TP": 0,
                        "FP": 1,
                        "FN": 9,
                        "P_micro": 0.0,
                        "R_micro": 0.0,
                        "F1_micro": 0,
                        "P_macro_doc": 0.0,
                        "R_macro_doc": 0.0,
                        "F1_macro_doc": null,
                        "P_macro_doc_std": 0.0,
                        "R_macro_doc_std": 0.0,
                        "F1_macro_doc_std": null
                    },
                    "strict": {
                        "correct": 0,
                        "incorrect": 0,
                        "partial": 0,
                        "missed": 9,
                        "spurious": 1,
                        "possible": 9,
                        "actual": 1,
                        "TP": 0,
                        "FP": 1,
                        "FN": 9,
                        "P_micro": 0.0,
                        "R_micro": 0.0,
                        "F1_micro": 0,
                        "P_macro_doc": 0.0,
                        "R_macro_doc": 0.0,
                        "F1_macro_doc": null,
                        "P_macro_doc_std": 0.0,
                        "R_macro_doc_std": 0.0,
                        "F1_macro_doc_std": null
                    },
                    "ent_type": {
                        "correct": 0,
                        "incorrect": 0,
                        "partial": 0,
                        "missed": 9,
                        "spurious": 1,
                        "possible": 9,
                        "actual": 1,
                        "TP": 0,
                        "FP": 1,
                        "FN": 9,
                        "P_micro": 0.0,
                        "R_micro": 0.0,
                        "F1_micro": 0,
                        "P_macro_doc": 0.0,
                        "R_macro_doc": 0.0,
                        "F1_macro_doc": null,
                        "P_macro_doc_std": 0.0,
                        "R_macro_doc_std": 0.0,
                        "F1_macro_doc_std": null
                    },
                    "exact": {
                        "correct": 0,
                        "incorrect": 0,
                        "partial": 0,
                        "missed": 9,
                        "spurious": 1,
                        "possible": 9,
                        "actual": 1,
                        "TP": 0,
                        "FP": 1,
                        "FN": 9,
                        "P_micro": 0.0,
                        "R_micro": 0.0,
                        "F1_micro": 0,
                        "P_macro_doc": 0.0,
                        "R_macro_doc": 0.0,
                        "F1_macro_doc": null,
                        "P_macro_doc_std": 0.0,
                        "R_macro_doc_std": 0.0,
                        "F1_macro_doc_std": null
                    }
                },
                "ALL": {
                    "partial": {
                        "correct": 99,
                        "incorrect": 0,
                        "partial": 11,
                        "missed": 53,
                        "spurious": 25,
                        "possible": 163,
                        "actual": 135,
                        "TP": 99,
                        "FP": 36,
                        "FN": 64,
                        "P_micro": 0.774074074074074,
                        "R_micro": 0.6411042944785276,
                        "F1_micro": 0.7013422818791946,
                        "P_macro_doc": 0.8263062169312169,