{
    "NE-COARSE-LIT": {
        "TIME-ALL": {
            "LED-ALL": {
                "ORG": {
                    "partial": {
                        "correct": 73,
                        "incorrect": 0,
                        "partial": 6,
                        "missed": 31,
                        "spurious": 19,
                        "possible": 110,
                        "actual": 98,
                        "TP": 73,
                        "FP": 25,
                        "FN": 37,
                        "P_micro": 0.7755102040816326,
                        "R_micro": 0.6909090909090909,
                        "F1_micro": 0.7307692307692308,
                        "P_macro_doc": 0.775221953188055,
                        "R_macro_doc": 0.6729797979797979,
                        "F1_macro_doc": 0.8560897435897435,
                        "P_macro_doc_std": 0.36681865309186984,
                        "R_macro_doc_std": 0.4169773099737632,
                        "F1_macro_doc_std": 0.24212001787790954
                    },
                    "strict": {
                        "correct": 73,
                        "incorrect": 6,
                        "partial": 0,
                        "missed": 31,
                        "spurious": 19,
                        "possible": 110,
                        "actual": 98,
                        "TP": 73,
                        "FP": 25,
                        "FN": 37,
                        "P_micro": 0.7448979591836735,
                        "R_micro": 0.6636363636363637,
                        "F1_micro": 0.7019230769230769,
                        "P_macro_doc": 0.7328490718321228,
                        "R_macro_doc": 0.6363636363636364,
                        "F1_macro_doc": 0.8089743589743589,
                        "P_macro_doc_std": 0.4134185119153189,
                        "R_macro_doc_std": 0.44701506361105364,
                        "F1_macro_doc_std": 0.32861177732582664
                    },
                    "ent_type": {
                        "correct": 79,
                        "incorrect": 0,
                        "partial": 0,
                        "missed": 31,
                        "spurious": 19,
                        "possible": 110,
                        "actual": 98,
                        "TP": 79,
                        "FP": 19,
                        "FN": 31,
                        "P_micro": 0.8061224489795918,
                        "R_micro": 0.7181818181818181,
                        "F1_micro": 0.7596153846153846,
                        "P_macro_doc": 0.8175948345439872,
                        "R_macro_doc": 0.7095959595959596,
                        "F1_macro_doc": 0.9032051282051282,
                        "P_macro_doc_std": 0.3643372799886413,
                        "R_macro_doc_std": 0.4222261490320514,
                        "F1_macro_doc_std": 0.2173076923076923
                    },
                    "exact": {
                        "correct": 73,
                        "incorrect": 6,
                        "partial": 0,
                        "missed": 31,
                        "spurious": 19,
                        "possible": 110,
                        "actual": 98,
                        "TP": 73,
                        "FP": 25,
                        "FN": 37,
                        "P_micro": 0.7448979591836735,
                        "R_micro": 0.6636363636363637,
                        "F1_micro": 0.7019230769230769,
                        "P_macro_doc": 0.7328490718321228,
                        "R_macro_doc": 0.6363636363636364,
                        "F1_macro_doc": 0.8089743589743589,
                        "P_macro_doc_std": 0.4134185119153189,
                        "R_macro_doc_std": 0.44701506361105364,
                        "F1_macro_doc_std": 0.32861177732582664
                    }
                },
                "PERS": {
                    "partial": {
                        "correct": 0,
                        "incorrect": 0,
                        "partial": 0,
                        "missed": 4,
                        "spurious": 0,
                        "possible": 4,
                        "actual": 0,
                        "TP": 0,
                        "FP": 0,
                        "FN": 4,
                        "P_micro": 0,
                        "R_micro": 0.0,
                        "F1_micro": 0,
                        "P_macro_doc": null,
                        "R_macro_doc": 0.0,
                        "F1_macro_doc": null,
                        "P_macro_doc_std": null,
                        "R_macro_doc_std": 0.0,
                        "F1_macro_doc_std": null
                    },
                    "strict": {
                        "correct": 0,
                        "incorrect": 0,
                        "partial": 0,
                        "missed": 4,
                        "spurious": 0,
                        "possible": 4,
                        "actual": 0,
                        "TP": 0,
                        "FP": 0,
                        "FN": 4,
                        "P_micro": 0,
                        "R_micro": 0.0,
                        "F1_micro": 0,
                        "P_macro_doc": null,
                        "R_macro_doc": 0.0,
                        "F1_macro_doc": null,
                        "P_macro_doc_std": null,
                        "R_macro_doc_std": 0.0,
                        "F1_macro_doc_std": null
                    },
                    "ent_type": {
                        "correct": 0,
                        "incorrect": 0,
                        "partial": 0,
                        "missed": 4,
                        "spurious": 0,
                        "possible": 4,
                        "actual": 0,
                        "TP": 0,
                        "FP": 0,
                        "FN": 4,
                        "P_micro": 0,
                        "R_micro": 0.0,
                        "F1_micro": 0,
                        "P_macro_doc": null,
                        "R_macro_doc": 0.0,
                        "F1_macro_doc": null,
                        "P_macro_doc_std": null,
                        "R_macro_doc_std": 0.0,
                        "F1_macro_doc_std": null
                    },
                    "exact": {
                        "correct": 0,
                        "incorrect": 0,
                        "partial": 0,
                        "missed": 4,
                        "spurious": 0,
                        "possible": 4,
                        "actual": 0,
                        "TP": 0,
                        "FP": 0,
                        "FN": 4,
                        "P_micro": 0,
                        "R_micro": 0.0,
                        "F1_micro": 0,
                        "P_macro_doc": null,
                        "R_macro_doc": 0.0,
                        "F1_macro_doc": null,
                        "P_macro_doc_std": null,
                        "R_macro_doc_std": 0.0,
                        "F1_macro_doc_std": null
                    }
                },
                "ALL": {
                    "partial": {
                        "correct": 73,
                        "incorrect": 0,
                        "partial": 6,
                        "missed": 35,
                        "spurious": 19,
                        "possible": 114,
                        "actual": 98,
                        "TP": 73,
                        "FP": 25,
                        "FN": 41,
                        "P_micro": 0.7755102040816326,
                        "R_micro": 0.6666666666666666,
                        "F1_micro": 0.7169811320754716,
                        "P_macro_doc": 0.775221953188055,