{
    "NE-COARSE-LIT": {
        "TIME-ALL": {
            "LED-ALL": {
                "ORG": {
                    "partial": {
                        "correct": 99,
                        "incorrect": 0,
                        "partial": 3,
                        "missed": 8,
                        "spurious": 24,
                        "possible": 110,
                        "actual": 126,
                        "TP": 99,
                        "FP": 27,
                        "FN": 11,
                        "P_micro": 0.7976190476190477,
                        "R_micro": 0.9136363636363637,
                        "F1_micro": 0.8516949152542372,
                        "P_macro_doc": 0.871195652173913,
                        "R_macro_doc": 0.9282828282828283,
                        "F1_macro_doc": 0.9361742424242425,
                        "P_macro_doc_std": 0.29023608713837207,
                        "R_macro_doc_std": 0.20786249212173427,
                        "F1_macro_doc_std": 0.14482173246517552
                    },
                    "strict": {
                        "correct": 99,
                        "incorrect": 3,
                        "partial": 0,
                        "missed": 8,
                        "spurious": 24,
                        "possible": 110,
                        "actual": 126,
                        "TP": 99,
                        "FP": 27,
                        "FN": 11,
                        "P_micro": 0.7857142857142857,
                        "R_micro": 0.9,
                        "F1_micro": 0.8389830508474577,
                        "P_macro_doc": 0.8606280193236715,
                        "R_macro_doc": 0.9156565656565657,
                        "F1_macro_doc": 0.9243371212121212,
                        "P_macro_doc_std": 0.30786746388336833,
                        "R_macro_doc_std": 0.23478765368351895,
                        "F1_macro_doc_std": 0.18444983773227563
                    },
                    "ent_type": {
                        "correct": 102,
                        "incorrect": 0,
                        "partial": 0,
                        "missed": 8,
                        "spurious": 24,
                        "possible": 110,
                        "actual": 126,
                        "TP": 102,
                        "FP": 24,
                        "FN": 8,
                        "P_micro": 0.8095238095238095,
                        "R_micro": 0.9272727272727272,
                        "F1_micro": 0.864406779661017,
                        "P_macro_doc": 0.8817632850241546,
                        "R_macro_doc": 0.9409090909090909,
                        "F1_macro_doc": 0.9480113636363636,
                        "P_macro_doc_std": 0.28571489624630125,
                        "R_macro_doc_std": 0.2005711923067434,
                        "F1_macro_doc_std": 0.12877698121229397
                    },
                    "exact": {
                        "correct": 99,
                        "incorrect": 3,
                        "partial": 0,
                        "missed": 8,
                        "spurious": 24,
                        "possible": 110,
                        "actual": 126,
                        "TP": 99,
                        "FP": 27,
                        "FN": 11,
                        "P_micro": 0.7857142857142857,
                        "R_micro": 0.9,
                        "F1_micro": 0.8389830508474577,
                        "P_macro_doc": 0.8606280193236715,
                        "R_macro_doc": 0.9156565656565657,
                        "F1_macro_doc": 0.9243371212121212,
                        "P_macro_doc_std": 0.30786746388336833,
                        "R_macro_doc_std": 0.23478765368351895,
                        "F1_macro_doc_std": 0.18444983773227563
                    }
                },
                "PERS": {
                    "partial": {
                        "correct": 0,
                        "incorrect": 0,
                        "partial": 0,
                        "missed": 4,
                        "spurious": 2,
                        "possible": 4,
                        "actual": 2,
                        "TP": 0,
                        "FP": 2,
                        "FN": 4,
                        "P_micro": 0.0,
                        "R_micro": 0.0,
                        "F1_micro": 0,
                        "P_macro_doc": 0.0,
                        "R_macro_doc": 0.0,
                        "F1_macro_doc": null,
                        "P_macro_doc_std": 0.0,
                        "R_macro_doc_std": 0.0,
                        "F1_macro_doc_std": null
                    },
                    "strict": {
                        "correct": 0,
                        "incorrect": 0,
                        "partial": 0,
                        "missed": 4,
                        "spurious": 2,
                        "possible": 4,
                        "actual": 2,
                        "TP": 0,
                        "FP": 2,
                        "FN": 4,
                        "P_micro": 0.0,
                        "R_micro": 0.0,
                        "F1_micro": 0,
                        "P_macro_doc": 0.0,
                        "R_macro_doc": 0.0,
                        "F1_macro_doc": null,
                        "P_macro_doc_std": 0.0,
                        "R_macro_doc_std": 0.0,
                        "F1_macro_doc_std": null
                    },
                    "ent_type": {
                        "correct": 0,
                        "incorrect": 0,
                        "partial": 0,
                        "missed": 4,
                        "spurious": 2,
                        "possible": 4,
                        "actual": 2,
                        "TP": 0,
                        "FP": 2,
                        "FN": 4,
                        "P_micro": 0.0,
                        "R_micro": 0.0,
                        "F1_micro": 0,
                        "P_macro_doc": 0.0,
                        "R_macro_doc": 0.0,
                        "F1_macro_doc": null,
                        "P_macro_doc_std": 0.0,
                        "R_macro_doc_std": 0.0,
                        "F1_macro_doc_std": null
                    },
                    "exact": {
                        "correct": 0,
                        "incorrect": 0,
                        "partial": 0,
                        "missed": 4,
                        "spurious": 2,
                        "possible": 4,
                        "actual": 2,
                        "TP": 0,
                        "FP": 2,
                        "FN": 4,
                        "P_micro": 0.0,
                        "R_micro": 0.0,
                        "F1_micro": 0,
                        "P_macro_doc": 0.0,
                        "R_macro_doc": 0.0,
                        "F1_macro_doc": null,
                        "P_macro_doc_std": 0.0,
                        "R_macro_doc_std": 0.0,
                        "F1_macro_doc_std": null
                    }
                },
                "ALL": {
                    "partial": {
                        "correct": 99,
                        "incorrect": 0,
                        "partial": 3,
                        "missed": 12,
                        "spurious": 26,
                        "possible": 114,
                        "actual": 128,
                        "TP": 99,
                        "FP": 29,
                        "FN": 15,
                        "P_micro": 0.78515625,
                        "R_micro": 0.881578947368421,
                        "F1_micro": 0.8305785123966942,
                        "P_macro_doc": 0.8591183574879228,
                        "R_macro_doc": 0.8879227053140096,