{
    "NE-COARSE-LIT": {
        "TIME-ALL": {
            "LED-ALL": {
                "ORG": {
                    "partial": {
                        "correct": 98,
                        "incorrect": 0,
                        "partial": 2,
                        "missed": 10,
                        "spurious": 28,
                        "possible": 110,
                        "actual": 128,
                        "TP": 98,
                        "FP": 30,
                        "FN": 12,
                        "P_micro": 0.7734375,
                        "R_micro": 0.9,
                        "F1_micro": 0.8319327731092439,
                        "P_macro_doc": 0.8592039800995024,
                        "R_macro_doc": 0.9272727272727274,
                        "F1_macro_doc": 0.9325445277826231,
                        "P_macro_doc_std": 0.27984068528072836,
                        "R_macro_doc_std": 0.22292130626034354,
                        "F1_macro_doc_std": 0.13882392222319795
                    },
                    "strict": {
                        "correct": 98,
                        "incorrect": 2,
                        "partial": 0,
                        "missed": 10,
                        "spurious": 28,
                        "possible": 110,
                        "actual": 128,
                        "TP": 98,
                        "FP": 30,
                        "FN": 12,
                        "P_micro": 0.765625,
                        "R_micro": 0.8909090909090909,
                        "F1_micro": 0.823529411764706,
                        "P_macro_doc": 0.8529850746268657,
                        "R_macro_doc": 0.9171717171717172,
                        "F1_macro_doc": 0.924608019846115,
                        "P_macro_doc_std": 0.2903352750124185,
                        "R_macro_doc_std": 0.24647292584206,
                        "F1_macro_doc_std": 0.16816499313592254
                    },
                    "ent_type": {
                        "correct": 100,
                        "incorrect": 0,
                        "partial": 0,
                        "missed": 10,
                        "spurious": 28,
                        "possible": 110,
                        "actual": 128,
                        "TP": 100,
                        "FP": 28,
                        "FN": 10,
                        "P_micro": 0.78125,
                        "R_micro": 0.9090909090909091,
                        "F1_micro": 0.8403361344537814,
                        "P_macro_doc": 0.8654228855721393,
                        "R_macro_doc": 0.9373737373737374,
                        "F1_macro_doc": 0.9404810357191309,
                        "P_macro_doc_std": 0.2737600332916148,
                        "R_macro_doc_std": 0.21645406441986056,
                        "F1_macro_doc_std": 0.12061464507200359
                    },
                    "exact": {
                        "correct": 98,
                        "incorrect": 2,
                        "partial": 0,
                        "missed": 10,
                        "spurious": 28,
                        "possible": 110,
                        "actual": 128,
                        "TP": 98,
                        "FP": 30,
                        "FN": 12,
                        "P_micro": 0.765625,
                        "R_micro": 0.8909090909090909,
                        "F1_micro": 0.823529411764706,
                        "P_macro_doc": 0.8529850746268657,
                        "R_macro_doc": 0.9171717171717172,
                        "F1_macro_doc": 0.924608019846115,
                        "P_macro_doc_std": 0.2903352750124185,
                        "R_macro_doc_std": 0.24647292584206,
                        "F1_macro_doc_std": 0.16816499313592254
                    }
                },
                "PERS": {
                    "partial": {
                        "correct": 2,
                        "incorrect": 0,
                        "partial": 0,
                        "missed": 2,
                        "spurious": 3,
                        "possible": 4,
                        "actual": 5,
                        "TP": 2,
                        "FP": 3,
                        "FN": 2,
                        "P_micro": 0.4,
                        "R_micro": 0.5,
                        "F1_micro": 0.4444444444444445,
                        "P_macro_doc": 0.4,
                        "R_macro_doc": 0.5,
                        "F1_macro_doc": 0.8333333333333333,
                        "P_macro_doc_std": 0.48989794855663565,
                        "R_macro_doc_std": 0.408248290463863,
                        "F1_macro_doc_std": 0.16666666666666669
                    },
                    "strict": {
                        "correct": 2,
                        "incorrect": 0,
                        "partial": 0,
                        "missed": 2,
                        "spurious": 3,
                        "possible": 4,
                        "actual": 5,
                        "TP": 2,
                        "FP": 3,
                        "FN": 2,
                        "P_micro": 0.4,
                        "R_micro": 0.5,
                        "F1_micro": 0.4444444444444445,
                        "P_macro_doc": 0.4,
                        "R_macro_doc": 0.5,
                        "F1_macro_doc": 0.8333333333333333,
                        "P_macro_doc_std": 0.48989794855663565,
                        "R_macro_doc_std": 0.408248290463863,
                        "F1_macro_doc_std": 0.16666666666666669
                    },
                    "ent_type": {
                        "correct": 2,
                        "incorrect": 0,
                        "partial": 0,
                        "missed": 2,
                        "spurious": 3,
                        "possible": 4,
                        "actual": 5,
                        "TP": 2,
                        "FP": 3,
                        "FN": 2,
                        "P_micro": 0.4,
                        "R_micro": 0.5,
                        "F1_micro": 0.4444444444444445,
                        "P_macro_doc": 0.4,
                        "R_macro_doc": 0.5,
                        "F1_macro_doc": 0.8333333333333333,
                        "P_macro_doc_std": 0.48989794855663565,
                        "R_macro_doc_std": 0.408248290463863,
                        "F1_macro_doc_std": 0.16666666666666669
                    },
                    "exact": {
                        "correct": 2,
                        "incorrect": 0,
                        "partial": 0,
                        "missed": 2,
                        "spurious": 3,
                        "possible": 4,
                        "actual": 5,
                        "TP": 2,
                        "FP": 3,
                        "FN": 2,
                        "P_micro": 0.4,
                        "R_micro": 0.5,
                        "F1_micro": 0.4444444444444445,
                        "P_macro_doc": 0.4,
                        "R_macro_doc": 0.5,
                        "F1_macro_doc": 0.8333333333333333,
                        "P_macro_doc_std": 0.48989794855663565,
                        "R_macro_doc_std": 0.408248290463863,
                        "F1_macro_doc_std": 0.16666666666666669
                    }
                },
                "ALL": {
                    "partial": {
                        "correct": 100,
                        "incorrect": 0,
                        "partial": 2,
                        "missed": 12,
                        "spurious": 31,
                        "possible": 114,
                        "actual": 133,
                        "TP": 100,
                        "FP": 33,
                        "FN": 14,