{
    "NE-COARSE-LIT": {
        "TIME-ALL": {
            "LED-ALL": {
                "ORG": {
                    "partial": {
                        "correct": 128,
                        "incorrect": 0,
                        "partial": 3,
                        "missed": 23,
                        "spurious": 15,
                        "possible": 154,
                        "actual": 146,
                        "TP": 128,
                        "FP": 18,
                        "FN": 26,
                        "P_micro": 0.886986301369863,
                        "R_micro": 0.8409090909090909,
                        "F1_micro": 0.8633333333333334,
                        "P_macro_doc": 0.8947619047619049,
                        "R_macro_doc": 0.8612637362637363,
                        "F1_macro_doc": 0.9183914465164464,
                        "P_macro_doc_std": 0.2700871195636604,
                        "R_macro_doc_std": 0.3022966778711978,
                        "F1_macro_doc_std": 0.18970753804854174
                    },
                    "strict": {
                        "correct": 128,
                        "incorrect": 3,
                        "partial": 0,
                        "missed": 23,
                        "spurious": 15,
                        "possible": 154,
                        "actual": 146,
                        "TP": 128,
                        "FP": 18,
                        "FN": 26,
                        "P_micro": 0.8767123287671232,
                        "R_micro": 0.8311688311688312,
                        "F1_micro": 0.8533333333333334,
                        "P_macro_doc": 0.8864285714285715,
                        "R_macro_doc": 0.8519688644688646,
                        "F1_macro_doc": 0.9099037921954588,
                        "P_macro_doc_std": 0.2829875841607113,
                        "R_macro_doc_std": 0.31848730177931683,
                        "F1_macro_doc_std": 0.2140223932683828
                    },
                    "ent_type": {
                        "correct": 130,
                        "incorrect": 1,
                        "partial": 0,
                        "missed": 23,
                        "spurious": 15,
                        "possible": 154,
                        "actual": 146,
                        "TP": 130,
                        "FP": 16,
                        "FN": 24,
                        "P_micro": 0.8904109589041096,
                        "R_micro": 0.8441558441558441,
                        "F1_micro": 0.8666666666666666,
                        "P_macro_doc": 0.8997619047619048,
                        "R_macro_doc": 0.8679945054945056,
                        "F1_macro_doc": 0.9237926810843479,
                        "P_macro_doc_std": 0.2638170447612814,
                        "R_macro_doc_std": 0.2984878637813334,
                        "F1_macro_doc_std": 0.17646542829347095
                    },
                    "exact": {
                        "correct": 128,
                        "incorrect": 3,
                        "partial": 0,
                        "missed": 23,
                        "spurious": 15,
                        "possible": 154,
                        "actual": 146,
                        "TP": 128,
                        "FP": 18,
                        "FN": 26,
                        "P_micro": 0.8767123287671232,
                        "R_micro": 0.8311688311688312,
                        "F1_micro": 0.8533333333333334,
                        "P_macro_doc": 0.8864285714285715,
                        "R_macro_doc": 0.8519688644688646,
                        "F1_macro_doc": 0.9099037921954588,
                        "P_macro_doc_std": 0.2829875841607113,
                        "R_macro_doc_std": 0.31848730177931683,
                        "F1_macro_doc_std": 0.2140223932683828
                    }
                },
                "PERS": {
                    "partial": {
                        "correct": 1,
                        "incorrect": 0,
                        "partial": 0,
                        "missed": 8,
                        "spurious": 4,
                        "possible": 9,
                        "actual": 5,
                        "TP": 1,
                        "FP": 4,
                        "FN": 8,
                        "P_micro": 0.2,
                        "R_micro": 0.1111111111111111,
                        "F1_micro": 0.14285714285714285,
                        "P_macro_doc": 0.125,
                        "R_macro_doc": 0.1111111111111111,
                        "F1_macro_doc": 0.6666666666666666,
                        "P_macro_doc_std": 0.21650635094610965,
                        "R_macro_doc_std": 0.31426968052735443,
                        "F1_macro_doc_std": 0.0
                    },
                    "strict": {
                        "correct": 1,
                        "incorrect": 0,
                        "partial": 0,
                        "missed": 8,
                        "spurious": 4,
                        "possible": 9,
                        "actual": 5,
                        "TP": 1,
                        "FP": 4,
                        "FN": 8,
                        "P_micro": 0.2,
                        "R_micro": 0.1111111111111111,
                        "F1_micro": 0.14285714285714285,
                        "P_macro_doc": 0.125,
                        "R_macro_doc": 0.1111111111111111,
                        "F1_macro_doc": 0.6666666666666666,
                        "P_macro_doc_std": 0.21650635094610965,
                        "R_macro_doc_std": 0.31426968052735443,
                        "F1_macro_doc_std": 0.0
                    },
                    "ent_type": {
                        "correct": 1,
                        "incorrect": 0,
                        "partial": 0,
                        "missed": 8,
                        "spurious": 4,
                        "possible": 9,
                        "actual": 5,
                        "TP": 1,
                        "FP": 4,
                        "FN": 8,
                        "P_micro": 0.2,
                        "R_micro": 0.1111111111111111,
                        "F1_micro": 0.14285714285714285,
                        "P_macro_doc": 0.125,
                        "R_macro_doc": 0.1111111111111111,
                        "F1_macro_doc": 0.6666666666666666,
                        "P_macro_doc_std": 0.21650635094610965,
                        "R_macro_doc_std": 0.31426968052735443,
                        "F1_macro_doc_std": 0.0
                    },
                    "exact": {
                        "correct": 1,
                        "incorrect": 0,
                        "partial": 0,
                        "missed": 8,
                        "spurious": 4,
                        "possible": 9,
                        "actual": 5,
                        "TP": 1,
                        "FP": 4,
                        "FN": 8,
                        "P_micro": 0.2,
                        "R_micro": 0.1111111111111111,
                        "F1_micro": 0.14285714285714285,
                        "P_macro_doc": 0.125,
                        "R_macro_doc": 0.1111111111111111,
                        "F1_macro_doc": 0.6666666666666666,
                        "P_macro_doc_std": 0.21650635094610965,
                        "R_macro_doc_std": 0.31426968052735443,
                        "F1_macro_doc_std": 0.0
                    }
                },
                "ALL": {
                    "partial": {
                        "correct": 129,
                        "incorrect": 0,
                        "partial": 3,
                        "missed": 31,
                        "spurious": 19,
                        "possible": 163,