{
    "NE-COARSE-LIT": {
        "TIME-ALL": {
            "LED-ALL": {
                "ORG": {
                    "partial": {
                        "correct": 132,
                        "incorrect": 0,
                        "partial": 7,
                        "missed": 15,
                        "spurious": 14,
                        "possible": 154,
                        "actual": 153,
                        "TP": 132,
                        "FP": 21,
                        "FN": 22,
                        "P_micro": 0.8856209150326797,
                        "R_micro": 0.8798701298701299,
                        "F1_micro": 0.8827361563517916,
                        "P_macro_doc": 0.8881856540084387,
                        "R_macro_doc": 0.9060286935286934,
                        "F1_macro_doc": 0.9158823632507843,
                        "P_macro_doc_std": 0.26942340760397554,
                        "R_macro_doc_std": 0.22754034103696336,
                        "F1_macro_doc_std": 0.18936226701917502
                    },
                    "strict": {
                        "correct": 132,
                        "incorrect": 7,
                        "partial": 0,
                        "missed": 15,
                        "spurious": 14,
                        "possible": 154,
                        "actual": 153,
                        "TP": 132,
                        "FP": 21,
                        "FN": 22,
                        "P_micro": 0.8627450980392157,
                        "R_micro": 0.8571428571428571,
                        "F1_micro": 0.8599348534201954,
                        "P_macro_doc": 0.8639240506329114,
                        "R_macro_doc": 0.8794261294261295,
                        "F1_macro_doc": 0.8902453540611435,
                        "P_macro_doc_std": 0.3112904764969743,
                        "R_macro_doc_std": 0.28510261508415435,
                        "F1_macro_doc_std": 0.25365997753905517
                    },
                    "ent_type": {
                        "correct": 139,
                        "incorrect": 0,
                        "partial": 0,
                        "missed": 15,
                        "spurious": 14,
                        "possible": 154,
                        "actual": 153,
                        "TP": 139,
                        "FP": 14,
                        "FN": 15,
                        "P_micro": 0.9084967320261438,
                        "R_micro": 0.9025974025974026,
                        "F1_micro": 0.9055374592833877,
                        "P_macro_doc": 0.9124472573839661,
                        "R_macro_doc": 0.9326312576312576,
                        "F1_macro_doc": 0.941519372440425,
                        "P_macro_doc_std": 0.255357067157048,
                        "R_macro_doc_std": 0.20762932119901817,
                        "F1_macro_doc_std": 0.16006701699648304
                    },
                    "exact": {
                        "correct": 132,
                        "incorrect": 7,
                        "partial": 0,
                        "missed": 15,
                        "spurious": 14,
                        "possible": 154,
                        "actual": 153,
                        "TP": 132,
                        "FP": 21,
                        "FN": 22,
                        "P_micro": 0.8627450980392157,
                        "R_micro": 0.8571428571428571,
                        "F1_micro": 0.8599348534201954,
                        "P_macro_doc": 0.8639240506329114,
                        "R_macro_doc": 0.8794261294261295,
                        "F1_macro_doc": 0.8902453540611435,
                        "P_macro_doc_std": 0.3112904764969743,
                        "R_macro_doc_std": 0.28510261508415435,
                        "F1_macro_doc_std": 0.25365997753905517
                    }
                },
                "PERS": {
                    "partial": {
                        "correct": 0,
                        "incorrect": 0,
                        "partial": 0,
                        "missed": 9,
                        "spurious": 2,
                        "possible": 9,
                        "actual": 2,
                        "TP": 0,
                        "FP": 2,
                        "FN": 9,
                        "P_micro": 0.0,
                        "R_micro": 0.0,
                        "F1_micro": 0,
                        "P_macro_doc": 0.0,
                        "R_macro_doc": 0.0,
                        "F1_macro_doc": null,
                        "P_macro_doc_std": 0.0,
                        "R_macro_doc_std": 0.0,
                        "F1_macro_doc_std": null
                    },
                    "strict": {
                        "correct": 0,
                        "incorrect": 0,
                        "partial": 0,
                        "missed": 9,
                        "spurious": 2,
                        "possible": 9,
                        "actual": 2,
                        "TP": 0,
                        "FP": 2,
                        "FN": 9,
                        "P_micro": 0.0,
                        "R_micro": 0.0,
                        "F1_micro": 0,
                        "P_macro_doc": 0.0,
                        "R_macro_doc": 0.0,
                        "F1_macro_doc": null,
                        "P_macro_doc_std": 0.0,
                        "R_macro_doc_std": 0.0,
                        "F1_macro_doc_std": null
                    },
                    "ent_type": {
                        "correct": 0,
                        "incorrect": 0,
                        "partial": 0,
                        "missed": 9,
                        "spurious": 2,
                        "possible": 9,
                        "actual": 2,
                        "TP": 0,
                        "FP": 2,
                        "FN": 9,
                        "P_micro": 0.0,
                        "R_micro": 0.0,
                        "F1_micro": 0,
                        "P_macro_doc": 0.0,
                        "R_macro_doc": 0.0,
                        "F1_macro_doc": null,
                        "P_macro_doc_std": 0.0,
                        "R_macro_doc_std": 0.0,
                        "F1_macro_doc_std": null
                    },
                    "exact": {
                        "correct": 0,
                        "incorrect": 0,
                        "partial": 0,
                        "missed": 9,
                        "spurious": 2,
                        "possible": 9,
                        "actual": 2,
                        "TP": 0,
                        "FP": 2,
                        "FN": 9,
                        "P_micro": 0.0,
                        "R_micro": 0.0,
                        "F1_micro": 0,
                        "P_macro_doc": 0.0,
                        "R_macro_doc": 0.0,
                        "F1_macro_doc": null,
                        "P_macro_doc_std": 0.0,
                        "R_macro_doc_std": 0.0,
                        "F1_macro_doc_std": null
                    }
                },
                "ALL": {
                    "partial": {
                        "correct": 132,
                        "incorrect": 0,
                        "partial": 7,
                        "missed": 24,
                        "spurious": 16,
                        "possible": 163,
                        "actual": 155,
                        "TP": 132,
                        "FP": 23,
                        "FN": 31,
                        "P_micro": 0.8741935483870967,
                        "R_micro": 0.8312883435582822,
                        "F1_micro": 0.8522012578616351,
                        "P_macro_doc": 0.8756944444444443,