{
    "NE-COARSE-LIT": {
        "TIME-ALL": {
            "LED-ALL": {
                "ORG": {
                    "partial": {
                        "correct": 74,
                        "incorrect": 0,
                        "partial": 6,
                        "missed": 30,
                        "spurious": 25,
                        "possible": 110,
                        "actual": 105,
                        "TP": 74,
                        "FP": 31,
                        "FN": 36,
                        "P_micro": 0.7333333333333333,
                        "R_micro": 0.7,
                        "F1_micro": 0.7162790697674419,
                        "P_macro_doc": 0.8125730994152047,
                        "R_macro_doc": 0.7133838383838383,
                        "F1_macro_doc": 0.866781017724414,
                        "P_macro_doc_std": 0.31694018199727797,
                        "R_macro_doc_std": 0.4051563660501009,
                        "F1_macro_doc_std": 0.2166955222055126
                    },
                    "strict": {
                        "correct": 74,
                        "incorrect": 6,
                        "partial": 0,
                        "missed": 30,
                        "spurious": 25,
                        "possible": 110,
                        "actual": 105,
                        "TP": 74,
                        "FP": 31,
                        "FN": 36,
                        "P_micro": 0.7047619047619048,
                        "R_micro": 0.6727272727272727,
                        "F1_micro": 0.6883720930232559,
                        "P_macro_doc": 0.7789473684210527,
                        "R_macro_doc": 0.6868686868686869,
                        "F1_macro_doc": 0.8325042881646656,
                        "P_macro_doc_std": 0.3618574336643411,
                        "R_macro_doc_std": 0.4283662011474307,
                        "F1_macro_doc_std": 0.2865952799382522
                    },
                    "ent_type": {
                        "correct": 80,
                        "incorrect": 0,
                        "partial": 0,
                        "missed": 30,
                        "spurious": 25,
                        "possible": 110,
                        "actual": 105,
                        "TP": 80,
                        "FP": 25,
                        "FN": 30,
                        "P_micro": 0.7619047619047619,
                        "R_micro": 0.7272727272727273,
                        "F1_micro": 0.7441860465116279,
                        "P_macro_doc": 0.8461988304093567,
                        "R_macro_doc": 0.7398989898989898,
                        "F1_macro_doc": 0.9010577472841623,
                        "P_macro_doc_std": 0.3117425329662773,
                        "R_macro_doc_std": 0.40577562993707683,
                        "F1_macro_doc_std": 0.19426689064036767
                    },
                    "exact": {
                        "correct": 74,
                        "incorrect": 6,
                        "partial": 0,
                        "missed": 30,
                        "spurious": 25,
                        "possible": 110,
                        "actual": 105,
                        "TP": 74,
                        "FP": 31,
                        "FN": 36,
                        "P_micro": 0.7047619047619048,
                        "R_micro": 0.6727272727272727,
                        "F1_micro": 0.6883720930232559,
                        "P_macro_doc": 0.7789473684210527,
                        "R_macro_doc": 0.6868686868686869,
                        "F1_macro_doc": 0.8325042881646656,
                        "P_macro_doc_std": 0.3618574336643411,
                        "R_macro_doc_std": 0.4283662011474307,
                        "F1_macro_doc_std": 0.2865952799382522
                    }
                },
                "PERS": {
                    "partial": {
                        "correct": 0,
                        "incorrect": 0,
                        "partial": 1,
                        "missed": 3,
                        "spurious": 2,
                        "possible": 4,
                        "actual": 3,
                        "TP": 0,
                        "FP": 3,
                        "FN": 4,
                        "P_micro": 0.16666666666666666,
                        "R_micro": 0.125,
                        "F1_micro": 0.14285714285714288,
                        "P_macro_doc": 0.16666666666666666,
                        "R_macro_doc": 0.08333333333333333,
                        "F1_macro_doc": 0.3333333333333333,
                        "P_macro_doc_std": 0.23570226039551584,
                        "R_macro_doc_std": 0.11785113019775792,
                        "F1_macro_doc_std": 0.0
                    },
                    "strict": {
                        "correct": 0,
                        "incorrect": 1,
                        "partial": 0,
                        "missed": 3,
                        "spurious": 2,
                        "possible": 4,
                        "actual": 3,
                        "TP": 0,
                        "FP": 3,
                        "FN": 4,
                        "P_micro": 0.0,
                        "R_micro": 0.0,
                        "F1_micro": 0,
                        "P_macro_doc": 0.0,
                        "R_macro_doc": 0.0,
                        "F1_macro_doc": 0.0,
                        "P_macro_doc_std": 0.0,
                        "R_macro_doc_std": 0.0,
                        "F1_macro_doc_std": 0.0
                    },
                    "ent_type": {
                        "correct": 0,
                        "incorrect": 1,
                        "partial": 0,
                        "missed": 3,
                        "spurious": 2,
                        "possible": 4,
                        "actual": 3,
                        "TP": 0,
                        "FP": 3,
                        "FN": 4,
                        "P_micro": 0.0,
                        "R_micro": 0.0,
                        "F1_micro": 0,
                        "P_macro_doc": 0.0,
                        "R_macro_doc": 0.0,
                        "F1_macro_doc": 0.0,
                        "P_macro_doc_std": 0.0,
                        "R_macro_doc_std": 0.0,
                        "F1_macro_doc_std": 0.0
                    },
                    "exact": {
                        "correct": 0,
                        "incorrect": 1,
                        "partial": 0,
                        "missed": 3,
                        "spurious": 2,
                        "possible": 4,
                        "actual": 3,
                        "TP": 0,
                        "FP": 3,
                        "FN": 4,
                        "P_micro": 0.0,
                        "R_micro": 0.0,
                        "F1_micro": 0,
                        "P_macro_doc": 0.0,
                        "R_macro_doc": 0.0,
                        "F1_macro_doc": 0.0,
                        "P_macro_doc_std": 0.0,
                        "R_macro_doc_std": 0.0,
                        "F1_macro_doc_std": 0.0
                    }
                },
                "ALL": {
                    "partial": {
                        "correct": 74,
                        "incorrect": 0,
                        "partial": 7,
                        "missed": 33,
                        "spurious": 27,
                        "possible": 114,
                        "actual": 108,
                        "TP": 74,
                        "FP": 34,
                        "FN": 40,
                        "P_micro": 0.7175925925925926,
                        "R_micro": 0.6798245614035088,
                        "F1_micro": 0.6981981981981982,