{"dev": {"global": {"loss": 0.003948132160740294, "precision": 0.7846153846153846, "recall": 0.9107142857142857, "f1": 0.8429752066115703}, "sent-level": null, "token-level": "                             precision    recall  f1-score   support\n\n    org.ent.pressagency.AFP     0.7778    1.0000    0.8750        14\n     org.ent.pressagency.AP     1.0000    0.7500    0.8571         8\norg.ent.pressagency.ATS-SDA     0.8571    1.0000    0.9231        24\n    org.ent.pressagency.DNB     1.0000    1.0000    1.0000         3\n    org.ent.pressagency.DPA     0.0000    0.0000    0.0000         0\n  org.ent.pressagency.Extel     0.0000    0.0000    0.0000         1\n  org.ent.pressagency.Havas     0.8333    0.9615    0.8929        26\norg.ent.pressagency.Reuters     0.9474    0.9474    0.9474        19\norg.ent.pressagency.Stefani     1.0000    1.0000    1.0000         1\n org.ent.pressagency.UP-UPI     1.0000    1.0000    1.0000         4\n  org.ent.pressagency.Wolff     0.6000    1.0000    0.7500         3\n     org.ent.pressagency.ag     0.2500    1.0000    0.4000         1\n    org.ent.pressagency.unk     0.2000    0.2500    0.2222         4\n     pers.ind.articleauthor     0.4000    0.5000    0.4444         4\n\n                  micro avg     0.7846    0.9107    0.8430       112\n                  macro avg     0.6333    0.7435    0.6652       112\n               weighted avg     0.8177    0.9107    0.8553       112\n"}, "test": {"global": {"loss": 0.007218006254896668, "precision": 0.8486842105263158, "recall": 0.832258064516129, "f1": 0.8403908794788274}, "sent-level": null, "token-level": "                             precision    recall  f1-score   support\n\n    org.ent.pressagency.AFP     1.0000    1.0000    1.0000        20\n   org.ent.pressagency.ANSA     0.0000    0.0000    0.0000         1\n     org.ent.pressagency.AP     0.7500    1.0000    0.8571         6\n    org.ent.pressagency.APA     0.0000    0.0000    0.0000         1\norg.ent.pressagency.ATS-SDA     1.0000    1.0000    1.0000        23\n    org.ent.pressagency.DNB     1.0000    0.6667    0.8000         3\n    org.ent.pressagency.DPA     1.0000    1.0000    1.0000         2\n  org.ent.pressagency.Havas     0.8108    0.9091    0.8571        33\n   org.ent.pressagency.Kipa     1.0000    1.0000    1.0000         1\norg.ent.pressagency.Reuters     0.9583    0.8519    0.9020        27\norg.ent.pressagency.Stefani     1.0000    1.0000    1.0000         2\n org.ent.pressagency.UP-UPI     0.8571    0.9231    0.8889        13\n  org.ent.pressagency.Wolff     0.3333    0.6667    0.4444         3\n org.ent.pressagency.Xinhua     0.0000    0.0000    0.0000         1\n     org.ent.pressagency.ag     0.5000    1.0000    0.6667         3\n    org.ent.pressagency.unk     0.6000    0.4286    0.5000         7\n     pers.ind.articleauthor     0.0000    0.0000    0.0000         9\n\n                  micro avg     0.8487    0.8323    0.8404       155\n                  macro avg     0.6359    0.6733    0.6421       155\n               weighted avg     0.8127    0.8323    0.8166       155\n"}}