{
    "NE-COARSE-LIT": {
        "TIME-ALL": {
            "LED-ALL": {
                "ORG": {
                    "partial": {
                        "correct": 45,
                        "incorrect": 0,
                        "partial": 2,
                        "missed": 9,
                        "spurious": 14,
                        "possible": 56,
                        "actual": 61,
                        "TP": 45,
                        "FP": 16,
                        "FN": 11,
                        "P_micro": 0.7540983606557377,
                        "R_micro": 0.8214285714285714,
                        "F1_micro": 0.7863247863247863,
                        "P_macro_doc": 0.7138655462184874,
                        "R_macro_doc": 0.8946428571428572,
                        "F1_macro_doc": 0.8716374269005849,
                        "P_macro_doc_std": 0.3870384257753,
                        "R_macro_doc_std": 0.17580899015809223,
                        "F1_macro_doc_std": 0.19944702044464804
                    },
                    "strict": {
                        "correct": 45,
                        "incorrect": 2,
                        "partial": 0,
                        "missed": 9,
                        "spurious": 14,
                        "possible": 56,
                        "actual": 61,
                        "TP": 45,
                        "FP": 16,
                        "FN": 11,
                        "P_micro": 0.7377049180327869,
                        "R_micro": 0.8035714285714286,
                        "F1_micro": 0.7692307692307693,
                        "P_macro_doc": 0.6949579831932773,
                        "R_macro_doc": 0.8556818181818182,
                        "F1_macro_doc": 0.8438596491228071,
                        "P_macro_doc_std": 0.40799163116874787,
                        "R_macro_doc_std": 0.27954776421810074,
                        "F1_macro_doc_std": 0.27361592233332405
                    },
                    "ent_type": {
                        "correct": 47,
                        "incorrect": 0,
                        "partial": 0,
                        "missed": 9,
                        "spurious": 14,
                        "possible": 56,
                        "actual": 61,
                        "TP": 47,
                        "FP": 14,
                        "FN": 9,
                        "P_micro": 0.7704918032786885,
                        "R_micro": 0.8392857142857143,
                        "F1_micro": 0.8034188034188035,
                        "P_macro_doc": 0.7327731092436974,
                        "R_macro_doc": 0.933603896103896,
                        "F1_macro_doc": 0.8994152046783626,
                        "P_macro_doc_std": 0.3746711949735576,
                        "R_macro_doc_std": 0.12901228448479038,
                        "F1_macro_doc_std": 0.13951085290484225
                    },
                    "exact": {
                        "correct": 45,
                        "incorrect": 2,
                        "partial": 0,
                        "missed": 9,
                        "spurious": 14,
                        "possible": 56,
                        "actual": 61,
                        "TP": 45,
                        "FP": 16,
                        "FN": 11,
                        "P_micro": 0.7377049180327869,
                        "R_micro": 0.8035714285714286,
                        "F1_micro": 0.7692307692307693,
                        "P_macro_doc": 0.6949579831932773,
                        "R_macro_doc": 0.8556818181818182,
                        "F1_macro_doc": 0.8438596491228071,
                        "P_macro_doc_std": 0.40799163116874787,
                        "R_macro_doc_std": 0.27954776421810074,
                        "F1_macro_doc_std": 0.27361592233332405
                    }
                },
                "PERS": {
                    "partial": {
                        "correct": 0,
                        "incorrect": 0,
                        "partial": 0,
                        "missed": 2,
                        "spurious": 1,
                        "possible": 2,
                        "actual": 1,
                        "TP": 0,
                        "FP": 1,
                        "FN": 2,
                        "P_micro": 0.0,
                        "R_micro": 0.0,
                        "F1_micro": 0,
                        "P_macro_doc": 0.0,
                        "R_macro_doc": 0.0,
                        "F1_macro_doc": null,
                        "P_macro_doc_std": 0.0,
                        "R_macro_doc_std": 0.0,
                        "F1_macro_doc_std": null
                    },
                    "strict": {
                        "correct": 0,
                        "incorrect": 0,
                        "partial": 0,
                        "missed": 2,
                        "spurious": 1,
                        "possible": 2,
                        "actual": 1,
                        "TP": 0,
                        "FP": 1,
                        "FN": 2,
                        "P_micro": 0.0,
                        "R_micro": 0.0,
                        "F1_micro": 0,
                        "P_macro_doc": 0.0,
                        "R_macro_doc": 0.0,
                        "F1_macro_doc": null,
                        "P_macro_doc_std": 0.0,
                        "R_macro_doc_std": 0.0,
                        "F1_macro_doc_std": null
                    },
                    "ent_type": {
                        "correct": 0,
                        "incorrect": 0,
                        "partial": 0,
                        "missed": 2,
                        "spurious": 1,
                        "possible": 2,
                        "actual": 1,
                        "TP": 0,
                        "FP": 1,
                        "FN": 2,
                        "P_micro": 0.0,
                        "R_micro": 0.0,
                        "F1_micro": 0,
                        "P_macro_doc": 0.0,
                        "R_macro_doc": 0.0,
                        "F1_macro_doc": null,
                        "P_macro_doc_std": 0.0,
                        "R_macro_doc_std": 0.0,
                        "F1_macro_doc_std": null
                    },
                    "exact": {
                        "correct": 0,
                        "incorrect": 0,
                        "partial": 0,
                        "missed": 2,
                        "spurious": 1,
                        "possible": 2,
                        "actual": 1,
                        "TP": 0,
                        "FP": 1,
                        "FN": 2,
                        "P_micro": 0.0,
                        "R_micro": 0.0,
                        "F1_micro": 0,
                        "P_macro_doc": 0.0,
                        "R_macro_doc": 0.0,
                        "F1_macro_doc": null,
                        "P_macro_doc_std": 0.0,
                        "R_macro_doc_std": 0.0,
                        "F1_macro_doc_std": null
                    }
                },
                "ALL": {
                    "partial": {
                        "correct": 45,
                        "incorrect": 0,
                        "partial": 2,
                        "missed": 11,
                        "spurious": 15,
                        "possible": 58,
                        "actual": 62,
                        "TP": 45,
                        "FP": 17,
                        "FN": 13,
                        "P_micro": 0.7419354838709677,
                        "R_micro": 0.7931034482758621,
                        "F1_micro": 0.7666666666666667,
                        "P_macro_doc": 0.6742063492063493,