{
    "NE-COARSE-LIT": {
        "TIME-ALL": {
            "LED-ALL": {
                "ORG": {
                    "partial": {
                        "correct": 100,
                        "incorrect": 0,
                        "partial": 3,
                        "missed": 7,
                        "spurious": 22,
                        "possible": 110,
                        "actual": 125,
                        "TP": 100,
                        "FP": 25,
                        "FN": 10,
                        "P_micro": 0.812,
                        "R_micro": 0.9227272727272727,
                        "F1_micro": 0.8638297872340427,
                        "P_macro_doc": 0.8788515406162465,
                        "R_macro_doc": 0.9345959595959596,
                        "F1_macro_doc": 0.9239160839160838,
                        "P_macro_doc_std": 0.27103192596183884,
                        "R_macro_doc_std": 0.2020165719370827,
                        "F1_macro_doc_std": 0.17980244162089148
                    },
                    "strict": {
                        "correct": 100,
                        "incorrect": 3,
                        "partial": 0,
                        "missed": 7,
                        "spurious": 22,
                        "possible": 110,
                        "actual": 125,
                        "TP": 100,
                        "FP": 25,
                        "FN": 10,
                        "P_micro": 0.8,
                        "R_micro": 0.9090909090909091,
                        "F1_micro": 0.8510638297872342,
                        "P_macro_doc": 0.8665966386554622,
                        "R_macro_doc": 0.9207070707070707,
                        "F1_macro_doc": 0.9105827505827506,
                        "P_macro_doc_std": 0.2923237526589084,
                        "R_macro_doc_std": 0.23295533245603553,
                        "F1_macro_doc_std": 0.21452196088882786
                    },
                    "ent_type": {
                        "correct": 103,
                        "incorrect": 0,
                        "partial": 0,
                        "missed": 7,
                        "spurious": 22,
                        "possible": 110,
                        "actual": 125,
                        "TP": 103,
                        "FP": 22,
                        "FN": 7,
                        "P_micro": 0.824,
                        "R_micro": 0.9363636363636364,
                        "F1_micro": 0.876595744680851,
                        "P_macro_doc": 0.8911064425770308,
                        "R_macro_doc": 0.9484848484848485,
                        "F1_macro_doc": 0.9372494172494172,
                        "P_macro_doc_std": 0.2648584457271827,
                        "R_macro_doc_std": 0.19307731378137338,
                        "F1_macro_doc_std": 0.1675123474383385
                    },
                    "exact": {
                        "correct": 100,
                        "incorrect": 3,
                        "partial": 0,
                        "missed": 7,
                        "spurious": 22,
                        "possible": 110,
                        "actual": 125,
                        "TP": 100,
                        "FP": 25,
                        "FN": 10,
                        "P_micro": 0.8,
                        "R_micro": 0.9090909090909091,
                        "F1_micro": 0.8510638297872342,
                        "P_macro_doc": 0.8665966386554622,
                        "R_macro_doc": 0.9207070707070707,
                        "F1_macro_doc": 0.9105827505827506,
                        "P_macro_doc_std": 0.2923237526589084,
                        "R_macro_doc_std": 0.23295533245603553,
                        "F1_macro_doc_std": 0.21452196088882786
                    }
                },
                "PERS": {
                    "partial": {
                        "correct": 2,
                        "incorrect": 0,
                        "partial": 0,
                        "missed": 2,
                        "spurious": 3,
                        "possible": 4,
                        "actual": 5,
                        "TP": 2,
                        "FP": 3,
                        "FN": 2,
                        "P_micro": 0.4,
                        "R_micro": 0.5,
                        "F1_micro": 0.4444444444444445,
                        "P_macro_doc": 0.4,
                        "R_macro_doc": 0.5,
                        "F1_macro_doc": 0.8333333333333333,
                        "P_macro_doc_std": 0.48989794855663565,
                        "R_macro_doc_std": 0.408248290463863,
                        "F1_macro_doc_std": 0.16666666666666669
                    },
                    "strict": {
                        "correct": 2,
                        "incorrect": 0,
                        "partial": 0,
                        "missed": 2,
                        "spurious": 3,
                        "possible": 4,
                        "actual": 5,
                        "TP": 2,
                        "FP": 3,
                        "FN": 2,
                        "P_micro": 0.4,
                        "R_micro": 0.5,
                        "F1_micro": 0.4444444444444445,
                        "P_macro_doc": 0.4,
                        "R_macro_doc": 0.5,
                        "F1_macro_doc": 0.8333333333333333,
                        "P_macro_doc_std": 0.48989794855663565,
                        "R_macro_doc_std": 0.408248290463863,
                        "F1_macro_doc_std": 0.16666666666666669
                    },
                    "ent_type": {
                        "correct": 2,
                        "incorrect": 0,
                        "partial": 0,
                        "missed": 2,
                        "spurious": 3,
                        "possible": 4,
                        "actual": 5,
                        "TP": 2,
                        "FP": 3,
                        "FN": 2,
                        "P_micro": 0.4,
                        "R_micro": 0.5,
                        "F1_micro": 0.4444444444444445,
                        "P_macro_doc": 0.4,
                        "R_macro_doc": 0.5,
                        "F1_macro_doc": 0.8333333333333333,
                        "P_macro_doc_std": 0.48989794855663565,
                        "R_macro_doc_std": 0.408248290463863,
                        "F1_macro_doc_std": 0.16666666666666669
                    },
                    "exact": {
                        "correct": 2,
                        "incorrect": 0,
                        "partial": 0,
                        "missed": 2,
                        "spurious": 3,
                        "possible": 4,
                        "actual": 5,
                        "TP": 2,
                        "FP": 3,
                        "FN": 2,
                        "P_micro": 0.4,
                        "R_micro": 0.5,
                        "F1_micro": 0.4444444444444445,
                        "P_macro_doc": 0.4,
                        "R_macro_doc": 0.5,
                        "F1_macro_doc": 0.8333333333333333,
                        "P_macro_doc_std": 0.48989794855663565,
                        "R_macro_doc_std": 0.408248290463863,
                        "F1_macro_doc_std": 0.16666666666666669
                    }
                },
                "ALL": {
                    "partial": {
                        "correct": 102,
                        "incorrect": 0,
                        "partial": 3,
                        "missed": 9,
                        "spurious": 25,
                        "possible": 114,
                        "actual": 130,
                        "TP": 102,
                        "FP": 28,
                        "FN": 12,