{
    "NE-COARSE-LIT": {
        "TIME-ALL": {
            "LED-ALL": {
                "ORG": {
                    "partial": {
                        "correct": 19,
                        "incorrect": 0,
                        "partial": 1,
                        "missed": 3,
                        "spurious": 16,
                        "possible": 23,
                        "actual": 36,
                        "TP": 19,
                        "FP": 17,
                        "FN": 4,
                        "P_micro": 0.5416666666666666,
                        "R_micro": 0.8478260869565217,
                        "F1_micro": 0.6610169491525423,
                        "P_macro_doc": 0.7352941176470589,
                        "R_macro_doc": 0.8,
                        "F1_macro_doc": 0.9358974358974359,
                        "P_macro_doc_std": 0.42418250299576343,
                        "R_macro_doc_std": 0.35590260840104376,
                        "F1_macro_doc_std": 0.15384615384615385
                    },
                    "strict": {
                        "correct": 19,
                        "incorrect": 1,
                        "partial": 0,
                        "missed": 3,
                        "spurious": 16,
                        "possible": 23,
                        "actual": 36,
                        "TP": 19,
                        "FP": 17,
                        "FN": 4,
                        "P_micro": 0.5277777777777778,
                        "R_micro": 0.8260869565217391,
                        "F1_micro": 0.6440677966101694,
                        "P_macro_doc": 0.7058823529411765,
                        "R_macro_doc": 0.7666666666666667,
                        "F1_macro_doc": 0.8974358974358974,
                        "P_macro_doc_std": 0.45564509955381377,
                        "R_macro_doc_std": 0.4027681991198191,
                        "F1_macro_doc_std": 0.2737712372315721
                    },
                    "ent_type": {
                        "correct": 20,
                        "incorrect": 0,
                        "partial": 0,
                        "missed": 3,
                        "spurious": 16,
                        "possible": 23,
                        "actual": 36,
                        "TP": 20,
                        "FP": 16,
                        "FN": 3,
                        "P_micro": 0.5555555555555556,
                        "R_micro": 0.8695652173913043,
                        "F1_micro": 0.6779661016949152,
                        "P_macro_doc": 0.7647058823529411,
                        "R_macro_doc": 0.8333333333333334,
                        "F1_macro_doc": 0.9743589743589743,
                        "P_macro_doc_std": 0.42418250299576343,
                        "R_macro_doc_std": 0.3496029493900505,
                        "F1_macro_doc_std": 0.0888231183368655
                    },
                    "exact": {
                        "correct": 19,
                        "incorrect": 1,
                        "partial": 0,
                        "missed": 3,
                        "spurious": 16,
                        "possible": 23,
                        "actual": 36,
                        "TP": 19,
                        "FP": 17,
                        "FN": 4,
                        "P_micro": 0.5277777777777778,
                        "R_micro": 0.8260869565217391,
                        "F1_micro": 0.6440677966101694,
                        "P_macro_doc": 0.7058823529411765,
                        "R_macro_doc": 0.7666666666666667,
                        "F1_macro_doc": 0.8974358974358974,
                        "P_macro_doc_std": 0.45564509955381377,
                        "R_macro_doc_std": 0.4027681991198191,
                        "F1_macro_doc_std": 0.2737712372315721
                    }
                },
                "PERS": {
                    "partial": {
                        "correct": 0,
                        "incorrect": 0,
                        "partial": 0,
                        "missed": 3,
                        "spurious": 0,
                        "possible": 3,
                        "actual": 0,
                        "TP": 0,
                        "FP": 0,
                        "FN": 3,
                        "P_micro": 0,
                        "R_micro": 0.0,
                        "F1_micro": 0,
                        "P_macro_doc": null,
                        "R_macro_doc": 0.0,
                        "F1_macro_doc": null,
                        "P_macro_doc_std": null,
                        "R_macro_doc_std": 0.0,
                        "F1_macro_doc_std": null
                    },
                    "strict": {
                        "correct": 0,
                        "incorrect": 0,
                        "partial": 0,
                        "missed": 3,
                        "spurious": 0,
                        "possible": 3,
                        "actual": 0,
                        "TP": 0,
                        "FP": 0,
                        "FN": 3,
                        "P_micro": 0,
                        "R_micro": 0.0,
                        "F1_micro": 0,
                        "P_macro_doc": null,
                        "R_macro_doc": 0.0,
                        "F1_macro_doc": null,
                        "P_macro_doc_std": null,
                        "R_macro_doc_std": 0.0,
                        "F1_macro_doc_std": null
                    },
                    "ent_type": {
                        "correct": 0,
                        "incorrect": 0,
                        "partial": 0,
                        "missed": 3,
                        "spurious": 0,
                        "possible": 3,
                        "actual": 0,
                        "TP": 0,
                        "FP": 0,
                        "FN": 3,
                        "P_micro": 0,
                        "R_micro": 0.0,
                        "F1_micro": 0,
                        "P_macro_doc": null,
                        "R_macro_doc": 0.0,
                        "F1_macro_doc": null,
                        "P_macro_doc_std": null,
                        "R_macro_doc_std": 0.0,
                        "F1_macro_doc_std": null
                    },
                    "exact": {
                        "correct": 0,
                        "incorrect": 0,
                        "partial": 0,
                        "missed": 3,
                        "spurious": 0,
                        "possible": 3,
                        "actual": 0,
                        "TP": 0,
                        "FP": 0,
                        "FN": 3,
                        "P_micro": 0,
                        "R_micro": 0.0,
                        "F1_micro": 0,
                        "P_macro_doc": null,
                        "R_macro_doc": 0.0,
                        "F1_macro_doc": null,
                        "P_macro_doc_std": null,
                        "R_macro_doc_std": 0.0,
                        "F1_macro_doc_std": null
                    }
                },
                "ALL": {
                    "partial": {
                        "correct": 19,
                        "incorrect": 0,
                        "partial": 1,
                        "missed": 6,
                        "spurious": 16,
                        "possible": 26,
                        "actual": 36,
                        "TP": 19,
                        "FP": 17,
                        "FN": 7,
                        "P_micro": 0.5416666666666666,
                        "R_micro": 0.75,
                        "F1_micro": 0.6290322580645162,
                        "P_macro_doc": 0.7352941176470589,
                        "R_macro_doc": 0.6979166666666666,