{
    "NE-COARSE-LIT": {
        "TIME-ALL": {
            "LED-ALL": {
                "ORG": {
                    "partial": {
                        "correct": 105,
                        "incorrect": 0,
                        "partial": 8,
                        "missed": 41,
                        "spurious": 24,
                        "possible": 154,
                        "actual": 137,
                        "TP": 105,
                        "FP": 32,
                        "FN": 49,
                        "P_micro": 0.7956204379562044,
                        "R_micro": 0.7077922077922078,
                        "F1_micro": 0.7491408934707905,
                        "P_macro_doc": 0.8293918918918919,
                        "R_macro_doc": 0.7781746031746032,
                        "F1_macro_doc": 0.8502267573696145,
                        "P_macro_doc_std": 0.31226860193442185,
                        "R_macro_doc_std": 0.348595869979407,
                        "F1_macro_doc_std": 0.23655904243440742
                    },
                    "strict": {
                        "correct": 105,
                        "incorrect": 8,
                        "partial": 0,
                        "missed": 41,
                        "spurious": 24,
                        "possible": 154,
                        "actual": 137,
                        "TP": 105,
                        "FP": 32,
                        "FN": 49,
                        "P_micro": 0.7664233576642335,
                        "R_micro": 0.6818181818181818,
                        "F1_micro": 0.7216494845360824,
                        "P_macro_doc": 0.8074324324324325,
                        "R_macro_doc": 0.7485805860805861,
                        "F1_macro_doc": 0.8240362811791382,
                        "P_macro_doc_std": 0.3489919190307104,
                        "R_macro_doc_std": 0.3867399882858195,
                        "F1_macro_doc_std": 0.2937145895908519
                    },
                    "ent_type": {
                        "correct": 113,
                        "incorrect": 0,
                        "partial": 0,
                        "missed": 41,
                        "spurious": 24,
                        "possible": 154,
                        "actual": 137,
                        "TP": 113,
                        "FP": 24,
                        "FN": 41,
                        "P_micro": 0.8248175182481752,
                        "R_micro": 0.7337662337662337,
                        "F1_micro": 0.7766323024054982,
                        "P_macro_doc": 0.8513513513513513,
                        "R_macro_doc": 0.8077686202686202,
                        "F1_macro_doc": 0.8764172335600907,
                        "P_macro_doc_std": 0.2923159665498545,
                        "R_macro_doc_std": 0.34379480871546203,
                        "F1_macro_doc_std": 0.2050320838264434
                    },
                    "exact": {
                        "correct": 105,
                        "incorrect": 8,
                        "partial": 0,
                        "missed": 41,
                        "spurious": 24,
                        "possible": 154,
                        "actual": 137,
                        "TP": 105,
                        "FP": 32,
                        "FN": 49,
                        "P_micro": 0.7664233576642335,
                        "R_micro": 0.6818181818181818,
                        "F1_micro": 0.7216494845360824,
                        "P_macro_doc": 0.8074324324324325,
                        "R_macro_doc": 0.7485805860805861,
                        "F1_macro_doc": 0.8240362811791382,
                        "P_macro_doc_std": 0.3489919190307104,
                        "R_macro_doc_std": 0.3867399882858195,
                        "F1_macro_doc_std": 0.2937145895908519
                    }
                },
                "PERS": {
                    "partial": {
                        "correct": 0,
                        "incorrect": 0,
                        "partial": 0,
                        "missed": 9,
                        "spurious": 1,
                        "possible": 9,
                        "actual": 1,
                        "TP": 0,
                        "FP": 1,
                        "FN": 9,
                        "P_micro": 0.0,
                        "R_micro": 0.0,
                        "F1_micro": 0,
                        "P_macro_doc": 0.0,
                        "R_macro_doc": 0.0,
                        "F1_macro_doc": null,
                        "P_macro_doc_std": 0.0,
                        "R_macro_doc_std": 0.0,
                        "F1_macro_doc_std": null
                    },
                    "strict": {
                        "correct": 0,
                        "incorrect": 0,
                        "partial": 0,
                        "missed": 9,
                        "spurious": 1,
                        "possible": 9,
                        "actual": 1,
                        "TP": 0,
                        "FP": 1,
                        "FN": 9,
                        "P_micro": 0.0,
                        "R_micro": 0.0,
                        "F1_micro": 0,
                        "P_macro_doc": 0.0,
                        "R_macro_doc": 0.0,
                        "F1_macro_doc": null,
                        "P_macro_doc_std": 0.0,
                        "R_macro_doc_std": 0.0,
                        "F1_macro_doc_std": null
                    },
                    "ent_type": {
                        "correct": 0,
                        "incorrect": 0,
                        "partial": 0,
                        "missed": 9,
                        "spurious": 1,
                        "possible": 9,
                        "actual": 1,
                        "TP": 0,
                        "FP": 1,
                        "FN": 9,
                        "P_micro": 0.0,
                        "R_micro": 0.0,
                        "F1_micro": 0,
                        "P_macro_doc": 0.0,
                        "R_macro_doc": 0.0,
                        "F1_macro_doc": null,
                        "P_macro_doc_std": 0.0,
                        "R_macro_doc_std": 0.0,
                        "F1_macro_doc_std": null
                    },
                    "exact": {
                        "correct": 0,
                        "incorrect": 0,
                        "partial": 0,
                        "missed": 9,
                        "spurious": 1,
                        "possible": 9,
                        "actual": 1,
                        "TP": 0,
                        "FP": 1,
                        "FN": 9,
                        "P_micro": 0.0,
                        "R_micro": 0.0,
                        "F1_micro": 0,
                        "P_macro_doc": 0.0,
                        "R_macro_doc": 0.0,
                        "F1_macro_doc": null,
                        "P_macro_doc_std": 0.0,
                        "R_macro_doc_std": 0.0,
                        "F1_macro_doc_std": null
                    }
                },
                "ALL": {
                    "partial": {
                        "correct": 105,
                        "incorrect": 0,
                        "partial": 8,
                        "missed": 50,
                        "spurious": 25,
                        "possible": 163,
                        "actual": 138,
                        "TP": 105,
                        "FP": 33,
                        "FN": 58,
                        "P_micro": 0.7898550724637681,
                        "R_micro": 0.6687116564417178,
                        "F1_micro": 0.7242524916943521,
                        "P_macro_doc": 0.8183333333333334,