{
    "NE-COARSE-LIT": {
        "TIME-ALL": {
            "LED-ALL": {
                "ORG": {
                    "partial": {
                        "correct": 122,
                        "incorrect": 0,
                        "partial": 10,
                        "missed": 22,
                        "spurious": 11,
                        "possible": 154,
                        "actual": 143,
                        "TP": 122,
                        "FP": 21,
                        "FN": 32,
                        "P_micro": 0.8881118881118881,
                        "R_micro": 0.8246753246753247,
                        "F1_micro": 0.8552188552188552,
                        "P_macro_doc": 0.8986842105263158,
                        "R_macro_doc": 0.860248778998779,
                        "F1_macro_doc": 0.9188863647767758,
                        "P_macro_doc_std": 0.2595791009186476,
                        "R_macro_doc_std": 0.2908849046833696,
                        "F1_macro_doc_std": 0.18857396733941406
                    },
                    "strict": {
                        "correct": 121,
                        "incorrect": 11,
                        "partial": 0,
                        "missed": 22,
                        "spurious": 11,
                        "possible": 154,
                        "actual": 143,
                        "TP": 121,
                        "FP": 22,
                        "FN": 33,
                        "P_micro": 0.8461538461538461,
                        "R_micro": 0.7857142857142857,
                        "F1_micro": 0.8148148148148148,
                        "P_macro_doc": 0.8741228070175439,
                        "R_macro_doc": 0.8373321123321122,
                        "F1_macro_doc": 0.8956728203303544,
                        "P_macro_doc_std": 0.29826980036089024,
                        "R_macro_doc_std": 0.32176501715019296,
                        "F1_macro_doc_std": 0.2399657023188163
                    },
                    "ent_type": {
                        "correct": 130,
                        "incorrect": 2,
                        "partial": 0,
                        "missed": 22,
                        "spurious": 11,
                        "possible": 154,
                        "actual": 143,
                        "TP": 130,
                        "FP": 13,
                        "FN": 24,
                        "P_micro": 0.9090909090909091,
                        "R_micro": 0.8441558441558441,
                        "F1_micro": 0.8754208754208753,
                        "P_macro_doc": 0.9157894736842105,
                        "R_macro_doc": 0.875473137973138,
                        "F1_macro_doc": 0.9341297971434958,
                        "P_macro_doc_std": 0.24806111797653776,
                        "R_macro_doc_std": 0.2826386361756111,
                        "F1_macro_doc_std": 0.16323802757278857
                    },
                    "exact": {
                        "correct": 122,
                        "incorrect": 10,
                        "partial": 0,
                        "missed": 22,
                        "spurious": 11,
                        "possible": 154,
                        "actual": 143,
                        "TP": 122,
                        "FP": 21,
                        "FN": 32,
                        "P_micro": 0.8531468531468531,
                        "R_micro": 0.7922077922077922,
                        "F1_micro": 0.8215488215488216,
                        "P_macro_doc": 0.8767543859649122,
                        "R_macro_doc": 0.8398962148962149,
                        "F1_macro_doc": 0.8984125463577517,
                        "P_macro_doc_std": 0.296717900998846,
                        "R_macro_doc_std": 0.3206585168009357,
                        "F1_macro_doc_std": 0.23770538982789385
                    }
                },
                "PERS": {
                    "partial": {
                        "correct": 0,
                        "incorrect": 0,
                        "partial": 0,
                        "missed": 9,
                        "spurious": 1,
                        "possible": 9,
                        "actual": 1,
                        "TP": 0,
                        "FP": 1,
                        "FN": 9,
                        "P_micro": 0.0,
                        "R_micro": 0.0,
                        "F1_micro": 0,
                        "P_macro_doc": 0.0,
                        "R_macro_doc": 0.0,
                        "F1_macro_doc": null,
                        "P_macro_doc_std": 0.0,
                        "R_macro_doc_std": 0.0,
                        "F1_macro_doc_std": null
                    },
                    "strict": {
                        "correct": 0,
                        "incorrect": 0,
                        "partial": 0,
                        "missed": 9,
                        "spurious": 1,
                        "possible": 9,
                        "actual": 1,
                        "TP": 0,
                        "FP": 1,
                        "FN": 9,
                        "P_micro": 0.0,
                        "R_micro": 0.0,
                        "F1_micro": 0,
                        "P_macro_doc": 0.0,
                        "R_macro_doc": 0.0,
                        "F1_macro_doc": null,
                        "P_macro_doc_std": 0.0,
                        "R_macro_doc_std": 0.0,
                        "F1_macro_doc_std": null
                    },
                    "ent_type": {
                        "correct": 0,
                        "incorrect": 0,
                        "partial": 0,
                        "missed": 9,
                        "spurious": 1,
                        "possible": 9,
                        "actual": 1,
                        "TP": 0,
                        "FP": 1,
                        "FN": 9,
                        "P_micro": 0.0,
                        "R_micro": 0.0,
                        "F1_micro": 0,
                        "P_macro_doc": 0.0,
                        "R_macro_doc": 0.0,
                        "F1_macro_doc": null,
                        "P_macro_doc_std": 0.0,
                        "R_macro_doc_std": 0.0,
                        "F1_macro_doc_std": null
                    },
                    "exact": {
                        "correct": 0,
                        "incorrect": 0,
                        "partial": 0,
                        "missed": 9,
                        "spurious": 1,
                        "possible": 9,
                        "actual": 1,
                        "TP": 0,
                        "FP": 1,
                        "FN": 9,
                        "P_micro": 0.0,
                        "R_micro": 0.0,
                        "F1_micro": 0,
                        "P_macro_doc": 0.0,
                        "R_macro_doc": 0.0,
                        "F1_macro_doc": null,
                        "P_macro_doc_std": 0.0,
                        "R_macro_doc_std": 0.0,
                        "F1_macro_doc_std": null
                    }
                },
                "ALL": {
                    "partial": {
                        "correct": 122,
                        "incorrect": 0,
                        "partial": 10,
                        "missed": 31,
                        "spurious": 12,
                        "possible": 163,
                        "actual": 144,
                        "TP": 122,
                        "FP": 22,
                        "FN": 41,
                        "P_micro": 0.8819444444444444,
                        "R_micro": 0.7791411042944786,
                        "F1_micro": 0.8273615635179152,
                        "P_macro_doc": 0.8959429824561403,