{
    "NE-COARSE-LIT": {
        "TIME-ALL": {
            "LED-ALL": {
                "ORG": {
                    "partial": {
                        "correct": 98,
                        "incorrect": 0,
                        "partial": 3,
                        "missed": 9,
                        "spurious": 25,
                        "possible": 110,
                        "actual": 126,
                        "TP": 98,
                        "FP": 28,
                        "FN": 12,
                        "P_micro": 0.7896825396825397,
                        "R_micro": 0.9045454545454545,
                        "F1_micro": 0.8432203389830507,
                        "P_macro_doc": 0.8771446078431372,
                        "R_macro_doc": 0.9207070707070707,
                        "F1_macro_doc": 0.9253982128982129,
                        "P_macro_doc_std": 0.27864259105412437,
                        "R_macro_doc_std": 0.21412771539946351,
                        "F1_macro_doc_std": 0.15385369281315206
                    },
                    "strict": {
                        "correct": 98,
                        "incorrect": 3,
                        "partial": 0,
                        "missed": 9,
                        "spurious": 25,
                        "possible": 110,
                        "actual": 126,
                        "TP": 98,
                        "FP": 28,
                        "FN": 12,
                        "P_micro": 0.7777777777777778,
                        "R_micro": 0.8909090909090909,
                        "F1_micro": 0.8305084745762712,
                        "P_macro_doc": 0.866421568627451,
                        "R_macro_doc": 0.9080808080808082,
                        "F1_macro_doc": 0.9135610916860917,
                        "P_macro_doc_std": 0.2974358370839888,
                        "R_macro_doc_std": 0.2399537417584039,
                        "F1_macro_doc_std": 0.19095615439708058
                    },
                    "ent_type": {
                        "correct": 101,
                        "incorrect": 0,
                        "partial": 0,
                        "missed": 9,
                        "spurious": 25,
                        "possible": 110,
                        "actual": 126,
                        "TP": 101,
                        "FP": 25,
                        "FN": 9,
                        "P_micro": 0.8015873015873016,
                        "R_micro": 0.9181818181818182,
                        "F1_micro": 0.8559322033898306,
                        "P_macro_doc": 0.8878676470588235,
                        "R_macro_doc": 0.9333333333333333,
                        "F1_macro_doc": 0.9372353341103341,
                        "P_macro_doc_std": 0.27362413476011543,
                        "R_macro_doc_std": 0.20751860895826446,
                        "F1_macro_doc_std": 0.13977213536163213
                    },
                    "exact": {
                        "correct": 98,
                        "incorrect": 3,
                        "partial": 0,
                        "missed": 9,
                        "spurious": 25,
                        "possible": 110,
                        "actual": 126,
                        "TP": 98,
                        "FP": 28,
                        "FN": 12,
                        "P_micro": 0.7777777777777778,
                        "R_micro": 0.8909090909090909,
                        "F1_micro": 0.8305084745762712,
                        "P_macro_doc": 0.866421568627451,
                        "R_macro_doc": 0.9080808080808082,
                        "F1_macro_doc": 0.9135610916860917,
                        "P_macro_doc_std": 0.2974358370839888,
                        "R_macro_doc_std": 0.2399537417584039,
                        "F1_macro_doc_std": 0.19095615439708058
                    }
                },
                "PERS": {
                    "partial": {
                        "correct": 0,
                        "incorrect": 0,
                        "partial": 0,
                        "missed": 4,
                        "spurious": 2,
                        "possible": 4,
                        "actual": 2,
                        "TP": 0,
                        "FP": 2,
                        "FN": 4,
                        "P_micro": 0.0,
                        "R_micro": 0.0,
                        "F1_micro": 0,
                        "P_macro_doc": 0.0,
                        "R_macro_doc": 0.0,
                        "F1_macro_doc": null,
                        "P_macro_doc_std": 0.0,
                        "R_macro_doc_std": 0.0,
                        "F1_macro_doc_std": null
                    },
                    "strict": {
                        "correct": 0,
                        "incorrect": 0,
                        "partial": 0,
                        "missed": 4,
                        "spurious": 2,
                        "possible": 4,
                        "actual": 2,
                        "TP": 0,
                        "FP": 2,
                        "FN": 4,
                        "P_micro": 0.0,
                        "R_micro": 0.0,
                        "F1_micro": 0,
                        "P_macro_doc": 0.0,
                        "R_macro_doc": 0.0,
                        "F1_macro_doc": null,
                        "P_macro_doc_std": 0.0,
                        "R_macro_doc_std": 0.0,
                        "F1_macro_doc_std": null
                    },
                    "ent_type": {
                        "correct": 0,
                        "incorrect": 0,
                        "partial": 0,
                        "missed": 4,
                        "spurious": 2,
                        "possible": 4,
                        "actual": 2,
                        "TP": 0,
                        "FP": 2,
                        "FN": 4,
                        "P_micro": 0.0,
                        "R_micro": 0.0,
                        "F1_micro": 0,
                        "P_macro_doc": 0.0,
                        "R_macro_doc": 0.0,
                        "F1_macro_doc": null,
                        "P_macro_doc_std": 0.0,
                        "R_macro_doc_std": 0.0,
                        "F1_macro_doc_std": null
                    },
                    "exact": {
                        "correct": 0,
                        "incorrect": 0,
                        "partial": 0,
                        "missed": 4,
                        "spurious": 2,
                        "possible": 4,
                        "actual": 2,
                        "TP": 0,
                        "FP": 2,
                        "FN": 4,
                        "P_micro": 0.0,
                        "R_micro": 0.0,
                        "F1_micro": 0,
                        "P_macro_doc": 0.0,
                        "R_macro_doc": 0.0,
                        "F1_macro_doc": null,
                        "P_macro_doc_std": 0.0,
                        "R_macro_doc_std": 0.0,
                        "F1_macro_doc_std": null
                    }
                },
                "ALL": {
                    "partial": {
                        "correct": 98,
                        "incorrect": 0,
                        "partial": 3,
                        "missed": 13,
                        "spurious": 27,
                        "possible": 114,
                        "actual": 128,
                        "TP": 98,
                        "FP": 30,
                        "FN": 16,
                        "P_micro": 0.77734375,
                        "R_micro": 0.8728070175438597,
                        "F1_micro": 0.8223140495867769,
                        "P_macro_doc": 0.8648897058823529,