{"dev": {"global": [{"loss": 0.0054286274038271845, "precision": 0.7391304347826086, "recall": 0.6538461538461539, "f1": 0.693877551020408}, {"loss": 0.009974331009289017, "precision": 0.6363636363636364, "recall": 0.8076923076923077, "f1": 0.7118644067796609}, {"loss": 0.010272682356272916, "precision": 0.6, "recall": 0.8076923076923077, "f1": 0.6885245901639345}], "sent-level": [null, null, null], "token-level": ["                                 precision    recall  f1-score   support\n\n        org.ent.pressagency.AFP     1.0000    1.0000    1.0000         7\n         org.ent.pressagency.AP     1.0000    1.0000    1.0000         2\n    org.ent.pressagency.ATS-SDA     0.0000    0.0000    0.0000         1\n        org.ent.pressagency.DNB     0.0000    0.0000    0.0000         1\norg.ent.pressagency.Europapress     0.0000    0.0000    0.0000         1\n      org.ent.pressagency.Extel     1.0000    1.0000    1.0000         1\n      org.ent.pressagency.Havas     0.0000    0.0000    0.0000         1\n    org.ent.pressagency.Reuters     0.6667    0.6667    0.6667         3\n     org.ent.pressagency.UP-UPI     1.0000    1.0000    1.0000         3\n      org.ent.pressagency.Wolff     1.0000    1.0000    1.0000         1\n         org.ent.pressagency.ag     1.0000    1.0000    1.0000         1\n        org.ent.pressagency.unk     0.0000    0.0000    0.0000         1\n         pers.ind.articleauthor     0.0000    0.0000    0.0000         3\n\n                      micro avg     0.7391    0.6538    0.6939        26\n                      macro avg     0.5128    0.5128    0.5128        26\n                   weighted avg     0.6538    0.6538    0.6538        26\n", "                                 precision    recall  f1-score   support\n\n        org.ent.pressagency.AFP     1.0000    1.0000    1.0000         7\n         org.ent.pressagency.AP     1.0000    1.0000    1.0000         2\n    org.ent.pressagency.ATS-SDA     0.0000    0.0000    0.0000         1\n        org.ent.pressagency.DNB     1.0000    1.0000    1.0000         1\norg.ent.pressagency.Europapress     0.0000    0.0000    0.0000         1\n      org.ent.pressagency.Extel     1.0000    1.0000    1.0000         1\n      org.ent.pressagency.Havas     0.3333    1.0000    0.5000         1\n    org.ent.pressagency.Reuters     0.7500    1.0000    0.8571         3\n     org.ent.pressagency.UP-UPI     0.6000    1.0000    0.7500         3\n      org.ent.pressagency.Wolff     0.3333    1.0000    0.5000         1\n         org.ent.pressagency.ag     1.0000    1.0000    1.0000         1\n        org.ent.pressagency.unk     0.1667    1.0000    0.2857         1\n         pers.ind.articleauthor     0.0000    0.0000    0.0000         3\n\n                      micro avg     0.6364    0.8077    0.7119        26\n                      macro avg     0.5526    0.7692    0.6071        26\n                   weighted avg     0.6494    0.8077    0.6964        26\n", "                                 precision    recall  f1-score   support\n\n        org.ent.pressagency.AFP     1.0000    1.0000    1.0000         7\n         org.ent.pressagency.AP     1.0000    1.0000    1.0000         2\n    org.ent.pressagency.ATS-SDA     0.0000    0.0000    0.0000         1\n        org.ent.pressagency.DNB     1.0000    1.0000    1.0000         1\norg.ent.pressagency.Europapress     1.0000    1.0000    1.0000         1\n      org.ent.pressagency.Extel     1.0000    1.0000    1.0000         1\n      org.ent.pressagency.Havas     0.3333    1.0000    0.5000         1\n    org.ent.pressagency.Reuters     1.0000    0.6667    0.8000         3\n     org.ent.pressagency.UP-UPI     1.0000    1.0000    1.0000         3\n      org.ent.pressagency.Wolff     1.0000    1.0000    1.0000         1\n         org.ent.pressagency.ag     1.0000    1.0000    1.0000         1\n        org.ent.pressagency.unk     0.2000    1.0000    0.3333         1\n         pers.ind.articleauthor     0.0000    0.0000    0.0000         3\n\n                      micro avg     0.6000    0.8077    0.6885        26\n                      macro avg     0.7333    0.8205    0.7410        26\n                   weighted avg     0.7897    0.8077    0.7782        26\n"]}, "test": {"global": {"loss": 0.004983471070933293, "precision": 0.7931034482758621, "recall": 0.8679245283018868, "f1": 0.8288288288288289}, "token-level": "                                 precision    recall  f1-score   support\n\n        org.ent.pressagency.AFP     1.0000    1.0000    1.0000         5\n         org.ent.pressagency.AP     0.8333    0.8333    0.8333         6\n    org.ent.pressagency.ATS-SDA     0.0000    0.0000    0.0000         0\n        org.ent.pressagency.DNB     1.0000    1.0000    1.0000         3\norg.ent.pressagency.Europapress     1.0000    1.0000    1.0000         1\n      org.ent.pressagency.Extel     1.0000    1.0000    1.0000         1\n      org.ent.pressagency.Havas     0.7778    1.0000    0.8750         7\n    org.ent.pressagency.Reuters     0.8000    1.0000    0.8889         4\n     org.ent.pressagency.UP-UPI     0.6000    0.7500    0.6667         4\n      org.ent.pressagency.Wolff     1.0000    1.0000    1.0000         6\n         org.ent.pressagency.ag     0.9091    1.0000    0.9524        10\n        org.ent.pressagency.unk     0.3333    0.2500    0.2857         4\n         pers.ind.articleauthor     0.0000    0.0000    0.0000         2\n\n                      micro avg     0.7931    0.8679    0.8288        53\n                      macro avg     0.7118    0.7564    0.7309        53\n                   weighted avg     0.8013    0.8679    0.8305        53\n"}}