{
    "NE-COARSE-LIT": {
        "TIME-ALL": {
            "LED-ALL": {
                "ORG": {
                    "partial": {
                        "correct": 137,
                        "incorrect": 0,
                        "partial": 5,
                        "missed": 12,
                        "spurious": 20,
                        "possible": 154,
                        "actual": 162,
                        "TP": 137,
                        "FP": 25,
                        "FN": 17,
                        "P_micro": 0.8611111111111112,
                        "R_micro": 0.9058441558441559,
                        "F1_micro": 0.8829113924050633,
                        "P_macro_doc": 0.8591463414634145,
                        "R_macro_doc": 0.9202380952380954,
                        "F1_macro_doc": 0.9266593056066741,
                        "P_macro_doc_std": 0.3137235120274065,
                        "R_macro_doc_std": 0.21953440032827606,
                        "F1_macro_doc_std": 0.1887087455096204
                    },
                    "strict": {
                        "correct": 137,
                        "incorrect": 5,
                        "partial": 0,
                        "missed": 12,
                        "spurious": 20,
                        "possible": 154,
                        "actual": 162,
                        "TP": 137,
                        "FP": 25,
                        "FN": 17,
                        "P_micro": 0.845679012345679,
                        "R_micro": 0.8896103896103896,
                        "F1_micro": 0.8670886075949367,
                        "P_macro_doc": 0.8414634146341463,
                        "R_macro_doc": 0.8984432234432234,
                        "F1_macro_doc": 0.9064838670101829,
                        "P_macro_doc_std": 0.3434762105271577,
                        "R_macro_doc_std": 0.2727118271038956,
                        "F1_macro_doc_std": 0.2461852027558845
                    },
                    "ent_type": {
                        "correct": 141,
                        "incorrect": 1,
                        "partial": 0,
                        "missed": 12,
                        "spurious": 20,
                        "possible": 154,
                        "actual": 162,
                        "TP": 141,
                        "FP": 21,
                        "FN": 13,
                        "P_micro": 0.8703703703703703,
                        "R_micro": 0.9155844155844156,
                        "F1_micro": 0.8924050632911392,
                        "P_macro_doc": 0.874390243902439,
                        "R_macro_doc": 0.9394688644688645,
                        "F1_macro_doc": 0.9442031652557968,
                        "P_macro_doc_std": 0.30546285375929066,
                        "R_macro_doc_std": 0.20505399816609385,
                        "F1_macro_doc_std": 0.16643654262795407
                    },
                    "exact": {
                        "correct": 137,
                        "incorrect": 5,
                        "partial": 0,
                        "missed": 12,
                        "spurious": 20,
                        "possible": 154,
                        "actual": 162,
                        "TP": 137,
                        "FP": 25,
                        "FN": 17,
                        "P_micro": 0.845679012345679,
                        "R_micro": 0.8896103896103896,
                        "F1_micro": 0.8670886075949367,
                        "P_macro_doc": 0.8414634146341463,
                        "R_macro_doc": 0.8984432234432234,
                        "F1_macro_doc": 0.9064838670101829,
                        "P_macro_doc_std": 0.3434762105271577,
                        "R_macro_doc_std": 0.2727118271038956,
                        "F1_macro_doc_std": 0.2461852027558845
                    }
                },
                "PERS": {
                    "partial": {
                        "correct": 0,
                        "incorrect": 0,
                        "partial": 2,
                        "missed": 7,
                        "spurious": 2,
                        "possible": 9,
                        "actual": 4,
                        "TP": 0,
                        "FP": 4,
                        "FN": 9,
                        "P_micro": 0.25,
                        "R_micro": 0.1111111111111111,
                        "F1_micro": 0.15384615384615383,
                        "P_macro_doc": 0.25,
                        "R_macro_doc": 0.1111111111111111,
                        "F1_macro_doc": 0.5,
                        "P_macro_doc_std": 0.25,
                        "R_macro_doc_std": 0.20786985482077452,
                        "F1_macro_doc_std": 0.0
                    },
                    "strict": {
                        "correct": 0,
                        "incorrect": 2,
                        "partial": 0,
                        "missed": 7,
                        "spurious": 2,
                        "possible": 9,
                        "actual": 4,
                        "TP": 0,
                        "FP": 4,
                        "FN": 9,
                        "P_micro": 0.0,
                        "R_micro": 0.0,
                        "F1_micro": 0,
                        "P_macro_doc": 0.0,
                        "R_macro_doc": 0.0,
                        "F1_macro_doc": 0.0,
                        "P_macro_doc_std": 0.0,
                        "R_macro_doc_std": 0.0,
                        "F1_macro_doc_std": 0.0
                    },
                    "ent_type": {
                        "correct": 0,
                        "incorrect": 2,
                        "partial": 0,
                        "missed": 7,
                        "spurious": 2,
                        "possible": 9,
                        "actual": 4,
                        "TP": 0,
                        "FP": 4,
                        "FN": 9,
                        "P_micro": 0.0,
                        "R_micro": 0.0,
                        "F1_micro": 0,
                        "P_macro_doc": 0.0,
                        "R_macro_doc": 0.0,
                        "F1_macro_doc": 0.0,
                        "P_macro_doc_std": 0.0,
                        "R_macro_doc_std": 0.0,
                        "F1_macro_doc_std": 0.0
                    },
                    "exact": {
                        "correct": 0,
                        "incorrect": 2,
                        "partial": 0,
                        "missed": 7,
                        "spurious": 2,
                        "possible": 9,
                        "actual": 4,
                        "TP": 0,
                        "FP": 4,
                        "FN": 9,
                        "P_micro": 0.0,
                        "R_micro": 0.0,
                        "F1_micro": 0,
                        "P_macro_doc": 0.0,
                        "R_macro_doc": 0.0,
                        "F1_macro_doc": 0.0,
                        "P_macro_doc_std": 0.0,
                        "R_macro_doc_std": 0.0,
                        "F1_macro_doc_std": 0.0
                    }
                },
                "ALL": {
                    "partial": {
                        "correct": 137,
                        "incorrect": 0,
                        "partial": 7,
                        "missed": 19,
                        "spurious": 22,
                        "possible": 163,
                        "actual": 166,
                        "TP": 137,
                        "FP": 29,
                        "FN": 26,
                        "P_micro": 0.8463855421686747,
                        "R_micro": 0.8619631901840491,
                        "F1_micro": 0.8541033434650456,