{
    "NE-COARSE-LIT": {
        "TIME-ALL": {
            "LED-ALL": {
                "ORG": {
                    "partial": {
                        "correct": 94,
                        "incorrect": 0,
                        "partial": 6,
                        "missed": 10,
                        "spurious": 24,
                        "possible": 110,
                        "actual": 124,
                        "TP": 94,
                        "FP": 30,
                        "FN": 16,
                        "P_micro": 0.782258064516129,
                        "R_micro": 0.8818181818181818,
                        "F1_micro": 0.8290598290598291,
                        "P_macro_doc": 0.8627694859038143,
                        "R_macro_doc": 0.9012626262626263,
                        "F1_macro_doc": 0.9197152935248174,
                        "P_macro_doc_std": 0.2925539531148316,
                        "R_macro_doc_std": 0.23949846948578196,
                        "F1_macro_doc_std": 0.17028562081034626
                    },
                    "strict": {
                        "correct": 94,
                        "incorrect": 6,
                        "partial": 0,
                        "missed": 10,
                        "spurious": 24,
                        "possible": 110,
                        "actual": 124,
                        "TP": 94,
                        "FP": 30,
                        "FN": 16,
                        "P_micro": 0.7580645161290323,
                        "R_micro": 0.8545454545454545,
                        "F1_micro": 0.8034188034188033,
                        "P_macro_doc": 0.8416252072968491,
                        "R_macro_doc": 0.8696969696969697,
                        "F1_macro_doc": 0.8936130007558578,
                        "P_macro_doc_std": 0.33059317780567277,
                        "R_macro_doc_std": 0.2993105024209878,
                        "F1_macro_doc_std": 0.2448001271980892
                    },
                    "ent_type": {
                        "correct": 100,
                        "incorrect": 0,
                        "partial": 0,
                        "missed": 10,
                        "spurious": 24,
                        "possible": 110,
                        "actual": 124,
                        "TP": 100,
                        "FP": 24,
                        "FN": 10,
                        "P_micro": 0.8064516129032258,
                        "R_micro": 0.9090909090909091,
                        "F1_micro": 0.8547008547008547,
                        "P_macro_doc": 0.8839137645107794,
                        "R_macro_doc": 0.9328282828282828,
                        "F1_macro_doc": 0.9458175862937767,
                        "P_macro_doc_std": 0.2721200511015247,
                        "R_macro_doc_std": 0.22236049417203543,
                        "F1_macro_doc_std": 0.11932898691619677
                    },
                    "exact": {
                        "correct": 94,
                        "incorrect": 6,
                        "partial": 0,
                        "missed": 10,
                        "spurious": 24,
                        "possible": 110,
                        "actual": 124,
                        "TP": 94,
                        "FP": 30,
                        "FN": 16,
                        "P_micro": 0.7580645161290323,
                        "R_micro": 0.8545454545454545,
                        "F1_micro": 0.8034188034188033,
                        "P_macro_doc": 0.8416252072968491,
                        "R_macro_doc": 0.8696969696969697,
                        "F1_macro_doc": 0.8936130007558578,
                        "P_macro_doc_std": 0.33059317780567277,
                        "R_macro_doc_std": 0.2993105024209878,
                        "F1_macro_doc_std": 0.2448001271980892
                    }
                },
                "PERS": {
                    "partial": {
                        "correct": 0,
                        "incorrect": 0,
                        "partial": 0,
                        "missed": 4,
                        "spurious": 2,
                        "possible": 4,
                        "actual": 2,
                        "TP": 0,
                        "FP": 2,
                        "FN": 4,
                        "P_micro": 0.0,
                        "R_micro": 0.0,
                        "F1_micro": 0,
                        "P_macro_doc": 0.0,
                        "R_macro_doc": 0.0,
                        "F1_macro_doc": null,
                        "P_macro_doc_std": 0.0,
                        "R_macro_doc_std": 0.0,
                        "F1_macro_doc_std": null
                    },
                    "strict": {
                        "correct": 0,
                        "incorrect": 0,
                        "partial": 0,
                        "missed": 4,
                        "spurious": 2,
                        "possible": 4,
                        "actual": 2,
                        "TP": 0,
                        "FP": 2,
                        "FN": 4,
                        "P_micro": 0.0,
                        "R_micro": 0.0,
                        "F1_micro": 0,
                        "P_macro_doc": 0.0,
                        "R_macro_doc": 0.0,
                        "F1_macro_doc": null,
                        "P_macro_doc_std": 0.0,
                        "R_macro_doc_std": 0.0,
                        "F1_macro_doc_std": null
                    },
                    "ent_type": {
                        "correct": 0,
                        "incorrect": 0,
                        "partial": 0,
                        "missed": 4,
                        "spurious": 2,
                        "possible": 4,
                        "actual": 2,
                        "TP": 0,
                        "FP": 2,
                        "FN": 4,
                        "P_micro": 0.0,
                        "R_micro": 0.0,
                        "F1_micro": 0,
                        "P_macro_doc": 0.0,
                        "R_macro_doc": 0.0,
                        "F1_macro_doc": null,
                        "P_macro_doc_std": 0.0,
                        "R_macro_doc_std": 0.0,
                        "F1_macro_doc_std": null
                    },
                    "exact": {
                        "correct": 0,
                        "incorrect": 0,
                        "partial": 0,
                        "missed": 4,
                        "spurious": 2,
                        "possible": 4,
                        "actual": 2,
                        "TP": 0,
                        "FP": 2,
                        "FN": 4,
                        "P_micro": 0.0,
                        "R_micro": 0.0,
                        "F1_micro": 0,
                        "P_macro_doc": 0.0,
                        "R_macro_doc": 0.0,
                        "F1_macro_doc": null,
                        "P_macro_doc_std": 0.0,
                        "R_macro_doc_std": 0.0,
                        "F1_macro_doc_std": null
                    }
                },
                "ALL": {
                    "partial": {
                        "correct": 94,
                        "incorrect": 0,
                        "partial": 6,
                        "missed": 14,
                        "spurious": 26,
                        "possible": 114,
                        "actual": 126,
                        "TP": 94,
                        "FP": 32,
                        "FN": 20,
                        "P_micro": 0.7698412698412699,
                        "R_micro": 0.8508771929824561,
                        "F1_micro": 0.8083333333333333,
                        "P_macro_doc": 0.8427287581699346,