{"dev": {"global": [{"loss": 0.008818290912019078, "precision": 0.7448979591836735, "recall": 0.6517857142857143, "f1": 0.6952380952380953}, {"loss": 0.005316969886970061, "precision": 0.7196969696969697, "recall": 0.8482142857142857, "f1": 0.778688524590164}, {"loss": 0.004383145759133635, "precision": 0.7021276595744681, "recall": 0.8839285714285714, "f1": 0.7826086956521738}], "sent-level": [null, null, null], "token-level": ["                             precision    recall  f1-score   support\n\n    org.ent.pressagency.AFP     0.6000    0.8571    0.7059        14\n     org.ent.pressagency.AP     0.0000    0.0000    0.0000         8\norg.ent.pressagency.ATS-SDA     0.8077    0.8750    0.8400        24\n    org.ent.pressagency.DNB     0.0000    0.0000    0.0000         3\n  org.ent.pressagency.Extel     0.0000    0.0000    0.0000         1\n  org.ent.pressagency.Havas     0.6667    0.8462    0.7458        26\norg.ent.pressagency.Reuters     0.9412    0.8421    0.8889        19\norg.ent.pressagency.Stefani     0.0000    0.0000    0.0000         1\n org.ent.pressagency.UP-UPI     0.0000    0.0000    0.0000         4\n  org.ent.pressagency.Wolff     1.0000    0.6667    0.8000         3\n     org.ent.pressagency.ag     0.0000    0.0000    0.0000         1\n    org.ent.pressagency.unk     0.0000    0.0000    0.0000         4\n     pers.ind.articleauthor     0.0000    0.0000    0.0000         4\n\n                  micro avg     0.7449    0.6518    0.6952       112\n                  macro avg     0.3089    0.3144    0.3062       112\n               weighted avg     0.5893    0.6518    0.6136       112\n", "                             precision    recall  f1-score   support\n\n    org.ent.pressagency.AFP     0.7000    1.0000    0.8235        14\n     org.ent.pressagency.AP     0.7778    0.8750    0.8235         8\norg.ent.pressagency.ATS-SDA     0.8571    1.0000    0.9231        24\n    org.ent.pressagency.DNB     0.0000    0.0000    0.0000         3\n  org.ent.pressagency.Extel     0.0000    0.0000    0.0000         1\n  org.ent.pressagency.Havas     0.7353    0.9615    0.8333        26\norg.ent.pressagency.Reuters     0.7826    0.9474    0.8571        19\norg.ent.pressagency.Stefani     0.0000    0.0000    0.0000         1\n org.ent.pressagency.UP-UPI     0.6667    1.0000    0.8000         4\n  org.ent.pressagency.Wolff     0.6000    1.0000    0.7500         3\n     org.ent.pressagency.ag     0.0000    0.0000    0.0000         1\n    org.ent.pressagency.unk     0.0000    0.0000    0.0000         4\n     pers.ind.articleauthor     0.0000    0.0000    0.0000         4\n\n                  micro avg     0.7197    0.8482    0.7787       112\n                  macro avg     0.3938    0.5218    0.4470       112\n               weighted avg     0.6701    0.8482    0.7471       112\n", "                             precision    recall  f1-score   support\n\n    org.ent.pressagency.AFP     0.6667    1.0000    0.8000        14\n     org.ent.pressagency.AP     0.6364    0.8750    0.7368         8\norg.ent.pressagency.ATS-SDA     0.8571    1.0000    0.9231        24\n    org.ent.pressagency.DNB     0.5000    0.3333    0.4000         3\n  org.ent.pressagency.Extel     0.0000    0.0000    0.0000         1\n  org.ent.pressagency.Havas     0.6944    0.9615    0.8065        26\norg.ent.pressagency.Reuters     0.8636    1.0000    0.9268        19\norg.ent.pressagency.Stefani     1.0000    1.0000    1.0000         1\n org.ent.pressagency.UP-UPI     0.8000    1.0000    0.8889         4\n  org.ent.pressagency.Wolff     0.6000    1.0000    0.7500         3\n     org.ent.pressagency.ag     0.0000    0.0000    0.0000         1\n    org.ent.pressagency.unk     0.0000    0.0000    0.0000         4\n     pers.ind.articleauthor     0.2000    0.2500    0.2222         4\n\n                  micro avg     0.7021    0.8839    0.7826       112\n                  macro avg     0.5245    0.6477    0.5734       112\n               weighted avg     0.6943    0.8839    0.7743       112\n"]}, "test": {"global": {"loss": 0.006259130113602176, "precision": 0.7730061349693251, "recall": 0.8129032258064516, "f1": 0.7924528301886792}, "token-level": "                             precision    recall  f1-score   support\n\n    org.ent.pressagency.AFP     1.0000    1.0000    1.0000        20\n   org.ent.pressagency.ANSA     0.0000    0.0000    0.0000         1\n     org.ent.pressagency.AP     0.8571    1.0000    0.9231         6\n    org.ent.pressagency.APA     0.0000    0.0000    0.0000         1\norg.ent.pressagency.ATS-SDA     0.8214    1.0000    0.9020        23\n    org.ent.pressagency.DNB     1.0000    0.3333    0.5000         3\n    org.ent.pressagency.DPA     1.0000    1.0000    1.0000         2\n  org.ent.pressagency.Havas     0.7895    0.9091    0.8451        33\n   org.ent.pressagency.Kipa     0.0000    0.0000    0.0000         1\norg.ent.pressagency.Reuters     0.8621    0.9259    0.8929        27\norg.ent.pressagency.Stefani     1.0000    1.0000    1.0000         2\n org.ent.pressagency.UP-UPI     1.0000    0.9231    0.9600        13\n  org.ent.pressagency.Wolff     0.5000    0.6667    0.5714         3\n org.ent.pressagency.Xinhua     1.0000    1.0000    1.0000         1\n     org.ent.pressagency.ag     0.0000    0.0000    0.0000         3\n    org.ent.pressagency.unk     0.2857    0.2857    0.2857         7\n     pers.ind.articleauthor     0.0000    0.0000    0.0000         9\n\n                  micro avg     0.7730    0.8129    0.7925       155\n                  macro avg     0.5950    0.5908    0.5812       155\n               weighted avg     0.7604    0.8129    0.7805       155\n"}}