{
    "NE-COARSE-LIT": {
        "TIME-ALL": {
            "LED-ALL": {
                "ORG": {
                    "partial": {
                        "correct": 134,
                        "incorrect": 0,
                        "partial": 3,
                        "missed": 17,
                        "spurious": 14,
                        "possible": 154,
                        "actual": 151,
                        "TP": 134,
                        "FP": 17,
                        "FN": 20,
                        "P_micro": 0.8973509933774835,
                        "R_micro": 0.8798701298701299,
                        "F1_micro": 0.8885245901639345,
                        "P_macro_doc": 0.9081196581196582,
                        "R_macro_doc": 0.9060439560439562,
                        "F1_macro_doc": 0.9321908091908093,
                        "P_macro_doc_std": 0.2623684528581014,
                        "R_macro_doc_std": 0.2425126516905224,
                        "F1_macro_doc_std": 0.1792503929672378
                    },
                    "strict": {
                        "correct": 134,
                        "incorrect": 3,
                        "partial": 0,
                        "missed": 17,
                        "spurious": 14,
                        "possible": 154,
                        "actual": 151,
                        "TP": 134,
                        "FP": 17,
                        "FN": 20,
                        "P_micro": 0.8874172185430463,
                        "R_micro": 0.8701298701298701,
                        "F1_micro": 0.878688524590164,
                        "P_macro_doc": 0.8995726495726495,
                        "R_macro_doc": 0.8951465201465201,
                        "F1_macro_doc": 0.9227463647463647,
                        "P_macro_doc_std": 0.2761788300115362,
                        "R_macro_doc_std": 0.2647175086161506,
                        "F1_macro_doc_std": 0.20524718345922666
                    },
                    "ent_type": {
                        "correct": 137,
                        "incorrect": 0,
                        "partial": 0,
                        "missed": 17,
                        "spurious": 14,
                        "possible": 154,
                        "actual": 151,
                        "TP": 137,
                        "FP": 14,
                        "FN": 17,
                        "P_micro": 0.9072847682119205,
                        "R_micro": 0.8896103896103896,
                        "F1_micro": 0.898360655737705,
                        "P_macro_doc": 0.9166666666666666,
                        "R_macro_doc": 0.9169413919413919,
                        "F1_macro_doc": 0.9416352536352537,
                        "P_macro_doc_std": 0.25528599681717795,
                        "R_macro_doc_std": 0.23575651771043113,
                        "F1_macro_doc_std": 0.16432559652848003
                    },
                    "exact": {
                        "correct": 134,
                        "incorrect": 3,
                        "partial": 0,
                        "missed": 17,
                        "spurious": 14,
                        "possible": 154,
                        "actual": 151,
                        "TP": 134,
                        "FP": 17,
                        "FN": 20,
                        "P_micro": 0.8874172185430463,
                        "R_micro": 0.8701298701298701,
                        "F1_micro": 0.878688524590164,
                        "P_macro_doc": 0.8995726495726495,
                        "R_macro_doc": 0.8951465201465201,
                        "F1_macro_doc": 0.9227463647463647,
                        "P_macro_doc_std": 0.2761788300115362,
                        "R_macro_doc_std": 0.2647175086161506,
                        "F1_macro_doc_std": 0.20524718345922666
                    }
                },
                "PERS": {
                    "partial": {
                        "correct": 0,
                        "incorrect": 0,
                        "partial": 0,
                        "missed": 9,
                        "spurious": 3,
                        "possible": 9,
                        "actual": 3,
                        "TP": 0,
                        "FP": 3,
                        "FN": 9,
                        "P_micro": 0.0,
                        "R_micro": 0.0,
                        "F1_micro": 0,
                        "P_macro_doc": 0.0,
                        "R_macro_doc": 0.0,
                        "F1_macro_doc": 0.0,
                        "P_macro_doc_std": 0.0,
                        "R_macro_doc_std": 0.0,
                        "F1_macro_doc_std": 0.0
                    },
                    "strict": {
                        "correct": 0,
                        "incorrect": 0,
                        "partial": 0,
                        "missed": 9,
                        "spurious": 3,
                        "possible": 9,
                        "actual": 3,
                        "TP": 0,
                        "FP": 3,
                        "FN": 9,
                        "P_micro": 0.0,
                        "R_micro": 0.0,
                        "F1_micro": 0,
                        "P_macro_doc": 0.0,
                        "R_macro_doc": 0.0,
                        "F1_macro_doc": 0.0,
                        "P_macro_doc_std": 0.0,
                        "R_macro_doc_std": 0.0,
                        "F1_macro_doc_std": 0.0
                    },
                    "ent_type": {
                        "correct": 0,
                        "incorrect": 0,
                        "partial": 0,
                        "missed": 9,
                        "spurious": 3,
                        "possible": 9,
                        "actual": 3,
                        "TP": 0,
                        "FP": 3,
                        "FN": 9,
                        "P_micro": 0.0,
                        "R_micro": 0.0,
                        "F1_micro": 0,
                        "P_macro_doc": 0.0,
                        "R_macro_doc": 0.0,
                        "F1_macro_doc": 0.0,
                        "P_macro_doc_std": 0.0,
                        "R_macro_doc_std": 0.0,
                        "F1_macro_doc_std": 0.0
                    },
                    "exact": {
                        "correct": 0,
                        "incorrect": 0,
                        "partial": 0,
                        "missed": 9,
                        "spurious": 3,
                        "possible": 9,
                        "actual": 3,
                        "TP": 0,
                        "FP": 3,
                        "FN": 9,
                        "P_micro": 0.0,
                        "R_micro": 0.0,
                        "F1_micro": 0,
                        "P_macro_doc": 0.0,
                        "R_macro_doc": 0.0,
                        "F1_macro_doc": 0.0,
                        "P_macro_doc_std": 0.0,
                        "R_macro_doc_std": 0.0,
                        "F1_macro_doc_std": 0.0
                    }
                },
                "ALL": {
                    "partial": {
                        "correct": 134,
                        "incorrect": 0,
                        "partial": 3,
                        "missed": 26,
                        "spurious": 17,
                        "possible": 163,
                        "actual": 154,
                        "TP": 134,
                        "FP": 20,
                        "FN": 29,
                        "P_micro": 0.8798701298701299,
                        "R_micro": 0.8312883435582822,
                        "F1_micro": 0.8548895899053627,
                        "P_macro_doc": 0.88125,