{
    "NE-COARSE-LIT": {
        "TIME-ALL": {
            "LED-ALL": {
                "ORG": {
                    "partial": {
                        "correct": 40,
                        "incorrect": 0,
                        "partial": 3,
                        "missed": 13,
                        "spurious": 9,
                        "possible": 56,
                        "actual": 52,
                        "TP": 40,
                        "FP": 12,
                        "FN": 16,
                        "P_micro": 0.7980769230769231,
                        "R_micro": 0.7410714285714286,
                        "F1_micro": 0.7685185185185186,
                        "P_macro_doc": 0.7427083333333333,
                        "R_macro_doc": 0.7985930735930735,
                        "F1_macro_doc": 0.8738764331643588,
                        "P_macro_doc_std": 0.376292621709193,
                        "R_macro_doc_std": 0.2860648388953943,
                        "F1_macro_doc_std": 0.15073931477164862
                    },
                    "strict": {
                        "correct": 40,
                        "incorrect": 3,
                        "partial": 0,
                        "missed": 13,
                        "spurious": 9,
                        "possible": 56,
                        "actual": 52,
                        "TP": 40,
                        "FP": 12,
                        "FN": 16,
                        "P_micro": 0.7692307692307693,
                        "R_micro": 0.7142857142857143,
                        "F1_micro": 0.7407407407407408,
                        "P_macro_doc": 0.7145833333333333,
                        "R_macro_doc": 0.7742424242424243,
                        "F1_macro_doc": 0.845030279318205,
                        "P_macro_doc_std": 0.38151174985546354,
                        "R_macro_doc_std": 0.30607024973019975,
                        "F1_macro_doc_std": 0.19963533108235545
                    },
                    "ent_type": {
                        "correct": 43,
                        "incorrect": 0,
                        "partial": 0,
                        "missed": 13,
                        "spurious": 9,
                        "possible": 56,
                        "actual": 52,
                        "TP": 43,
                        "FP": 9,
                        "FN": 13,
                        "P_micro": 0.8269230769230769,
                        "R_micro": 0.7678571428571429,
                        "F1_micro": 0.7962962962962962,
                        "P_macro_doc": 0.7708333333333333,
                        "R_macro_doc": 0.8229437229437229,
                        "F1_macro_doc": 0.9027225870105127,
                        "P_macro_doc_std": 0.38583873286358616,
                        "R_macro_doc_std": 0.2809101049443357,
                        "F1_macro_doc_std": 0.12627527946945707
                    },
                    "exact": {
                        "correct": 40,
                        "incorrect": 3,
                        "partial": 0,
                        "missed": 13,
                        "spurious": 9,
                        "possible": 56,
                        "actual": 52,
                        "TP": 40,
                        "FP": 12,
                        "FN": 16,
                        "P_micro": 0.7692307692307693,
                        "R_micro": 0.7142857142857143,
                        "F1_micro": 0.7407407407407408,
                        "P_macro_doc": 0.7145833333333333,
                        "R_macro_doc": 0.7742424242424243,
                        "F1_macro_doc": 0.845030279318205,
                        "P_macro_doc_std": 0.38151174985546354,
                        "R_macro_doc_std": 0.30607024973019975,
                        "F1_macro_doc_std": 0.19963533108235545
                    }
                },
                "PERS": {
                    "partial": {
                        "correct": 0,
                        "incorrect": 0,
                        "partial": 0,
                        "missed": 2,
                        "spurious": 0,
                        "possible": 2,
                        "actual": 0,
                        "TP": 0,
                        "FP": 0,
                        "FN": 2,
                        "P_micro": 0,
                        "R_micro": 0.0,
                        "F1_micro": 0,
                        "P_macro_doc": null,
                        "R_macro_doc": 0.0,
                        "F1_macro_doc": null,
                        "P_macro_doc_std": null,
                        "R_macro_doc_std": 0.0,
                        "F1_macro_doc_std": null
                    },
                    "strict": {
                        "correct": 0,
                        "incorrect": 0,
                        "partial": 0,
                        "missed": 2,
                        "spurious": 0,
                        "possible": 2,
                        "actual": 0,
                        "TP": 0,
                        "FP": 0,
                        "FN": 2,
                        "P_micro": 0,
                        "R_micro": 0.0,
                        "F1_micro": 0,
                        "P_macro_doc": null,
                        "R_macro_doc": 0.0,
                        "F1_macro_doc": null,
                        "P_macro_doc_std": null,
                        "R_macro_doc_std": 0.0,
                        "F1_macro_doc_std": null
                    },
                    "ent_type": {
                        "correct": 0,
                        "incorrect": 0,
                        "partial": 0,
                        "missed": 2,
                        "spurious": 0,
                        "possible": 2,
                        "actual": 0,
                        "TP": 0,
                        "FP": 0,
                        "FN": 2,
                        "P_micro": 0,
                        "R_micro": 0.0,
                        "F1_micro": 0,
                        "P_macro_doc": null,
                        "R_macro_doc": 0.0,
                        "F1_macro_doc": null,
                        "P_macro_doc_std": null,
                        "R_macro_doc_std": 0.0,
                        "F1_macro_doc_std": null
                    },
                    "exact": {
                        "correct": 0,
                        "incorrect": 0,
                        "partial": 0,
                        "missed": 2,
                        "spurious": 0,
                        "possible": 2,
                        "actual": 0,
                        "TP": 0,
                        "FP": 0,
                        "FN": 2,
                        "P_micro": 0,
                        "R_micro": 0.0,
                        "F1_micro": 0,
                        "P_macro_doc": null,
                        "R_macro_doc": 0.0,
                        "F1_macro_doc": null,
                        "P_macro_doc_std": null,
                        "R_macro_doc_std": 0.0,
                        "F1_macro_doc_std": null
                    }
                },
                "ALL": {
                    "partial": {
                        "correct": 40,
                        "incorrect": 0,
                        "partial": 3,
                        "missed": 15,
                        "spurious": 9,
                        "possible": 58,
                        "actual": 52,
                        "TP": 40,
                        "FP": 12,
                        "FN": 18,
                        "P_micro": 0.7980769230769231,
                        "R_micro": 0.7155172413793104,
                        "F1_micro": 0.7545454545454546,
                        "P_macro_doc": 0.7427083333333333,