{
    "NE-COARSE-LIT": {
        "TIME-ALL": {
            "LED-ALL": {
                "ORG": {
                    "partial": {
                        "correct": 101,
                        "incorrect": 0,
                        "partial": 2,
                        "missed": 7,
                        "spurious": 23,
                        "possible": 110,
                        "actual": 126,
                        "TP": 101,
                        "FP": 25,
                        "FN": 9,
                        "P_micro": 0.8095238095238095,
                        "R_micro": 0.9272727272727272,
                        "F1_micro": 0.864406779661017,
                        "P_macro_doc": 0.906035299692016,
                        "R_macro_doc": 0.9318181818181818,
                        "F1_macro_doc": 0.9425928238428238,
                        "P_macro_doc_std": 0.248340039629593,
                        "R_macro_doc_std": 0.20916957969574562,
                        "F1_macro_doc_std": 0.1388826172531456
                    },
                    "strict": {
                        "correct": 101,
                        "incorrect": 2,
                        "partial": 0,
                        "missed": 7,
                        "spurious": 23,
                        "possible": 110,
                        "actual": 126,
                        "TP": 101,
                        "FP": 25,
                        "FN": 9,
                        "P_micro": 0.8015873015873016,
                        "R_micro": 0.9181818181818182,
                        "F1_micro": 0.8559322033898306,
                        "P_macro_doc": 0.8975065150438285,
                        "R_macro_doc": 0.9217171717171717,
                        "F1_macro_doc": 0.9332178238428239,
                        "P_macro_doc_std": 0.26951456913339034,
                        "R_macro_doc_std": 0.23430479043966906,
                        "F1_macro_doc_std": 0.17765586451658913
                    },
                    "ent_type": {
                        "correct": 103,
                        "incorrect": 0,
                        "partial": 0,
                        "missed": 7,
                        "spurious": 23,
                        "possible": 110,
                        "actual": 126,
                        "TP": 103,
                        "FP": 23,
                        "FN": 7,
                        "P_micro": 0.8174603174603174,
                        "R_micro": 0.9363636363636364,
                        "F1_micro": 0.8728813559322035,
                        "P_macro_doc": 0.9145640843402036,
                        "R_macro_doc": 0.941919191919192,
                        "F1_macro_doc": 0.9519678238428239,
                        "P_macro_doc_std": 0.2411989916006552,
                        "R_macro_doc_std": 0.20203598423201627,
                        "F1_macro_doc_std": 0.12232896346749117
                    },
                    "exact": {
                        "correct": 101,
                        "incorrect": 2,
                        "partial": 0,
                        "missed": 7,
                        "spurious": 23,
                        "possible": 110,
                        "actual": 126,
                        "TP": 101,
                        "FP": 25,
                        "FN": 9,
                        "P_micro": 0.8015873015873016,
                        "R_micro": 0.9181818181818182,
                        "F1_micro": 0.8559322033898306,
                        "P_macro_doc": 0.8975065150438285,
                        "R_macro_doc": 0.9217171717171717,
                        "F1_macro_doc": 0.9332178238428239,
                        "P_macro_doc_std": 0.26951456913339034,
                        "R_macro_doc_std": 0.23430479043966906,
                        "F1_macro_doc_std": 0.17765586451658913
                    }
                },
                "PERS": {
                    "partial": {
                        "correct": 1,
                        "incorrect": 0,
                        "partial": 0,
                        "missed": 3,
                        "spurious": 3,
                        "possible": 4,
                        "actual": 4,
                        "TP": 1,
                        "FP": 3,
                        "FN": 3,
                        "P_micro": 0.25,
                        "R_micro": 0.25,
                        "F1_micro": 0.25,
                        "P_macro_doc": 0.25,
                        "R_macro_doc": 0.16666666666666666,
                        "F1_macro_doc": 0.6666666666666666,
                        "P_macro_doc_std": 0.4330127018922193,
                        "R_macro_doc_std": 0.23570226039551584,
                        "F1_macro_doc_std": 0.0
                    },
                    "strict": {
                        "correct": 1,
                        "incorrect": 0,
                        "partial": 0,
                        "missed": 3,
                        "spurious": 3,
                        "possible": 4,
                        "actual": 4,
                        "TP": 1,
                        "FP": 3,
                        "FN": 3,
                        "P_micro": 0.25,
                        "R_micro": 0.25,
                        "F1_micro": 0.25,
                        "P_macro_doc": 0.25,
                        "R_macro_doc": 0.16666666666666666,
                        "F1_macro_doc": 0.6666666666666666,
                        "P_macro_doc_std": 0.4330127018922193,
                        "R_macro_doc_std": 0.23570226039551584,
                        "F1_macro_doc_std": 0.0
                    },
                    "ent_type": {
                        "correct": 1,
                        "incorrect": 0,
                        "partial": 0,
                        "missed": 3,
                        "spurious": 3,
                        "possible": 4,
                        "actual": 4,
                        "TP": 1,
                        "FP": 3,
                        "FN": 3,
                        "P_micro": 0.25,
                        "R_micro": 0.25,
                        "F1_micro": 0.25,
                        "P_macro_doc": 0.25,
                        "R_macro_doc": 0.16666666666666666,
                        "F1_macro_doc": 0.6666666666666666,
                        "P_macro_doc_std": 0.4330127018922193,
                        "R_macro_doc_std": 0.23570226039551584,
                        "F1_macro_doc_std": 0.0
                    },
                    "exact": {
                        "correct": 1,
                        "incorrect": 0,
                        "partial": 0,
                        "missed": 3,
                        "spurious": 3,
                        "possible": 4,
                        "actual": 4,
                        "TP": 1,
                        "FP": 3,
                        "FN": 3,
                        "P_micro": 0.25,
                        "R_micro": 0.25,
                        "F1_micro": 0.25,
                        "P_macro_doc": 0.25,
                        "R_macro_doc": 0.16666666666666666,
                        "F1_macro_doc": 0.6666666666666666,
                        "P_macro_doc_std": 0.4330127018922193,
                        "R_macro_doc_std": 0.23570226039551584,
                        "F1_macro_doc_std": 0.0
                    }
                },
                "ALL": {
                    "partial": {
                        "correct": 102,
                        "incorrect": 0,
                        "partial": 2,
                        "missed": 10,
                        "spurious": 26,
                        "possible": 114,
                        "actual": 130,
                        "TP": 102,
                        "FP": 28,