{
    "NE-COARSE-LIT": {
        "TIME-ALL": {
            "LED-ALL": {
                "ORG": {
                    "partial": {
                        "correct": 100,
                        "incorrect": 0,
                        "partial": 12,
                        "missed": 42,
                        "spurious": 23,
                        "possible": 154,
                        "actual": 135,
                        "TP": 100,
                        "FP": 35,
                        "FN": 54,
                        "P_micro": 0.7851851851851852,
                        "R_micro": 0.6883116883116883,
                        "F1_micro": 0.7335640138408306,
                        "P_macro_doc": 0.8111167002012073,
                        "R_macro_doc": 0.729059829059829,
                        "F1_macro_doc": 0.8207733851116205,
                        "P_macro_doc_std": 0.3093237592998174,
                        "R_macro_doc_std": 0.3586542316297362,
                        "F1_macro_doc_std": 0.24134679635148135
                    },
                    "strict": {
                        "correct": 100,
                        "incorrect": 12,
                        "partial": 0,
                        "missed": 42,
                        "spurious": 23,
                        "possible": 154,
                        "actual": 135,
                        "TP": 100,
                        "FP": 35,
                        "FN": 54,
                        "P_micro": 0.7407407407407407,
                        "R_micro": 0.6493506493506493,
                        "F1_micro": 0.6920415224913494,
                        "P_macro_doc": 0.767437961099933,
                        "R_macro_doc": 0.6791666666666667,
                        "F1_macro_doc": 0.7723665223665224,
                        "P_macro_doc_std": 0.3745736879570329,
                        "R_macro_doc_std": 0.4130747299557962,
                        "F1_macro_doc_std": 0.33079076808663455
                    },
                    "ent_type": {
                        "correct": 112,
                        "incorrect": 0,
                        "partial": 0,
                        "missed": 42,
                        "spurious": 23,
                        "possible": 154,
                        "actual": 135,
                        "TP": 112,
                        "FP": 23,
                        "FN": 42,
                        "P_micro": 0.8296296296296296,
                        "R_micro": 0.7272727272727273,
                        "F1_micro": 0.7750865051903113,
                        "P_macro_doc": 0.8547954393024816,
                        "R_macro_doc": 0.7789529914529914,
                        "F1_macro_doc": 0.8691802478567184,
                        "P_macro_doc_std": 0.28481596228941203,
                        "R_macro_doc_std": 0.35712924748131386,
                        "F1_macro_doc_std": 0.20224412383142473
                    },
                    "exact": {
                        "correct": 100,
                        "incorrect": 12,
                        "partial": 0,
                        "missed": 42,
                        "spurious": 23,
                        "possible": 154,
                        "actual": 135,
                        "TP": 100,
                        "FP": 35,
                        "FN": 54,
                        "P_micro": 0.7407407407407407,
                        "R_micro": 0.6493506493506493,
                        "F1_micro": 0.6920415224913494,
                        "P_macro_doc": 0.767437961099933,
                        "R_macro_doc": 0.6791666666666667,
                        "F1_macro_doc": 0.7723665223665224,
                        "P_macro_doc_std": 0.3745736879570329,
                        "R_macro_doc_std": 0.4130747299557962,
                        "F1_macro_doc_std": 0.33079076808663455
                    }
                },
                "PERS": {
                    "partial": {
                        "correct": 0,
                        "incorrect": 0,
                        "partial": 0,
                        "missed": 9,
                        "spurious": 3,
                        "possible": 9,
                        "actual": 3,
                        "TP": 0,
                        "FP": 3,
                        "FN": 9,
                        "P_micro": 0.0,
                        "R_micro": 0.0,
                        "F1_micro": 0,
                        "P_macro_doc": 0.0,
                        "R_macro_doc": 0.0,
                        "F1_macro_doc": 0.0,
                        "P_macro_doc_std": 0.0,
                        "R_macro_doc_std": 0.0,
                        "F1_macro_doc_std": 0.0
                    },
                    "strict": {
                        "correct": 0,
                        "incorrect": 0,
                        "partial": 0,
                        "missed": 9,
                        "spurious": 3,
                        "possible": 9,
                        "actual": 3,
                        "TP": 0,
                        "FP": 3,
                        "FN": 9,
                        "P_micro": 0.0,
                        "R_micro": 0.0,
                        "F1_micro": 0,
                        "P_macro_doc": 0.0,
                        "R_macro_doc": 0.0,
                        "F1_macro_doc": 0.0,
                        "P_macro_doc_std": 0.0,
                        "R_macro_doc_std": 0.0,
                        "F1_macro_doc_std": 0.0
                    },
                    "ent_type": {
                        "correct": 0,
                        "incorrect": 0,
                        "partial": 0,
                        "missed": 9,
                        "spurious": 3,
                        "possible": 9,
                        "actual": 3,
                        "TP": 0,
                        "FP": 3,
                        "FN": 9,
                        "P_micro": 0.0,
                        "R_micro": 0.0,
                        "F1_micro": 0,
                        "P_macro_doc": 0.0,
                        "R_macro_doc": 0.0,
                        "F1_macro_doc": 0.0,
                        "P_macro_doc_std": 0.0,
                        "R_macro_doc_std": 0.0,
                        "F1_macro_doc_std": 0.0
                    },
                    "exact": {
                        "correct": 0,
                        "incorrect": 0,
                        "partial": 0,
                        "missed": 9,
                        "spurious": 3,
                        "possible": 9,
                        "actual": 3,
                        "TP": 0,
                        "FP": 3,
                        "FN": 9,
                        "P_micro": 0.0,
                        "R_micro": 0.0,
                        "F1_micro": 0,
                        "P_macro_doc": 0.0,
                        "R_macro_doc": 0.0,
                        "F1_macro_doc": 0.0,
                        "P_macro_doc_std": 0.0,
                        "R_macro_doc_std": 0.0,
                        "F1_macro_doc_std": 0.0
                    }
                },
                "ALL": {
                    "partial": {
                        "correct": 100,
                        "incorrect": 0,
                        "partial": 12,
                        "missed": 51,
                        "spurious": 26,
                        "possible": 163,
                        "actual": 138,
                        "TP": 100,
                        "FP": 38,
                        "FN": 63,
                        "P_micro": 0.7681159420289855,
                        "R_micro": 0.6503067484662577,
                        "F1_micro": 0.7043189368770764,
                        "P_macro_doc": 0.7782335907335908,