{
    "NE-COARSE-LIT": {
        "TIME-ALL": {
            "LED-ALL": {
                "ORG": {
                    "partial": {
                        "correct": 51,
                        "incorrect": 0,
                        "partial": 1,
                        "missed": 4,
                        "spurious": 10,
                        "possible": 56,
                        "actual": 62,
                        "TP": 51,
                        "FP": 11,
                        "FN": 5,
                        "P_micro": 0.8306451612903226,
                        "R_micro": 0.9196428571428571,
                        "F1_micro": 0.8728813559322034,
                        "P_macro_doc": 0.7078947368421052,
                        "R_macro_doc": 0.9652597402597403,
                        "F1_macro_doc": 0.9599773242630386,
                        "P_macro_doc_std": 0.42743517757074084,
                        "R_macro_doc_std": 0.07280043282191984,
                        "F1_macro_doc_std": 0.05460534514033696
                    },
                    "strict": {
                        "correct": 51,
                        "incorrect": 1,
                        "partial": 0,
                        "missed": 4,
                        "spurious": 10,
                        "possible": 56,
                        "actual": 62,
                        "TP": 51,
                        "FP": 11,
                        "FN": 5,
                        "P_micro": 0.8225806451612904,
                        "R_micro": 0.9107142857142857,
                        "F1_micro": 0.864406779661017,
                        "P_macro_doc": 0.7052631578947368,
                        "R_macro_doc": 0.9620129870129871,
                        "F1_macro_doc": 0.9565759637188209,
                        "P_macro_doc_std": 0.4260883083791388,
                        "R_macro_doc_std": 0.07808222180140466,
                        "F1_macro_doc_std": 0.059226337998523754
                    },
                    "ent_type": {
                        "correct": 52,
                        "incorrect": 0,
                        "partial": 0,
                        "missed": 4,
                        "spurious": 10,
                        "possible": 56,
                        "actual": 62,
                        "TP": 52,
                        "FP": 10,
                        "FN": 4,
                        "P_micro": 0.8387096774193549,
                        "R_micro": 0.9285714285714286,
                        "F1_micro": 0.8813559322033899,
                        "P_macro_doc": 0.7105263157894737,
                        "R_macro_doc": 0.9685064935064934,
                        "F1_macro_doc": 0.9633786848072562,
                        "P_macro_doc_std": 0.42906843625660673,
                        "R_macro_doc_std": 0.06911620106351221,
                        "F1_macro_doc_std": 0.05250265627014544
                    },
                    "exact": {
                        "correct": 51,
                        "incorrect": 1,
                        "partial": 0,
                        "missed": 4,
                        "spurious": 10,
                        "possible": 56,
                        "actual": 62,
                        "TP": 51,
                        "FP": 11,
                        "FN": 5,
                        "P_micro": 0.8225806451612904,
                        "R_micro": 0.9107142857142857,
                        "F1_micro": 0.864406779661017,
                        "P_macro_doc": 0.7052631578947368,
                        "R_macro_doc": 0.9620129870129871,
                        "F1_macro_doc": 0.9565759637188209,
                        "P_macro_doc_std": 0.4260883083791388,
                        "R_macro_doc_std": 0.07808222180140466,
                        "F1_macro_doc_std": 0.059226337998523754
                    }
                },
                "PERS": {
                    "partial": {
                        "correct": 0,
                        "incorrect": 0,
                        "partial": 0,
                        "missed": 2,
                        "spurious": 0,
                        "possible": 2,
                        "actual": 0,
                        "TP": 0,
                        "FP": 0,
                        "FN": 2,
                        "P_micro": 0,
                        "R_micro": 0.0,
                        "F1_micro": 0,
                        "P_macro_doc": null,
                        "R_macro_doc": 0.0,
                        "F1_macro_doc": null,
                        "P_macro_doc_std": null,
                        "R_macro_doc_std": 0.0,
                        "F1_macro_doc_std": null
                    },
                    "strict": {
                        "correct": 0,
                        "incorrect": 0,
                        "partial": 0,
                        "missed": 2,
                        "spurious": 0,
                        "possible": 2,
                        "actual": 0,
                        "TP": 0,
                        "FP": 0,
                        "FN": 2,
                        "P_micro": 0,
                        "R_micro": 0.0,
                        "F1_micro": 0,
                        "P_macro_doc": null,
                        "R_macro_doc": 0.0,
                        "F1_macro_doc": null,
                        "P_macro_doc_std": null,
                        "R_macro_doc_std": 0.0,
                        "F1_macro_doc_std": null
                    },
                    "ent_type": {
                        "correct": 0,
                        "incorrect": 0,
                        "partial": 0,
                        "missed": 2,
                        "spurious": 0,
                        "possible": 2,
                        "actual": 0,
                        "TP": 0,
                        "FP": 0,
                        "FN": 2,
                        "P_micro": 0,
                        "R_micro": 0.0,
                        "F1_micro": 0,
                        "P_macro_doc": null,
                        "R_macro_doc": 0.0,
                        "F1_macro_doc": null,
                        "P_macro_doc_std": null,
                        "R_macro_doc_std": 0.0,
                        "F1_macro_doc_std": null
                    },
                    "exact": {
                        "correct": 0,
                        "incorrect": 0,
                        "partial": 0,
                        "missed": 2,
                        "spurious": 0,
                        "possible": 2,
                        "actual": 0,
                        "TP": 0,
                        "FP": 0,
                        "FN": 2,
                        "P_micro": 0,
                        "R_micro": 0.0,
                        "F1_micro": 0,
                        "P_macro_doc": null,
                        "R_macro_doc": 0.0,
                        "F1_macro_doc": null,
                        "P_macro_doc_std": null,
                        "R_macro_doc_std": 0.0,
                        "F1_macro_doc_std": null
                    }
                },
                "ALL": {
                    "partial": {
                        "correct": 51,
                        "incorrect": 0,
                        "partial": 1,
                        "missed": 6,
                        "spurious": 10,
                        "possible": 58,
                        "actual": 62,
                        "TP": 51,
                        "FP": 11,
                        "FN": 7,
                        "P_micro": 0.8306451612903226,
                        "R_micro": 0.8879310344827587,
                        "F1_micro": 0.8583333333333333,
                        "P_macro_doc": 0.7078947368421052,