{
    "NE-COARSE-LIT": {
        "TIME-ALL": {
            "LED-ALL": {
                "PERS": {
                    "partial": {
                        "correct": 1,
                        "incorrect": 0,
                        "partial": 2,
                        "missed": 6,
                        "spurious": 2,
                        "possible": 9,
                        "actual": 5,
                        "TP": 1,
                        "FP": 4,
                        "FN": 8,
                        "P_micro": 0.4,
                        "R_micro": 0.2222222222222222,
                        "F1_micro": 0.2857142857142857,
                        "P_macro_doc": 0.4,
                        "R_macro_doc": 0.2222222222222222,
                        "F1_macro_doc": 0.6666666666666666,
                        "P_macro_doc_std": 0.37416573867739417,
                        "R_macro_doc_std": 0.3424674446093876,
                        "F1_macro_doc_std": 0.23570226039551584
                    },
                    "strict": {
                        "correct": 1,
                        "incorrect": 2,
                        "partial": 0,
                        "missed": 6,
                        "spurious": 2,
                        "possible": 9,
                        "actual": 5,
                        "TP": 1,
                        "FP": 4,
                        "FN": 8,
                        "P_micro": 0.2,
                        "R_micro": 0.1111111111111111,
                        "F1_micro": 0.14285714285714285,
                        "P_macro_doc": 0.2,
                        "R_macro_doc": 0.1111111111111111,
                        "F1_macro_doc": 0.3333333333333333,
                        "P_macro_doc_std": 0.4,
                        "R_macro_doc_std": 0.31426968052735443,
                        "F1_macro_doc_std": 0.4714045207910317
                    },
                    "ent_type": {
                        "correct": 3,
                        "incorrect": 0,
                        "partial": 0,
                        "missed": 6,
                        "spurious": 2,
                        "possible": 9,
                        "actual": 5,
                        "TP": 3,
                        "FP": 2,
                        "FN": 6,
                        "P_micro": 0.6,
                        "R_micro": 0.3333333333333333,
                        "F1_micro": 0.42857142857142855,
                        "P_macro_doc": 0.6,
                        "R_macro_doc": 0.3333333333333333,
                        "F1_macro_doc": 1.0,
                        "P_macro_doc_std": 0.48989794855663565,
                        "R_macro_doc_std": 0.4714045207910317,
                        "F1_macro_doc_std": 0.0
                    },
                    "exact": {
                        "correct": 1,
                        "incorrect": 2,
                        "partial": 0,
                        "missed": 6,
                        "spurious": 2,
                        "possible": 9,
                        "actual": 5,
                        "TP": 1,
                        "FP": 4,
                        "FN": 8,
                        "P_micro": 0.2,
                        "R_micro": 0.1111111111111111,
                        "F1_micro": 0.14285714285714285,
                        "P_macro_doc": 0.2,
                        "R_macro_doc": 0.1111111111111111,
                        "F1_macro_doc": 0.3333333333333333,
                        "P_macro_doc_std": 0.4,
                        "R_macro_doc_std": 0.31426968052735443,
                        "F1_macro_doc_std": 0.4714045207910317
                    }
                },
                "ORG": {
                    "partial": {
                        "correct": 132,
                        "incorrect": 0,
                        "partial": 3,
                        "missed": 19,
                        "spurious": 16,
                        "possible": 154,
                        "actual": 151,
                        "TP": 132,
                        "FP": 19,
                        "FN": 22,
                        "P_micro": 0.8841059602649006,
                        "R_micro": 0.8668831168831169,
                        "F1_micro": 0.8754098360655739,
                        "P_macro_doc": 0.8955696202531646,
                        "R_macro_doc": 0.8999542124542125,
                        "F1_macro_doc": 0.9282576682576683,
                        "P_macro_doc_std": 0.27922321501409836,
                        "R_macro_doc_std": 0.24446162227065785,
                        "F1_macro_doc_std": 0.17957426902472845
                    },
                    "strict": {
                        "correct": 132,
                        "incorrect": 3,
                        "partial": 0,
                        "missed": 19,
                        "spurious": 16,
                        "possible": 154,
                        "actual": 151,
                        "TP": 132,
                        "FP": 19,
                        "FN": 22,
                        "P_micro": 0.8741721854304636,
                        "R_micro": 0.8571428571428571,
                        "F1_micro": 0.8655737704918033,
                        "P_macro_doc": 0.8892405063291139,
                        "R_macro_doc": 0.8906593406593407,
                        "F1_macro_doc": 0.9206963406963407,
                        "P_macro_doc_std": 0.2901093199872849,
                        "R_macro_doc_std": 0.2640650084474894,
                        "F1_macro_doc_std": 0.2021496896928759
                    },
                    "ent_type": {
                        "correct": 134,
                        "incorrect": 1,
                        "partial": 0,
                        "missed": 19,
                        "spurious": 16,
                        "possible": 154,
                        "actual": 151,
                        "TP": 134,
                        "FP": 17,
                        "FN": 20,
                        "P_micro": 0.8874172185430463,
                        "R_micro": 0.8701298701298701,
                        "F1_micro": 0.878688524590164,
                        "P_macro_doc": 0.8997890295358651,
                        "R_macro_doc": 0.9066849816849817,
                        "F1_macro_doc": 0.9333947533947533,
                        "P_macro_doc_std": 0.2747520768499777,
                        "R_macro_doc_std": 0.24031990523868718,
                        "F1_macro_doc_std": 0.16937705259680252
                    },
                    "exact": {
                        "correct": 132,
                        "incorrect": 3,
                        "partial": 0,
                        "missed": 19,
                        "spurious": 16,
                        "possible": 154,
                        "actual": 151,
                        "TP": 132,
                        "FP": 19,
                        "FN": 22,
                        "P_micro": 0.8741721854304636,
                        "R_micro": 0.8571428571428571,
                        "F1_micro": 0.8655737704918033,
                        "P_macro_doc": 0.8892405063291139,
                        "R_macro_doc": 0.8906593406593407,
                        "F1_macro_doc": 0.9206963406963407,
                        "P_macro_doc_std": 0.2901093199872849,
                        "R_macro_doc_std": 0.2640650084474894,
                        "F1_macro_doc_std": 0.2021496896928759
                    }
                },
                "ALL": {
                    "partial": {
                        "correct": 133,
                        "incorrect": 0,
                        "partial": 5,
                        "missed": 25,
                        "spurious": 18,
                        "possible": 163,