{
    "NE-COARSE-LIT": {
        "TIME-ALL": {
            "LED-ALL": {
                "ORG": {
                    "partial": {
                        "correct": 47,
                        "incorrect": 0,
                        "partial": 0,
                        "missed": 9,
                        "spurious": 10,
                        "possible": 56,
                        "actual": 57,
                        "TP": 47,
                        "FP": 10,
                        "FN": 9,
                        "P_micro": 0.8245614035087719,
                        "R_micro": 0.8392857142857143,
                        "F1_micro": 0.8318584070796461,
                        "P_macro_doc": 0.821590909090909,
                        "R_macro_doc": 0.933603896103896,
                        "F1_macro_doc": 0.92828148803381,
                        "P_macro_doc_std": 0.3332917932105254,
                        "R_macro_doc_std": 0.12901228448479038,
                        "F1_macro_doc_std": 0.11405998374420137
                    },
                    "strict": {
                        "correct": 47,
                        "incorrect": 0,
                        "partial": 0,
                        "missed": 9,
                        "spurious": 10,
                        "possible": 56,
                        "actual": 57,
                        "TP": 47,
                        "FP": 10,
                        "FN": 9,
                        "P_micro": 0.8245614035087719,
                        "R_micro": 0.8392857142857143,
                        "F1_micro": 0.8318584070796461,
                        "P_macro_doc": 0.821590909090909,
                        "R_macro_doc": 0.933603896103896,
                        "F1_macro_doc": 0.92828148803381,
                        "P_macro_doc_std": 0.3332917932105254,
                        "R_macro_doc_std": 0.12901228448479038,
                        "F1_macro_doc_std": 0.11405998374420137
                    },
                    "ent_type": {
                        "correct": 47,
                        "incorrect": 0,
                        "partial": 0,
                        "missed": 9,
                        "spurious": 10,
                        "possible": 56,
                        "actual": 57,
                        "TP": 47,
                        "FP": 10,
                        "FN": 9,
                        "P_micro": 0.8245614035087719,
                        "R_micro": 0.8392857142857143,
                        "F1_micro": 0.8318584070796461,
                        "P_macro_doc": 0.821590909090909,
                        "R_macro_doc": 0.933603896103896,
                        "F1_macro_doc": 0.92828148803381,
                        "P_macro_doc_std": 0.3332917932105254,
                        "R_macro_doc_std": 0.12901228448479038,
                        "F1_macro_doc_std": 0.11405998374420137
                    },
                    "exact": {
                        "correct": 47,
                        "incorrect": 0,
                        "partial": 0,
                        "missed": 9,
                        "spurious": 10,
                        "possible": 56,
                        "actual": 57,
                        "TP": 47,
                        "FP": 10,
                        "FN": 9,
                        "P_micro": 0.8245614035087719,
                        "R_micro": 0.8392857142857143,
                        "F1_micro": 0.8318584070796461,
                        "P_macro_doc": 0.821590909090909,
                        "R_macro_doc": 0.933603896103896,
                        "F1_macro_doc": 0.92828148803381,
                        "P_macro_doc_std": 0.3332917932105254,
                        "R_macro_doc_std": 0.12901228448479038,
                        "F1_macro_doc_std": 0.11405998374420137
                    }
                },
                "PERS": {
                    "partial": {
                        "correct": 0,
                        "incorrect": 0,
                        "partial": 0,
                        "missed": 2,
                        "spurious": 0,
                        "possible": 2,
                        "actual": 0,
                        "TP": 0,
                        "FP": 0,
                        "FN": 2,
                        "P_micro": 0,
                        "R_micro": 0.0,
                        "F1_micro": 0,
                        "P_macro_doc": null,
                        "R_macro_doc": 0.0,
                        "F1_macro_doc": null,
                        "P_macro_doc_std": null,
                        "R_macro_doc_std": 0.0,
                        "F1_macro_doc_std": null
                    },
                    "strict": {
                        "correct": 0,
                        "incorrect": 0,
                        "partial": 0,
                        "missed": 2,
                        "spurious": 0,
                        "possible": 2,
                        "actual": 0,
                        "TP": 0,
                        "FP": 0,
                        "FN": 2,
                        "P_micro": 0,
                        "R_micro": 0.0,
                        "F1_micro": 0,
                        "P_macro_doc": null,
                        "R_macro_doc": 0.0,
                        "F1_macro_doc": null,
                        "P_macro_doc_std": null,
                        "R_macro_doc_std": 0.0,
                        "F1_macro_doc_std": null
                    },
                    "ent_type": {
                        "correct": 0,
                        "incorrect": 0,
                        "partial": 0,
                        "missed": 2,
                        "spurious": 0,
                        "possible": 2,
                        "actual": 0,
                        "TP": 0,
                        "FP": 0,
                        "FN": 2,
                        "P_micro": 0,
                        "R_micro": 0.0,
                        "F1_micro": 0,
                        "P_macro_doc": null,
                        "R_macro_doc": 0.0,
                        "F1_macro_doc": null,
                        "P_macro_doc_std": null,
                        "R_macro_doc_std": 0.0,
                        "F1_macro_doc_std": null
                    },
                    "exact": {
                        "correct": 0,
                        "incorrect": 0,
                        "partial": 0,
                        "missed": 2,
                        "spurious": 0,
                        "possible": 2,
                        "actual": 0,
                        "TP": 0,
                        "FP": 0,
                        "FN": 2,
                        "P_micro": 0,
                        "R_micro": 0.0,
                        "F1_micro": 0,
                        "P_macro_doc": null,
                        "R_macro_doc": 0.0,
                        "F1_macro_doc": null,
                        "P_macro_doc_std": null,
                        "R_macro_doc_std": 0.0,
                        "F1_macro_doc_std": null
                    }
                },
                "ALL": {
                    "partial": {
                        "correct": 47,
                        "incorrect": 0,
                        "partial": 0,
                        "missed": 11,
                        "spurious": 10,
                        "possible": 58,
                        "actual": 57,
                        "TP": 47,
                        "FP": 10,
                        "FN": 11,
                        "P_micro": 0.8245614035087719,
                        "R_micro": 0.8103448275862069,
                        "F1_micro": 0.8173913043478261,
                        "P_macro_doc": 0.821590909090909,
                        "R_macro_doc": 0.8859848484848484,