{
    "NE-COARSE-LIT": {
        "TIME-ALL": {
            "LED-ALL": {
                "ORG": {
                    "partial": {
                        "correct": 97,
                        "incorrect": 0,
                        "partial": 3,
                        "missed": 10,
                        "spurious": 22,
                        "possible": 110,
                        "actual": 122,
                        "TP": 97,
                        "FP": 25,
                        "FN": 13,
                        "P_micro": 0.8073770491803278,
                        "R_micro": 0.8954545454545455,
                        "F1_micro": 0.8491379310344828,
                        "P_macro_doc": 0.8803571428571428,
                        "R_macro_doc": 0.8967171717171718,
                        "F1_macro_doc": 0.9337732160312805,
                        "P_macro_doc_std": 0.27542938327161265,
                        "R_macro_doc_std": 0.26174787546643574,
                        "F1_macro_doc_std": 0.14659847381644142
                    },
                    "strict": {
                        "correct": 97,
                        "incorrect": 3,
                        "partial": 0,
                        "missed": 10,
                        "spurious": 22,
                        "possible": 110,
                        "actual": 122,
                        "TP": 97,
                        "FP": 25,
                        "FN": 13,
                        "P_micro": 0.7950819672131147,
                        "R_micro": 0.8818181818181818,
                        "F1_micro": 0.8362068965517241,
                        "P_macro_doc": 0.8683621933621932,
                        "R_macro_doc": 0.8828282828282829,
                        "F1_macro_doc": 0.9203323558162267,
                        "P_macro_doc_std": 0.29677883278833034,
                        "R_macro_doc_std": 0.28445958120881737,
                        "F1_macro_doc_std": 0.19001901705423233
                    },
                    "ent_type": {
                        "correct": 100,
                        "incorrect": 0,
                        "partial": 0,
                        "missed": 10,
                        "spurious": 22,
                        "possible": 110,
                        "actual": 122,
                        "TP": 100,
                        "FP": 22,
                        "FN": 10,
                        "P_micro": 0.819672131147541,
                        "R_micro": 0.9090909090909091,
                        "F1_micro": 0.8620689655172413,
                        "P_macro_doc": 0.8923520923520923,
                        "R_macro_doc": 0.9106060606060606,
                        "F1_macro_doc": 0.9472140762463342,
                        "P_macro_doc_std": 0.26879034652825334,
                        "R_macro_doc_std": 0.25696749332007296,
                        "F1_macro_doc_std": 0.12794653409176274
                    },
                    "exact": {
                        "correct": 97,
                        "incorrect": 3,
                        "partial": 0,
                        "missed": 10,
                        "spurious": 22,
                        "possible": 110,
                        "actual": 122,
                        "TP": 97,
                        "FP": 25,
                        "FN": 13,
                        "P_micro": 0.7950819672131147,
                        "R_micro": 0.8818181818181818,
                        "F1_micro": 0.8362068965517241,
                        "P_macro_doc": 0.8683621933621932,
                        "R_macro_doc": 0.8828282828282829,
                        "F1_macro_doc": 0.9203323558162267,
                        "P_macro_doc_std": 0.29677883278833034,
                        "R_macro_doc_std": 0.28445958120881737,
                        "F1_macro_doc_std": 0.19001901705423233
                    }
                },
                "PERS": {
                    "partial": {
                        "correct": 2,
                        "incorrect": 0,
                        "partial": 0,
                        "missed": 2,
                        "spurious": 5,
                        "possible": 4,
                        "actual": 7,
                        "TP": 2,
                        "FP": 5,
                        "FN": 2,
                        "P_micro": 0.2857142857142857,
                        "R_micro": 0.5,
                        "F1_micro": 0.36363636363636365,
                        "P_macro_doc": 0.3333333333333333,
                        "R_macro_doc": 0.5,
                        "F1_macro_doc": 0.8333333333333333,
                        "P_macro_doc_std": 0.4714045207910317,
                        "R_macro_doc_std": 0.408248290463863,
                        "F1_macro_doc_std": 0.16666666666666669
                    },
                    "strict": {
                        "correct": 2,
                        "incorrect": 0,
                        "partial": 0,
                        "missed": 2,
                        "spurious": 5,
                        "possible": 4,
                        "actual": 7,
                        "TP": 2,
                        "FP": 5,
                        "FN": 2,
                        "P_micro": 0.2857142857142857,
                        "R_micro": 0.5,
                        "F1_micro": 0.36363636363636365,
                        "P_macro_doc": 0.3333333333333333,
                        "R_macro_doc": 0.5,
                        "F1_macro_doc": 0.8333333333333333,
                        "P_macro_doc_std": 0.4714045207910317,
                        "R_macro_doc_std": 0.408248290463863,
                        "F1_macro_doc_std": 0.16666666666666669
                    },
                    "ent_type": {
                        "correct": 2,
                        "incorrect": 0,
                        "partial": 0,
                        "missed": 2,
                        "spurious": 5,
                        "possible": 4,
                        "actual": 7,
                        "TP": 2,
                        "FP": 5,
                        "FN": 2,
                        "P_micro": 0.2857142857142857,
                        "R_micro": 0.5,
                        "F1_micro": 0.36363636363636365,
                        "P_macro_doc": 0.3333333333333333,
                        "R_macro_doc": 0.5,
                        "F1_macro_doc": 0.8333333333333333,
                        "P_macro_doc_std": 0.4714045207910317,
                        "R_macro_doc_std": 0.408248290463863,
                        "F1_macro_doc_std": 0.16666666666666669
                    },
                    "exact": {
                        "correct": 2,
                        "incorrect": 0,
                        "partial": 0,
                        "missed": 2,
                        "spurious": 5,
                        "possible": 4,
                        "actual": 7,
                        "TP": 2,
                        "FP": 5,
                        "FN": 2,
                        "P_micro": 0.2857142857142857,
                        "R_micro": 0.5,
                        "F1_micro": 0.36363636363636365,
                        "P_macro_doc": 0.3333333333333333,
                        "R_macro_doc": 0.5,
                        "F1_macro_doc": 0.8333333333333333,
                        "P_macro_doc_std": 0.4714045207910317,
                        "R_macro_doc_std": 0.408248290463863,
                        "F1_macro_doc_std": 0.16666666666666669
                    }
                },
                "ALL": {
                    "partial": {
                        "correct": 99,
                        "incorrect": 0,
                        "partial": 3,
                        "missed": 12,
                        "spurious": 27,