{
    "NE-COARSE-LIT": {
        "TIME-ALL": {
            "LED-ALL": {
                "ORG": {
                    "partial": {
                        "correct": 100,
                        "incorrect": 0,
                        "partial": 3,
                        "missed": 7,
                        "spurious": 18,
                        "possible": 110,
                        "actual": 121,
                        "TP": 100,
                        "FP": 21,
                        "FN": 10,
                        "P_micro": 0.8388429752066116,
                        "R_micro": 0.9227272727272727,
                        "F1_micro": 0.8787878787878787,
                        "P_macro_doc": 0.9227994227994228,
                        "R_macro_doc": 0.9313131313131313,
                        "F1_macro_doc": 0.9469223484848485,
                        "P_macro_doc_std": 0.2138467769194623,
                        "R_macro_doc_std": 0.2074276303053684,
                        "F1_macro_doc_std": 0.12997778314994685
                    },
                    "strict": {
                        "correct": 100,
                        "incorrect": 3,
                        "partial": 0,
                        "missed": 7,
                        "spurious": 18,
                        "possible": 110,
                        "actual": 121,
                        "TP": 100,
                        "FP": 21,
                        "FN": 10,
                        "P_micro": 0.8264462809917356,
                        "R_micro": 0.9090909090909091,
                        "F1_micro": 0.8658008658008658,
                        "P_macro_doc": 0.9116161616161617,
                        "R_macro_doc": 0.9186868686868687,
                        "F1_macro_doc": 0.9349431818181818,
                        "P_macro_doc_std": 0.24077728751620012,
                        "R_macro_doc_std": 0.23456592103084817,
                        "F1_macro_doc_std": 0.17383513725461164
                    },
                    "ent_type": {
                        "correct": 103,
                        "incorrect": 0,
                        "partial": 0,
                        "missed": 7,
                        "spurious": 18,
                        "possible": 110,
                        "actual": 121,
                        "TP": 103,
                        "FP": 18,
                        "FN": 7,
                        "P_micro": 0.8512396694214877,
                        "R_micro": 0.9363636363636364,
                        "F1_micro": 0.8917748917748918,
                        "P_macro_doc": 0.933982683982684,
                        "R_macro_doc": 0.9439393939393939,
                        "F1_macro_doc": 0.9589015151515152,
                        "P_macro_doc_std": 0.20447290986243732,
                        "R_macro_doc_std": 0.1999292038762613,
                        "F1_macro_doc_std": 0.11079642579216877
                    },
                    "exact": {
                        "correct": 100,
                        "incorrect": 3,
                        "partial": 0,
                        "missed": 7,
                        "spurious": 18,
                        "possible": 110,
                        "actual": 121,
                        "TP": 100,
                        "FP": 21,
                        "FN": 10,
                        "P_micro": 0.8264462809917356,
                        "R_micro": 0.9090909090909091,
                        "F1_micro": 0.8658008658008658,
                        "P_macro_doc": 0.9116161616161617,
                        "R_macro_doc": 0.9186868686868687,
                        "F1_macro_doc": 0.9349431818181818,
                        "P_macro_doc_std": 0.24077728751620012,
                        "R_macro_doc_std": 0.23456592103084817,
                        "F1_macro_doc_std": 0.17383513725461164
                    }
                },
                "PERS": {
                    "partial": {
                        "correct": 1,
                        "incorrect": 0,
                        "partial": 0,
                        "missed": 3,
                        "spurious": 4,
                        "possible": 4,
                        "actual": 5,
                        "TP": 1,
                        "FP": 4,
                        "FN": 3,
                        "P_micro": 0.2,
                        "R_micro": 0.25,
                        "F1_micro": 0.22222222222222224,
                        "P_macro_doc": 0.2,
                        "R_macro_doc": 0.16666666666666666,
                        "F1_macro_doc": 0.6666666666666666,
                        "P_macro_doc_std": 0.4000000000000001,
                        "R_macro_doc_std": 0.23570226039551584,
                        "F1_macro_doc_std": 0.0
                    },
                    "strict": {
                        "correct": 1,
                        "incorrect": 0,
                        "partial": 0,
                        "missed": 3,
                        "spurious": 4,
                        "possible": 4,
                        "actual": 5,
                        "TP": 1,
                        "FP": 4,
                        "FN": 3,
                        "P_micro": 0.2,
                        "R_micro": 0.25,
                        "F1_micro": 0.22222222222222224,
                        "P_macro_doc": 0.2,
                        "R_macro_doc": 0.16666666666666666,
                        "F1_macro_doc": 0.6666666666666666,
                        "P_macro_doc_std": 0.4000000000000001,
                        "R_macro_doc_std": 0.23570226039551584,
                        "F1_macro_doc_std": 0.0
                    },
                    "ent_type": {
                        "correct": 1,
                        "incorrect": 0,
                        "partial": 0,
                        "missed": 3,
                        "spurious": 4,
                        "possible": 4,
                        "actual": 5,
                        "TP": 1,
                        "FP": 4,
                        "FN": 3,
                        "P_micro": 0.2,
                        "R_micro": 0.25,
                        "F1_micro": 0.22222222222222224,
                        "P_macro_doc": 0.2,
                        "R_macro_doc": 0.16666666666666666,
                        "F1_macro_doc": 0.6666666666666666,
                        "P_macro_doc_std": 0.4000000000000001,
                        "R_macro_doc_std": 0.23570226039551584,
                        "F1_macro_doc_std": 0.0
                    },
                    "exact": {
                        "correct": 1,
                        "incorrect": 0,
                        "partial": 0,
                        "missed": 3,
                        "spurious": 4,
                        "possible": 4,
                        "actual": 5,
                        "TP": 1,
                        "FP": 4,
                        "FN": 3,
                        "P_micro": 0.2,
                        "R_micro": 0.25,
                        "F1_micro": 0.22222222222222224,
                        "P_macro_doc": 0.2,
                        "R_macro_doc": 0.16666666666666666,
                        "F1_macro_doc": 0.6666666666666666,
                        "P_macro_doc_std": 0.4000000000000001,
                        "R_macro_doc_std": 0.23570226039551584,
                        "F1_macro_doc_std": 0.0
                    }
                },
                "ALL": {
                    "partial": {
                        "correct": 101,
                        "incorrect": 0,
                        "partial": 3,
                        "missed": 10,
                        "spurious": 22,
                        "possible": 114,
                        "actual": 126,
                        "TP": 101,