{"dev": {"global": [{"loss": 0.006223813112494222, "precision": 0.7131782945736435, "recall": 0.8214285714285714, "f1": 0.7634854771784232}, {"loss": 0.005228545996472481, "precision": 0.697841726618705, "recall": 0.8660714285714286, "f1": 0.7729083665338645}, {"loss": 0.004475498411767568, "precision": 0.7132352941176471, "recall": 0.8660714285714286, "f1": 0.7822580645161291}], "sent-level": [null, null, null], "token-level": ["                             precision    recall  f1-score   support\n\n    org.ent.pressagency.AFP     0.5185    1.0000    0.6829        14\n     org.ent.pressagency.AP     1.0000    0.8750    0.9333         8\norg.ent.pressagency.ATS-SDA     0.8148    0.9167    0.8627        24\n    org.ent.pressagency.DNB     1.0000    0.3333    0.5000         3\n  org.ent.pressagency.Extel     0.0000    0.0000    0.0000         1\n  org.ent.pressagency.Havas     0.7188    0.8846    0.7931        26\norg.ent.pressagency.Reuters     0.7826    0.9474    0.8571        19\norg.ent.pressagency.Stefani     0.0000    0.0000    0.0000         1\n org.ent.pressagency.UP-UPI     0.8000    1.0000    0.8889         4\n  org.ent.pressagency.Wolff     0.5000    1.0000    0.6667         3\n     org.ent.pressagency.ag     0.0000    0.0000    0.0000         1\n    org.ent.pressagency.unk     0.0000    0.0000    0.0000         4\n     pers.ind.articleauthor     0.0000    0.0000    0.0000         4\n\n                  micro avg     0.7132    0.8214    0.7635       112\n                  macro avg     0.4719    0.5352    0.4758       112\n               weighted avg     0.6792    0.8214    0.7294       112\n", "                             precision    recall  f1-score   support\n\n    org.ent.pressagency.AFP     0.6087    1.0000    0.7568        14\n     org.ent.pressagency.AP     1.0000    0.8750    0.9333         8\norg.ent.pressagency.ATS-SDA     0.8276    1.0000    0.9057        24\n    org.ent.pressagency.DNB     1.0000    0.3333    0.5000         3\n  org.ent.pressagency.Extel     0.0000    0.0000    0.0000         1\n  org.ent.pressagency.Havas     0.7188    0.8846    0.7931        26\norg.ent.pressagency.Reuters     0.8571    0.9474    0.9000        19\norg.ent.pressagency.Stefani     1.0000    1.0000    1.0000         1\n org.ent.pressagency.UP-UPI     1.0000    1.0000    1.0000         4\n  org.ent.pressagency.Wolff     0.7500    1.0000    0.8571         3\n     org.ent.pressagency.ag     0.0000    0.0000    0.0000         1\n    org.ent.pressagency.unk     0.1429    0.2500    0.1818         4\n     pers.ind.articleauthor     0.1111    0.2500    0.1538         4\n\n                  micro avg     0.6978    0.8661    0.7729       112\n                  macro avg     0.6166    0.6569    0.6140       112\n               weighted avg     0.7377    0.8661    0.7851       112\n", "                             precision    recall  f1-score   support\n\n    org.ent.pressagency.AFP     0.6364    1.0000    0.7778        14\n     org.ent.pressagency.AP     1.0000    0.8750    0.9333         8\norg.ent.pressagency.ATS-SDA     0.7742    1.0000    0.8727        24\n    org.ent.pressagency.DNB     0.3333    0.3333    0.3333         3\n    org.ent.pressagency.DPA     0.0000    0.0000    0.0000         0\n  org.ent.pressagency.Extel     0.0000    0.0000    0.0000         1\n  org.ent.pressagency.Havas     0.8065    0.9615    0.8772        26\norg.ent.pressagency.Reuters     0.8571    0.9474    0.9000        19\norg.ent.pressagency.Stefani     0.0000    0.0000    0.0000         1\n org.ent.pressagency.UP-UPI     0.8000    1.0000    0.8889         4\n  org.ent.pressagency.Wolff     0.5000    1.0000    0.6667         3\n     org.ent.pressagency.ag     0.0000    0.0000    0.0000         1\n    org.ent.pressagency.unk     0.2000    0.2500    0.2222         4\n     pers.ind.articleauthor     0.0000    0.0000    0.0000         4\n\n                  micro avg     0.7132    0.8661    0.7823       112\n                  macro avg     0.4220    0.5262    0.4623       112\n               weighted avg     0.7075    0.8661    0.7737       112\n"]}, "test": {"global": {"loss": 0.006206567329660094, "precision": 0.7924528301886793, "recall": 0.7924528301886793, "f1": 0.7924528301886793}, "token-level": "                             precision    recall  f1-score   support\n\n    org.ent.pressagency.AFP     0.8636    0.9500    0.9048        20\n   org.ent.pressagency.ANSA     0.0000    0.0000    0.0000         1\n     org.ent.pressagency.AP     1.0000    1.0000    1.0000         6\n    org.ent.pressagency.APA     0.0000    0.0000    0.0000         1\norg.ent.pressagency.ATS-SDA     0.8800    0.9565    0.9167        23\n    org.ent.pressagency.DNB     0.5000    0.3333    0.4000         3\n    org.ent.pressagency.DPA     0.4000    1.0000    0.5714         2\n  org.ent.pressagency.Havas     0.8286    0.8529    0.8406        34\n   org.ent.pressagency.Kipa     1.0000    1.0000    1.0000         1\norg.ent.pressagency.Reuters     0.8621    0.8929    0.8772        28\norg.ent.pressagency.Stefani     1.0000    1.0000    1.0000         2\n org.ent.pressagency.UP-UPI     0.9231    0.8571    0.8889        14\n  org.ent.pressagency.Wolff     0.5000    0.7500    0.6000         4\n org.ent.pressagency.Xinhua     0.0000    0.0000    0.0000         1\n     org.ent.pressagency.ag     0.0000    0.0000    0.0000         3\n    org.ent.pressagency.unk     0.3333    0.2857    0.3077         7\n     pers.ind.articleauthor     0.2857    0.2222    0.2500         9\n\n                  micro avg     0.7925    0.7925    0.7925       159\n                  macro avg     0.5516    0.5942    0.5622       159\n               weighted avg     0.7607    0.7925    0.7730       159\n"}}