{
    "NE-COARSE-LIT": {
        "TIME-ALL": {
            "LED-ALL": {
                "ORG": {
                    "partial": {
                        "correct": 127,
                        "incorrect": 0,
                        "partial": 11,
                        "missed": 16,
                        "spurious": 12,
                        "possible": 154,
                        "actual": 150,
                        "TP": 127,
                        "FP": 23,
                        "FN": 27,
                        "P_micro": 0.8833333333333333,
                        "R_micro": 0.8603896103896104,
                        "F1_micro": 0.8717105263157894,
                        "P_macro_doc": 0.8964135021097046,
                        "R_macro_doc": 0.9048153235653237,
                        "F1_macro_doc": 0.9083955006032929,
                        "P_macro_doc_std": 0.23845598753078595,
                        "R_macro_doc_std": 0.21348608150719067,
                        "F1_macro_doc_std": 0.18437290963531316
                    },
                    "strict": {
                        "correct": 127,
                        "incorrect": 11,
                        "partial": 0,
                        "missed": 16,
                        "spurious": 12,
                        "possible": 154,
                        "actual": 150,
                        "TP": 127,
                        "FP": 23,
                        "FN": 27,
                        "P_micro": 0.8466666666666667,
                        "R_micro": 0.8246753246753247,
                        "F1_micro": 0.8355263157894737,
                        "P_macro_doc": 0.8649789029535866,
                        "R_macro_doc": 0.8732448107448108,
                        "F1_macro_doc": 0.8762990256496751,
                        "P_macro_doc_std": 0.2934301112973163,
                        "R_macro_doc_std": 0.27579861761229135,
                        "F1_macro_doc_std": 0.25489387473717107
                    },
                    "ent_type": {
                        "correct": 136,
                        "incorrect": 2,
                        "partial": 0,
                        "missed": 16,
                        "spurious": 12,
                        "possible": 154,
                        "actual": 150,
                        "TP": 136,
                        "FP": 14,
                        "FN": 18,
                        "P_micro": 0.9066666666666666,
                        "R_micro": 0.8831168831168831,
                        "F1_micro": 0.894736842105263,
                        "P_macro_doc": 0.9227848101265823,
                        "R_macro_doc": 0.9312576312576314,
                        "F1_macro_doc": 0.9352971703621055,
                        "P_macro_doc_std": 0.2259870864835262,
                        "R_macro_doc_std": 0.1971161639888973,
                        "F1_macro_doc_std": 0.16469320222494616
                    },
                    "exact": {
                        "correct": 127,
                        "incorrect": 11,
                        "partial": 0,
                        "missed": 16,
                        "spurious": 12,
                        "possible": 154,
                        "actual": 150,
                        "TP": 127,
                        "FP": 23,
                        "FN": 27,
                        "P_micro": 0.8466666666666667,
                        "R_micro": 0.8246753246753247,
                        "F1_micro": 0.8355263157894737,
                        "P_macro_doc": 0.8649789029535866,
                        "R_macro_doc": 0.8732448107448108,
                        "F1_macro_doc": 0.8762990256496751,
                        "P_macro_doc_std": 0.2934301112973163,
                        "R_macro_doc_std": 0.27579861761229135,
                        "F1_macro_doc_std": 0.25489387473717107
                    }
                },
                "PERS": {
                    "partial": {
                        "correct": 2,
                        "incorrect": 0,
                        "partial": 0,
                        "missed": 7,
                        "spurious": 3,
                        "possible": 9,
                        "actual": 5,
                        "TP": 2,
                        "FP": 3,
                        "FN": 7,
                        "P_micro": 0.4,
                        "R_micro": 0.2222222222222222,
                        "F1_micro": 0.2857142857142857,
                        "P_macro_doc": 0.4,
                        "R_macro_doc": 0.2222222222222222,
                        "F1_macro_doc": 1.0,
                        "P_macro_doc_std": 0.48989794855663565,
                        "R_macro_doc_std": 0.41573970964154905,
                        "F1_macro_doc_std": 0.0
                    },
                    "strict": {
                        "correct": 2,
                        "incorrect": 0,
                        "partial": 0,
                        "missed": 7,
                        "spurious": 3,
                        "possible": 9,
                        "actual": 5,
                        "TP": 2,
                        "FP": 3,
                        "FN": 7,
                        "P_micro": 0.4,
                        "R_micro": 0.2222222222222222,
                        "F1_micro": 0.2857142857142857,
                        "P_macro_doc": 0.4,
                        "R_macro_doc": 0.2222222222222222,
                        "F1_macro_doc": 1.0,
                        "P_macro_doc_std": 0.48989794855663565,
                        "R_macro_doc_std": 0.41573970964154905,
                        "F1_macro_doc_std": 0.0
                    },
                    "ent_type": {
                        "correct": 2,
                        "incorrect": 0,
                        "partial": 0,
                        "missed": 7,
                        "spurious": 3,
                        "possible": 9,
                        "actual": 5,
                        "TP": 2,
                        "FP": 3,
                        "FN": 7,
                        "P_micro": 0.4,
                        "R_micro": 0.2222222222222222,
                        "F1_micro": 0.2857142857142857,
                        "P_macro_doc": 0.4,
                        "R_macro_doc": 0.2222222222222222,
                        "F1_macro_doc": 1.0,
                        "P_macro_doc_std": 0.48989794855663565,
                        "R_macro_doc_std": 0.41573970964154905,
                        "F1_macro_doc_std": 0.0
                    },
                    "exact": {
                        "correct": 2,
                        "incorrect": 0,
                        "partial": 0,
                        "missed": 7,
                        "spurious": 3,
                        "possible": 9,
                        "actual": 5,
                        "TP": 2,
                        "FP": 3,
                        "FN": 7,
                        "P_micro": 0.4,
                        "R_micro": 0.2222222222222222,
                        "F1_micro": 0.2857142857142857,
                        "P_macro_doc": 0.4,
                        "R_macro_doc": 0.2222222222222222,
                        "F1_macro_doc": 1.0,
                        "P_macro_doc_std": 0.48989794855663565,
                        "R_macro_doc_std": 0.41573970964154905,
                        "F1_macro_doc_std": 0.0
                    }
                },
                "ALL": {
                    "partial": {
                        "correct": 129,
                        "incorrect": 0,
                        "partial": 11,
                        "missed": 23,
                        "spurious": 15,
                        "possible": 163,
                        "actual": 155,
                        "TP": 129,