{
    "NE-COARSE-LIT": {
        "TIME-ALL": {
            "LED-ALL": {
                "ORG": {
                    "partial": {
                        "correct": 99,
                        "incorrect": 0,
                        "partial": 4,
                        "missed": 7,
                        "spurious": 26,
                        "possible": 110,
                        "actual": 129,
                        "TP": 99,
                        "FP": 30,
                        "FN": 11,
                        "P_micro": 0.7829457364341085,
                        "R_micro": 0.9181818181818182,
                        "F1_micro": 0.8451882845188284,
                        "P_macro_doc": 0.8607668067226891,
                        "R_macro_doc": 0.9174242424242424,
                        "F1_macro_doc": 0.9317867317867319,
                        "P_macro_doc_std": 0.2964753538888168,
                        "R_macro_doc_std": 0.23524526598824605,
                        "F1_macro_doc_std": 0.15281607377642398
                    },
                    "strict": {
                        "correct": 99,
                        "incorrect": 4,
                        "partial": 0,
                        "missed": 7,
                        "spurious": 26,
                        "possible": 110,
                        "actual": 129,
                        "TP": 99,
                        "FP": 30,
                        "FN": 11,
                        "P_micro": 0.7674418604651163,
                        "R_micro": 0.9,
                        "F1_micro": 0.8284518828451884,
                        "P_macro_doc": 0.8474614845938375,
                        "R_macro_doc": 0.901010101010101,
                        "F1_macro_doc": 0.9164428164428164,
                        "P_macro_doc_std": 0.3171048221084609,
                        "R_macro_doc_std": 0.2628495554245023,
                        "F1_macro_doc_std": 0.19791954827382766
                    },
                    "ent_type": {
                        "correct": 103,
                        "incorrect": 0,
                        "partial": 0,
                        "missed": 7,
                        "spurious": 26,
                        "possible": 110,
                        "actual": 129,
                        "TP": 103,
                        "FP": 26,
                        "FN": 7,
                        "P_micro": 0.7984496124031008,
                        "R_micro": 0.9363636363636364,
                        "F1_micro": 0.8619246861924686,
                        "P_macro_doc": 0.8740721288515406,
                        "R_macro_doc": 0.9338383838383838,
                        "F1_macro_doc": 0.9471306471306471,
                        "P_macro_doc_std": 0.28986674120574674,
                        "R_macro_doc_std": 0.22848442425989246,
                        "F1_macro_doc_std": 0.13216705142652424
                    },
                    "exact": {
                        "correct": 99,
                        "incorrect": 4,
                        "partial": 0,
                        "missed": 7,
                        "spurious": 26,
                        "possible": 110,
                        "actual": 129,
                        "TP": 99,
                        "FP": 30,
                        "FN": 11,
                        "P_micro": 0.7674418604651163,
                        "R_micro": 0.9,
                        "F1_micro": 0.8284518828451884,
                        "P_macro_doc": 0.8474614845938375,
                        "R_macro_doc": 0.901010101010101,
                        "F1_macro_doc": 0.9164428164428164,
                        "P_macro_doc_std": 0.3171048221084609,
                        "R_macro_doc_std": 0.2628495554245023,
                        "F1_macro_doc_std": 0.19791954827382766
                    }
                },
                "PERS": {
                    "partial": {
                        "correct": 0,
                        "incorrect": 0,
                        "partial": 0,
                        "missed": 4,
                        "spurious": 3,
                        "possible": 4,
                        "actual": 3,
                        "TP": 0,
                        "FP": 3,
                        "FN": 4,
                        "P_micro": 0.0,
                        "R_micro": 0.0,
                        "F1_micro": 0,
                        "P_macro_doc": 0.0,
                        "R_macro_doc": 0.0,
                        "F1_macro_doc": null,
                        "P_macro_doc_std": 0.0,
                        "R_macro_doc_std": 0.0,
                        "F1_macro_doc_std": null
                    },
                    "strict": {
                        "correct": 0,
                        "incorrect": 0,
                        "partial": 0,
                        "missed": 4,
                        "spurious": 3,
                        "possible": 4,
                        "actual": 3,
                        "TP": 0,
                        "FP": 3,
                        "FN": 4,
                        "P_micro": 0.0,
                        "R_micro": 0.0,
                        "F1_micro": 0,
                        "P_macro_doc": 0.0,
                        "R_macro_doc": 0.0,
                        "F1_macro_doc": null,
                        "P_macro_doc_std": 0.0,
                        "R_macro_doc_std": 0.0,
                        "F1_macro_doc_std": null
                    },
                    "ent_type": {
                        "correct": 0,
                        "incorrect": 0,
                        "partial": 0,
                        "missed": 4,
                        "spurious": 3,
                        "possible": 4,
                        "actual": 3,
                        "TP": 0,
                        "FP": 3,
                        "FN": 4,
                        "P_micro": 0.0,
                        "R_micro": 0.0,
                        "F1_micro": 0,
                        "P_macro_doc": 0.0,
                        "R_macro_doc": 0.0,
                        "F1_macro_doc": null,
                        "P_macro_doc_std": 0.0,
                        "R_macro_doc_std": 0.0,
                        "F1_macro_doc_std": null
                    },
                    "exact": {
                        "correct": 0,
                        "incorrect": 0,
                        "partial": 0,
                        "missed": 4,
                        "spurious": 3,
                        "possible": 4,
                        "actual": 3,
                        "TP": 0,
                        "FP": 3,
                        "FN": 4,
                        "P_micro": 0.0,
                        "R_micro": 0.0,
                        "F1_micro": 0,
                        "P_macro_doc": 0.0,
                        "R_macro_doc": 0.0,
                        "F1_macro_doc": null,
                        "P_macro_doc_std": 0.0,
                        "R_macro_doc_std": 0.0,
                        "F1_macro_doc_std": null
                    }
                },
                "ALL": {
                    "partial": {
                        "correct": 99,
                        "incorrect": 0,
                        "partial": 4,
                        "missed": 11,
                        "spurious": 29,
                        "possible": 114,
                        "actual": 132,
                        "TP": 99,
                        "FP": 33,
                        "FN": 15,
                        "P_micro": 0.7651515151515151,
                        "R_micro": 0.8859649122807017,
                        "F1_micro": 0.8211382113821138,
                        "P_macro_doc": 0.8314115646258504,
                        "R_macro_doc": 0.8775362318840579,