{"dev": {"global": [{"loss": 0.011760016714106314, "precision": 0.7183098591549296, "recall": 0.45535714285714285, "f1": 0.5573770491803278}, {"loss": 0.009942934354175316, "precision": 0.5916666666666667, "recall": 0.6339285714285714, "f1": 0.6120689655172414}, {"loss": 0.0080308822590483, "precision": 0.7009345794392523, "recall": 0.6696428571428571, "f1": 0.6849315068493149}], "sent-level": [null, null, null], "token-level": ["                             precision    recall  f1-score   support\n\n    org.ent.pressagency.AFP     0.8000    0.5714    0.6667        14\n     org.ent.pressagency.AP     1.0000    0.3750    0.5455         8\norg.ent.pressagency.ATS-SDA     1.0000    0.2500    0.4000        24\n    org.ent.pressagency.DNB     0.0000    0.0000    0.0000         3\n  org.ent.pressagency.Extel     0.0000    0.0000    0.0000         1\n  org.ent.pressagency.Havas     0.6562    0.8077    0.7241        26\norg.ent.pressagency.Reuters     0.9091    0.5263    0.6667        19\norg.ent.pressagency.Stefani     0.0000    0.0000    0.0000         1\n org.ent.pressagency.UP-UPI     0.0000    0.0000    0.0000         4\n  org.ent.pressagency.Wolff     0.3333    1.0000    0.5000         3\n     org.ent.pressagency.ag     0.0000    0.0000    0.0000         1\n    org.ent.pressagency.unk     0.0000    0.0000    0.0000         4\n     pers.ind.articleauthor     0.0000    0.0000    0.0000         4\n\n                  micro avg     0.7183    0.4554    0.5574       112\n                  macro avg     0.3614    0.2716    0.2695       112\n               weighted avg     0.7012    0.4554    0.5026       112\n", "                             precision    recall  f1-score   support\n\n    org.ent.pressagency.AFP     0.6667    0.8571    0.7500        14\n     org.ent.pressagency.AP     1.0000    0.7500    0.8571         8\norg.ent.pressagency.ATS-SDA     0.5484    0.7083    0.6182        24\n    org.ent.pressagency.DNB     0.0000    0.0000    0.0000         3\n    org.ent.pressagency.DPA     0.0000    0.0000    0.0000         0\n  org.ent.pressagency.Extel     0.0000    0.0000    0.0000         1\n  org.ent.pressagency.Havas     0.4889    0.8462    0.6197        26\norg.ent.pressagency.Reuters     0.9167    0.5789    0.7097        19\norg.ent.pressagency.Stefani     0.0000    0.0000    0.0000         1\n org.ent.pressagency.UP-UPI     0.6000    0.7500    0.6667         4\n  org.ent.pressagency.Wolff     0.0000    0.0000    0.0000         3\n     org.ent.pressagency.ag     0.0000    0.0000    0.0000         1\n    org.ent.pressagency.unk     0.0000    0.0000    0.0000         4\n     pers.ind.articleauthor     0.0000    0.0000    0.0000         4\n\n                  micro avg     0.5917    0.6339    0.6121       112\n                  macro avg     0.3015    0.3208    0.3015       112\n               weighted avg     0.5627    0.6339    0.5755       112\n", "                             precision    recall  f1-score   support\n\n    org.ent.pressagency.AFP     0.6842    0.9286    0.7879        14\n     org.ent.pressagency.AP     1.0000    0.7500    0.8571         8\norg.ent.pressagency.ATS-SDA     0.7895    0.6250    0.6977        24\n    org.ent.pressagency.DNB     0.0000    0.0000    0.0000         3\n    org.ent.pressagency.DPA     0.0000    0.0000    0.0000         0\n  org.ent.pressagency.Extel     0.0000    0.0000    0.0000         1\n  org.ent.pressagency.Havas     0.7097    0.8462    0.7719        26\norg.ent.pressagency.Reuters     0.8000    0.8421    0.8205        19\norg.ent.pressagency.Stefani     0.0000    0.0000    0.0000         1\n org.ent.pressagency.UP-UPI     0.6000    0.7500    0.6667         4\n  org.ent.pressagency.Wolff     0.0000    0.0000    0.0000         3\n     org.ent.pressagency.ag     0.0000    0.0000    0.0000         1\n    org.ent.pressagency.unk     0.0000    0.0000    0.0000         4\n     pers.ind.articleauthor     0.0000    0.0000    0.0000         4\n\n                  micro avg     0.7009    0.6696    0.6849       112\n                  macro avg     0.3274    0.3387    0.3287       112\n               weighted avg     0.6480    0.6696    0.6514       112\n"]}, "test": {"global": {"loss": 0.01262979847128591, "precision": 0.7251908396946565, "recall": 0.6129032258064516, "f1": 0.6643356643356644}, "token-level": "                             precision    recall  f1-score   support\n\n    org.ent.pressagency.AFP     0.9091    1.0000    0.9524        20\n   org.ent.pressagency.ANSA     0.0000    0.0000    0.0000         1\n     org.ent.pressagency.AP     0.7143    0.8333    0.7692         6\n    org.ent.pressagency.APA     0.0000    0.0000    0.0000         1\norg.ent.pressagency.ATS-SDA     0.6400    0.6957    0.6667        23\n    org.ent.pressagency.DNB     0.0000    0.0000    0.0000         3\n    org.ent.pressagency.DPA     0.3333    0.5000    0.4000         2\n  org.ent.pressagency.Havas     0.6857    0.7273    0.7059        33\n   org.ent.pressagency.Kipa     0.0000    0.0000    0.0000         1\norg.ent.pressagency.Reuters     0.8636    0.7037    0.7755        27\norg.ent.pressagency.Stefani     1.0000    1.0000    1.0000         2\n org.ent.pressagency.UP-UPI     0.7500    0.4615    0.5714        13\n  org.ent.pressagency.Wolff     0.6667    0.6667    0.6667         3\n org.ent.pressagency.Xinhua     0.0000    0.0000    0.0000         1\n     org.ent.pressagency.ag     0.0000    0.0000    0.0000         3\n    org.ent.pressagency.unk     0.0000    0.0000    0.0000         7\n     pers.ind.articleauthor     0.0000    0.0000    0.0000         9\n\n                  micro avg     0.7252    0.6129    0.6643       155\n                  macro avg     0.3860    0.3875    0.3828       155\n               weighted avg     0.6294    0.6129    0.6159       155\n"}}