{"dev": {"global": [{"loss": 0.011383065688482675, "precision": 0.4900662251655629, "recall": 0.6851851851851852, "f1": 0.5714285714285714}, {"loss": 0.010627788699606795, "precision": 0.45930232558139533, "recall": 0.7314814814814815, "f1": 0.5642857142857142}, {"loss": 0.008025129646320534, "precision": 0.6697247706422018, "recall": 0.6759259259259259, "f1": 0.6728110599078341}], "sent-level": [null, null, null], "token-level": ["                             precision    recall  f1-score   support\n\n    org.ent.pressagency.AFP     0.7857    0.7857    0.7857        14\n     org.ent.pressagency.AP     1.0000    0.6250    0.7692         8\norg.ent.pressagency.ATS-SDA     0.2727    0.7500    0.4000        24\n    org.ent.pressagency.DNB     0.0000    0.0000    0.0000         3\n  org.ent.pressagency.Extel     0.0000    0.0000    0.0000         1\n  org.ent.pressagency.Havas     0.7000    0.8400    0.7636        25\norg.ent.pressagency.Reuters     0.5714    1.0000    0.7273        16\norg.ent.pressagency.Stefani     0.0000    0.0000    0.0000         1\n org.ent.pressagency.UP-UPI     0.0000    0.0000    0.0000         4\n  org.ent.pressagency.Wolff     0.4286    1.0000    0.6000         3\n     org.ent.pressagency.ag     0.0000    0.0000    0.0000         1\n    org.ent.pressagency.unk     0.0000    0.0000    0.0000         4\n     pers.ind.articleauthor     0.0000    0.0000    0.0000         4\n\n                  micro avg     0.4901    0.6852    0.5714       108\n                  macro avg     0.2891    0.3847    0.3112       108\n               weighted avg     0.4951    0.6852    0.5489       108\n", "                             precision    recall  f1-score   support\n\n    org.ent.pressagency.AFP     0.3636    0.8571    0.5106        14\n     org.ent.pressagency.AP     0.8571    0.7500    0.8000         8\norg.ent.pressagency.ATS-SDA     0.3143    0.9167    0.4681        24\n    org.ent.pressagency.DNB     0.0000    0.0000    0.0000         3\n    org.ent.pressagency.DPA     0.0000    0.0000    0.0000         0\n  org.ent.pressagency.Extel     0.0000    0.0000    0.0000         1\n  org.ent.pressagency.Havas     0.5676    0.8400    0.6774        25\norg.ent.pressagency.Reuters     0.8667    0.8125    0.8387        16\norg.ent.pressagency.Stefani     0.0000    0.0000    0.0000         1\n org.ent.pressagency.UP-UPI     0.7500    0.7500    0.7500         4\n  org.ent.pressagency.Wolff     0.5000    0.6667    0.5714         3\n     org.ent.pressagency.ag     0.0000    0.0000    0.0000         1\n    org.ent.pressagency.unk     0.0000    0.0000    0.0000         4\n     pers.ind.articleauthor     0.0000    0.0000    0.0000         4\n\n                  micro avg     0.4593    0.7315    0.5643       108\n                  macro avg     0.3014    0.3995    0.3297       108\n               weighted avg     0.4819    0.7315    0.5542       108\n", "                             precision    recall  f1-score   support\n\n    org.ent.pressagency.AFP     0.5417    0.9286    0.6842        14\n     org.ent.pressagency.AP     0.8571    0.7500    0.8000         8\norg.ent.pressagency.ATS-SDA     0.5600    0.5833    0.5714        24\n    org.ent.pressagency.DNB     0.0000    0.0000    0.0000         3\n    org.ent.pressagency.DPA     0.0000    0.0000    0.0000         0\n  org.ent.pressagency.Extel     0.0000    0.0000    0.0000         1\n  org.ent.pressagency.Havas     0.7778    0.8400    0.8077        25\norg.ent.pressagency.Reuters     0.8750    0.8750    0.8750        16\norg.ent.pressagency.Stefani     0.0000    0.0000    0.0000         1\n org.ent.pressagency.UP-UPI     0.7500    0.7500    0.7500         4\n  org.ent.pressagency.Wolff     0.5000    0.6667    0.5714         3\n     org.ent.pressagency.ag     0.0000    0.0000    0.0000         1\n    org.ent.pressagency.unk     0.0000    0.0000    0.0000         4\n     pers.ind.articleauthor     0.0000    0.0000    0.0000         4\n\n                  micro avg     0.6697    0.6759    0.6728       108\n                  macro avg     0.3473    0.3853    0.3614       108\n               weighted avg     0.6095    0.6759    0.6352       108\n"]}, "test": {"global": {"loss": 0.012699419212337353, "precision": 0.6785714285714286, "recall": 0.6375838926174496, "f1": 0.657439446366782}, "token-level": "                             precision    recall  f1-score   support\n\n    org.ent.pressagency.AFP     0.5625    1.0000    0.7200        18\n   org.ent.pressagency.ANSA     0.0000    0.0000    0.0000         1\n     org.ent.pressagency.AP     0.6000    1.0000    0.7500         6\n    org.ent.pressagency.APA     0.0000    0.0000    0.0000         1\norg.ent.pressagency.ATS-SDA     0.8261    0.8261    0.8261        23\n    org.ent.pressagency.DNB     0.0000    0.0000    0.0000         3\n    org.ent.pressagency.DPA     0.2500    0.5000    0.3333         2\n  org.ent.pressagency.Extel     0.0000    0.0000    0.0000         0\n  org.ent.pressagency.Havas     0.7188    0.7419    0.7302        31\n   org.ent.pressagency.Kipa     0.0000    0.0000    0.0000         1\norg.ent.pressagency.Reuters     0.9524    0.7407    0.8333        27\norg.ent.pressagency.Stefani     1.0000    0.5000    0.6667         2\n org.ent.pressagency.UP-UPI     0.7500    0.4615    0.5714        13\n  org.ent.pressagency.Wolff     0.5000    0.3333    0.4000         3\n org.ent.pressagency.Xinhua     0.0000    0.0000    0.0000         1\n     org.ent.pressagency.ag     0.0000    0.0000    0.0000         3\n    org.ent.pressagency.unk     0.0000    0.0000    0.0000         6\n     pers.ind.articleauthor     0.0000    0.0000    0.0000         8\n\n                  micro avg     0.6786    0.6376    0.6574       149\n                  macro avg     0.3422    0.3391    0.3239       149\n               weighted avg     0.6340    0.6376    0.6189       149\n"}}