{
    "NE-COARSE-LIT": {
        "TIME-ALL": {
            "LED-ALL": {
                "ORG": {
                    "partial": {
                        "correct": 73,
                        "incorrect": 0,
                        "partial": 5,
                        "missed": 32,
                        "spurious": 30,
                        "possible": 110,
                        "actual": 108,
                        "TP": 73,
                        "FP": 35,
                        "FN": 37,
                        "P_micro": 0.6990740740740741,
                        "R_micro": 0.6863636363636364,
                        "F1_micro": 0.6926605504587157,
                        "P_macro_doc": 0.7451388888888888,
                        "R_macro_doc": 0.696969696969697,
                        "F1_macro_doc": 0.8115554198887532,
                        "P_macro_doc_std": 0.35908284555118447,
                        "R_macro_doc_std": 0.4062009783001046,
                        "F1_macro_doc_std": 0.24891257458184754
                    },
                    "strict": {
                        "correct": 73,
                        "incorrect": 5,
                        "partial": 0,
                        "missed": 32,
                        "spurious": 30,
                        "possible": 110,
                        "actual": 108,
                        "TP": 73,
                        "FP": 35,
                        "FN": 37,
                        "P_micro": 0.6759259259259259,
                        "R_micro": 0.6636363636363637,
                        "F1_micro": 0.6697247706422019,
                        "P_macro_doc": 0.7118055555555555,
                        "R_macro_doc": 0.6679292929292928,
                        "F1_macro_doc": 0.7754443087776421,
                        "P_macro_doc_std": 0.39317761650084293,
                        "R_macro_doc_std": 0.4317795629254656,
                        "F1_macro_doc_std": 0.30965491065137263
                    },
                    "ent_type": {
                        "correct": 78,
                        "incorrect": 0,
                        "partial": 0,
                        "missed": 32,
                        "spurious": 30,
                        "possible": 110,
                        "actual": 108,
                        "TP": 78,
                        "FP": 30,
                        "FN": 32,
                        "P_micro": 0.7222222222222222,
                        "R_micro": 0.7090909090909091,
                        "F1_micro": 0.7155963302752293,
                        "P_macro_doc": 0.7784722222222221,
                        "R_macro_doc": 0.726010101010101,
                        "F1_macro_doc": 0.8476665309998643,
                        "P_macro_doc_std": 0.36088334162916424,
                        "R_macro_doc_std": 0.409073528125594,
                        "F1_macro_doc_std": 0.23873589018439204
                    },
                    "exact": {
                        "correct": 73,
                        "incorrect": 5,
                        "partial": 0,
                        "missed": 32,
                        "spurious": 30,
                        "possible": 110,
                        "actual": 108,
                        "TP": 73,
                        "FP": 35,
                        "FN": 37,
                        "P_micro": 0.6759259259259259,
                        "R_micro": 0.6636363636363637,
                        "F1_micro": 0.6697247706422019,
                        "P_macro_doc": 0.7118055555555555,
                        "R_macro_doc": 0.6679292929292928,
                        "F1_macro_doc": 0.7754443087776421,
                        "P_macro_doc_std": 0.39317761650084293,
                        "R_macro_doc_std": 0.4317795629254656,
                        "F1_macro_doc_std": 0.30965491065137263
                    }
                },
                "PERS": {
                    "partial": {
                        "correct": 0,
                        "incorrect": 0,
                        "partial": 0,
                        "missed": 4,
                        "spurious": 1,
                        "possible": 4,
                        "actual": 1,
                        "TP": 0,
                        "FP": 1,
                        "FN": 4,
                        "P_micro": 0.0,
                        "R_micro": 0.0,
                        "F1_micro": 0,
                        "P_macro_doc": 0.0,
                        "R_macro_doc": 0.0,
                        "F1_macro_doc": null,
                        "P_macro_doc_std": 0.0,
                        "R_macro_doc_std": 0.0,
                        "F1_macro_doc_std": null
                    },
                    "strict": {
                        "correct": 0,
                        "incorrect": 0,
                        "partial": 0,
                        "missed": 4,
                        "spurious": 1,
                        "possible": 4,
                        "actual": 1,
                        "TP": 0,
                        "FP": 1,
                        "FN": 4,
                        "P_micro": 0.0,
                        "R_micro": 0.0,
                        "F1_micro": 0,
                        "P_macro_doc": 0.0,
                        "R_macro_doc": 0.0,
                        "F1_macro_doc": null,
                        "P_macro_doc_std": 0.0,
                        "R_macro_doc_std": 0.0,
                        "F1_macro_doc_std": null
                    },
                    "ent_type": {
                        "correct": 0,
                        "incorrect": 0,
                        "partial": 0,
                        "missed": 4,
                        "spurious": 1,
                        "possible": 4,
                        "actual": 1,
                        "TP": 0,
                        "FP": 1,
                        "FN": 4,
                        "P_micro": 0.0,
                        "R_micro": 0.0,
                        "F1_micro": 0,
                        "P_macro_doc": 0.0,
                        "R_macro_doc": 0.0,
                        "F1_macro_doc": null,
                        "P_macro_doc_std": 0.0,
                        "R_macro_doc_std": 0.0,
                        "F1_macro_doc_std": null
                    },
                    "exact": {
                        "correct": 0,
                        "incorrect": 0,
                        "partial": 0,
                        "missed": 4,
                        "spurious": 1,
                        "possible": 4,
                        "actual": 1,
                        "TP": 0,
                        "FP": 1,
                        "FN": 4,
                        "P_micro": 0.0,
                        "R_micro": 0.0,
                        "F1_micro": 0,
                        "P_macro_doc": 0.0,
                        "R_macro_doc": 0.0,
                        "F1_macro_doc": null,
                        "P_macro_doc_std": 0.0,
                        "R_macro_doc_std": 0.0,
                        "F1_macro_doc_std": null
                    }
                },
                "ALL": {
                    "partial": {
                        "correct": 73,
                        "incorrect": 0,
                        "partial": 5,
                        "missed": 36,
                        "spurious": 31,
                        "possible": 114,
                        "actual": 109,
                        "TP": 73,
                        "FP": 36,
                        "FN": 41,
                        "P_micro": 0.6926605504587156,
                        "R_micro": 0.6622807017543859,
                        "F1_micro": 0.6771300448430493,
                        "P_macro_doc": 0.742361111111111,