{
    "NE-COARSE-LIT": {
        "TIME-ALL": {
            "LED-ALL": {
                "ORG": {
                    "partial": {
                        "correct": 132,
                        "incorrect": 0,
                        "partial": 3,
                        "missed": 19,
                        "spurious": 14,
                        "possible": 154,
                        "actual": 149,
                        "TP": 132,
                        "FP": 17,
                        "FN": 22,
                        "P_micro": 0.8959731543624161,
                        "R_micro": 0.8668831168831169,
                        "F1_micro": 0.8811881188118812,
                        "P_macro_doc": 0.9069264069264069,
                        "R_macro_doc": 0.8917124542124543,
                        "F1_macro_doc": 0.9297607797607799,
                        "P_macro_doc_std": 0.2638562763233035,
                        "R_macro_doc_std": 0.2646708769171712,
                        "F1_macro_doc_std": 0.18194701755931944
                    },
                    "strict": {
                        "correct": 132,
                        "incorrect": 3,
                        "partial": 0,
                        "missed": 19,
                        "spurious": 14,
                        "possible": 154,
                        "actual": 149,
                        "TP": 132,
                        "FP": 17,
                        "FN": 22,
                        "P_micro": 0.8859060402684564,
                        "R_micro": 0.8571428571428571,
                        "F1_micro": 0.8712871287128713,
                        "P_macro_doc": 0.8982683982683983,
                        "R_macro_doc": 0.8804945054945055,
                        "F1_macro_doc": 0.9199473949473951,
                        "P_macro_doc_std": 0.2777276430085512,
                        "R_macro_doc_std": 0.284458743586422,
                        "F1_macro_doc_std": 0.20748510048793004
                    },
                    "ent_type": {
                        "correct": 135,
                        "incorrect": 0,
                        "partial": 0,
                        "missed": 19,
                        "spurious": 14,
                        "possible": 154,
                        "actual": 149,
                        "TP": 135,
                        "FP": 14,
                        "FN": 19,
                        "P_micro": 0.9060402684563759,
                        "R_micro": 0.8766233766233766,
                        "F1_micro": 0.8910891089108911,
                        "P_macro_doc": 0.9155844155844156,
                        "R_macro_doc": 0.9029304029304029,
                        "F1_macro_doc": 0.9395741645741645,
                        "P_macro_doc_std": 0.25676050545152657,
                        "R_macro_doc_std": 0.2595117457168894,
                        "F1_macro_doc_std": 0.1679598958154018
                    },
                    "exact": {
                        "correct": 132,
                        "incorrect": 3,
                        "partial": 0,
                        "missed": 19,
                        "spurious": 14,
                        "possible": 154,
                        "actual": 149,
                        "TP": 132,
                        "FP": 17,
                        "FN": 22,
                        "P_micro": 0.8859060402684564,
                        "R_micro": 0.8571428571428571,
                        "F1_micro": 0.8712871287128713,
                        "P_macro_doc": 0.8982683982683983,
                        "R_macro_doc": 0.8804945054945055,
                        "F1_macro_doc": 0.9199473949473951,
                        "P_macro_doc_std": 0.2777276430085512,
                        "R_macro_doc_std": 0.284458743586422,
                        "F1_macro_doc_std": 0.20748510048793004
                    }
                },
                "PERS": {
                    "partial": {
                        "correct": 0,
                        "incorrect": 0,
                        "partial": 0,
                        "missed": 9,
                        "spurious": 3,
                        "possible": 9,
                        "actual": 3,
                        "TP": 0,
                        "FP": 3,
                        "FN": 9,
                        "P_micro": 0.0,
                        "R_micro": 0.0,
                        "F1_micro": 0,
                        "P_macro_doc": 0.0,
                        "R_macro_doc": 0.0,
                        "F1_macro_doc": 0.0,
                        "P_macro_doc_std": 0.0,
                        "R_macro_doc_std": 0.0,
                        "F1_macro_doc_std": 0.0
                    },
                    "strict": {
                        "correct": 0,
                        "incorrect": 0,
                        "partial": 0,
                        "missed": 9,
                        "spurious": 3,
                        "possible": 9,
                        "actual": 3,
                        "TP": 0,
                        "FP": 3,
                        "FN": 9,
                        "P_micro": 0.0,
                        "R_micro": 0.0,
                        "F1_micro": 0,
                        "P_macro_doc": 0.0,
                        "R_macro_doc": 0.0,
                        "F1_macro_doc": 0.0,
                        "P_macro_doc_std": 0.0,
                        "R_macro_doc_std": 0.0,
                        "F1_macro_doc_std": 0.0
                    },
                    "ent_type": {
                        "correct": 0,
                        "incorrect": 0,
                        "partial": 0,
                        "missed": 9,
                        "spurious": 3,
                        "possible": 9,
                        "actual": 3,
                        "TP": 0,
                        "FP": 3,
                        "FN": 9,
                        "P_micro": 0.0,
                        "R_micro": 0.0,
                        "F1_micro": 0,
                        "P_macro_doc": 0.0,
                        "R_macro_doc": 0.0,
                        "F1_macro_doc": 0.0,
                        "P_macro_doc_std": 0.0,
                        "R_macro_doc_std": 0.0,
                        "F1_macro_doc_std": 0.0
                    },
                    "exact": {
                        "correct": 0,
                        "incorrect": 0,
                        "partial": 0,
                        "missed": 9,
                        "spurious": 3,
                        "possible": 9,
                        "actual": 3,
                        "TP": 0,
                        "FP": 3,
                        "FN": 9,
                        "P_micro": 0.0,
                        "R_micro": 0.0,
                        "F1_micro": 0,
                        "P_macro_doc": 0.0,
                        "R_macro_doc": 0.0,
                        "F1_macro_doc": 0.0,
                        "P_macro_doc_std": 0.0,
                        "R_macro_doc_std": 0.0,
                        "F1_macro_doc_std": 0.0
                    }
                },
                "ALL": {
                    "partial": {
                        "correct": 132,
                        "incorrect": 0,
                        "partial": 3,
                        "missed": 28,
                        "spurious": 17,
                        "possible": 163,
                        "actual": 152,
                        "TP": 132,
                        "FP": 20,
                        "FN": 31,
                        "P_micro": 0.8782894736842105,
                        "R_micro": 0.8190184049079755,
                        "F1_micro": 0.8476190476190477,
                        "P_macro_doc": 0.8729166666666666,