{
    "NE-COARSE-LIT": {
        "TIME-ALL": {
            "LED-ALL": {
                "ORG": {
                    "partial": {
                        "correct": 132,
                        "incorrect": 0,
                        "partial": 7,
                        "missed": 15,
                        "spurious": 12,
                        "possible": 154,
                        "actual": 151,
                        "TP": 132,
                        "FP": 19,
                        "FN": 22,
                        "P_micro": 0.8973509933774835,
                        "R_micro": 0.8798701298701299,
                        "F1_micro": 0.8885245901639345,
                        "P_macro_doc": 0.9221491228070174,
                        "R_macro_doc": 0.8986568986568988,
                        "F1_macro_doc": 0.9241682021682022,
                        "P_macro_doc_std": 0.2295493321511596,
                        "R_macro_doc_std": 0.25093314995125776,
                        "F1_macro_doc_std": 0.1947222124893428
                    },
                    "strict": {
                        "correct": 131,
                        "incorrect": 8,
                        "partial": 0,
                        "missed": 15,
                        "spurious": 12,
                        "possible": 154,
                        "actual": 151,
                        "TP": 131,
                        "FP": 20,
                        "FN": 23,
                        "P_micro": 0.8675496688741722,
                        "R_micro": 0.8506493506493507,
                        "F1_micro": 0.859016393442623,
                        "P_macro_doc": 0.8973997493734336,
                        "R_macro_doc": 0.871413308913309,
                        "F1_macro_doc": 0.8981893661893662,
                        "P_macro_doc_std": 0.28118119097852096,
                        "R_macro_doc_std": 0.3032354369884427,
                        "F1_macro_doc_std": 0.2588392002893179
                    },
                    "ent_type": {
                        "correct": 138,
                        "incorrect": 1,
                        "partial": 0,
                        "missed": 15,
                        "spurious": 12,
                        "possible": 154,
                        "actual": 151,
                        "TP": 138,
                        "FP": 13,
                        "FN": 16,
                        "P_micro": 0.9139072847682119,
                        "R_micro": 0.8961038961038961,
                        "F1_micro": 0.9049180327868853,
                        "P_macro_doc": 0.9403195488721806,
                        "R_macro_doc": 0.9207722832722833,
                        "F1_macro_doc": 0.9442211122211124,
                        "P_macro_doc_std": 0.2067428856506154,
                        "R_macro_doc_std": 0.23817738566358357,
                        "F1_macro_doc_std": 0.16733471731566468
                    },
                    "exact": {
                        "correct": 132,
                        "incorrect": 7,
                        "partial": 0,
                        "missed": 15,
                        "spurious": 12,
                        "possible": 154,
                        "actual": 151,
                        "TP": 132,
                        "FP": 19,
                        "FN": 22,
                        "P_micro": 0.8741721854304636,
                        "R_micro": 0.8571428571428571,
                        "F1_micro": 0.8655737704918033,
                        "P_macro_doc": 0.9006892230576441,
                        "R_macro_doc": 0.8739774114774114,
                        "F1_macro_doc": 0.9011523291523292,
                        "P_macro_doc_std": 0.28089975925726024,
                        "R_macro_doc_std": 0.3017716239373755,
                        "F1_macro_doc_std": 0.25744009459162254
                    }
                },
                "PERS": {
                    "partial": {
                        "correct": 5,
                        "incorrect": 0,
                        "partial": 0,
                        "missed": 4,
                        "spurious": 7,
                        "possible": 9,
                        "actual": 12,
                        "TP": 5,
                        "FP": 7,
                        "FN": 4,
                        "P_micro": 0.4166666666666667,
                        "R_micro": 0.5555555555555556,
                        "F1_micro": 0.4761904761904762,
                        "P_macro_doc": 0.5,
                        "R_macro_doc": 0.5555555555555556,
                        "F1_macro_doc": 1.0,
                        "P_macro_doc_std": 0.5,
                        "R_macro_doc_std": 0.4969039949999533,
                        "F1_macro_doc_std": 0.0
                    },
                    "strict": {
                        "correct": 5,
                        "incorrect": 0,
                        "partial": 0,
                        "missed": 4,
                        "spurious": 7,
                        "possible": 9,
                        "actual": 12,
                        "TP": 5,
                        "FP": 7,
                        "FN": 4,
                        "P_micro": 0.4166666666666667,
                        "R_micro": 0.5555555555555556,
                        "F1_micro": 0.4761904761904762,
                        "P_macro_doc": 0.5,
                        "R_macro_doc": 0.5555555555555556,
                        "F1_macro_doc": 1.0,
                        "P_macro_doc_std": 0.5,
                        "R_macro_doc_std": 0.4969039949999533,
                        "F1_macro_doc_std": 0.0
                    },
                    "ent_type": {
                        "correct": 5,
                        "incorrect": 0,
                        "partial": 0,
                        "missed": 4,
                        "spurious": 7,
                        "possible": 9,
                        "actual": 12,
                        "TP": 5,
                        "FP": 7,
                        "FN": 4,
                        "P_micro": 0.4166666666666667,
                        "R_micro": 0.5555555555555556,
                        "F1_micro": 0.4761904761904762,
                        "P_macro_doc": 0.5,
                        "R_macro_doc": 0.5555555555555556,
                        "F1_macro_doc": 1.0,
                        "P_macro_doc_std": 0.5,
                        "R_macro_doc_std": 0.4969039949999533,
                        "F1_macro_doc_std": 0.0
                    },
                    "exact": {
                        "correct": 5,
                        "incorrect": 0,
                        "partial": 0,
                        "missed": 4,
                        "spurious": 7,
                        "possible": 9,
                        "actual": 12,
                        "TP": 5,
                        "FP": 7,
                        "FN": 4,
                        "P_micro": 0.4166666666666667,
                        "R_micro": 0.5555555555555556,
                        "F1_micro": 0.4761904761904762,
                        "P_macro_doc": 0.5,
                        "R_macro_doc": 0.5555555555555556,
                        "F1_macro_doc": 1.0,
                        "P_macro_doc_std": 0.5,
                        "R_macro_doc_std": 0.4969039949999533,
                        "F1_macro_doc_std": 0.0
                    }
                },
                "ALL": {
                    "partial": {
                        "correct": 137,
                        "incorrect": 0,
                        "partial": 7,
                        "missed": 19,
                        "spurious": 19,
                        "possible": 163,
                        "actual": 163,
                        "TP": 137,