{
    "NE-COARSE-LIT": {
        "TIME-ALL": {
            "LED-ALL": {
                "ORG": {
                    "partial": {
                        "correct": 102,
                        "incorrect": 0,
                        "partial": 3,
                        "missed": 5,
                        "spurious": 27,
                        "possible": 110,
                        "actual": 132,
                        "TP": 102,
                        "FP": 30,
                        "FN": 8,
                        "P_micro": 0.7840909090909091,
                        "R_micro": 0.9409090909090909,
                        "F1_micro": 0.8553719008264462,
                        "P_macro_doc": 0.8801062091503267,
                        "R_macro_doc": 0.9502525252525252,
                        "F1_macro_doc": 0.9274925074925074,
                        "P_macro_doc_std": 0.2621514052442612,
                        "R_macro_doc_std": 0.17017747777374814,
                        "F1_macro_doc_std": 0.15457732644405975
                    },
                    "strict": {
                        "correct": 102,
                        "incorrect": 3,
                        "partial": 0,
                        "missed": 5,
                        "spurious": 27,
                        "possible": 110,
                        "actual": 132,
                        "TP": 102,
                        "FP": 30,
                        "FN": 8,
                        "P_micro": 0.7727272727272727,
                        "R_micro": 0.9272727272727272,
                        "F1_micro": 0.8429752066115703,
                        "P_macro_doc": 0.8678513071895424,
                        "R_macro_doc": 0.9363636363636363,
                        "F1_macro_doc": 0.9141591741591742,
                        "P_macro_doc_std": 0.2841636543073387,
                        "R_macro_doc_std": 0.2070091063830222,
                        "F1_macro_doc_std": 0.19411407686388538
                    },
                    "ent_type": {
                        "correct": 105,
                        "incorrect": 0,
                        "partial": 0,
                        "missed": 5,
                        "spurious": 27,
                        "possible": 110,
                        "actual": 132,
                        "TP": 105,
                        "FP": 27,
                        "FN": 5,
                        "P_micro": 0.7954545454545454,
                        "R_micro": 0.9545454545454546,
                        "F1_micro": 0.8677685950413222,
                        "P_macro_doc": 0.8923611111111112,
                        "R_macro_doc": 0.9641414141414142,
                        "F1_macro_doc": 0.9408258408258409,
                        "P_macro_doc_std": 0.2557035372735764,
                        "R_macro_doc_std": 0.15809371619290788,
                        "F1_macro_doc_std": 0.13975066041593737
                    },
                    "exact": {
                        "correct": 102,
                        "incorrect": 3,
                        "partial": 0,
                        "missed": 5,
                        "spurious": 27,
                        "possible": 110,
                        "actual": 132,
                        "TP": 102,
                        "FP": 30,
                        "FN": 8,
                        "P_micro": 0.7727272727272727,
                        "R_micro": 0.9272727272727272,
                        "F1_micro": 0.8429752066115703,
                        "P_macro_doc": 0.8678513071895424,
                        "R_macro_doc": 0.9363636363636363,
                        "F1_macro_doc": 0.9141591741591742,
                        "P_macro_doc_std": 0.2841636543073387,
                        "R_macro_doc_std": 0.2070091063830222,
                        "F1_macro_doc_std": 0.19411407686388538
                    }
                },
                "PERS": {
                    "partial": {
                        "correct": 1,
                        "incorrect": 0,
                        "partial": 1,
                        "missed": 2,
                        "spurious": 8,
                        "possible": 4,
                        "actual": 10,
                        "TP": 1,
                        "FP": 9,
                        "FN": 3,
                        "P_micro": 0.15,
                        "R_micro": 0.375,
                        "F1_micro": 0.21428571428571425,
                        "P_macro_doc": 0.0625,
                        "R_macro_doc": 0.25,
                        "F1_macro_doc": 0.6,
                        "P_macro_doc_std": 0.16535945694153692,
                        "R_macro_doc_std": 0.3535533905932738,
                        "F1_macro_doc_std": 0.0
                    },
                    "strict": {
                        "correct": 1,
                        "incorrect": 1,
                        "partial": 0,
                        "missed": 2,
                        "spurious": 8,
                        "possible": 4,
                        "actual": 10,
                        "TP": 1,
                        "FP": 9,
                        "FN": 3,
                        "P_micro": 0.1,
                        "R_micro": 0.25,
                        "F1_micro": 0.14285714285714288,
                        "P_macro_doc": 0.041666666666666664,
                        "R_macro_doc": 0.16666666666666666,
                        "F1_macro_doc": 0.4,
                        "P_macro_doc_std": 0.1102396379610246,
                        "R_macro_doc_std": 0.23570226039551584,
                        "F1_macro_doc_std": 0.0
                    },
                    "ent_type": {
                        "correct": 2,
                        "incorrect": 0,
                        "partial": 0,
                        "missed": 2,
                        "spurious": 8,
                        "possible": 4,
                        "actual": 10,
                        "TP": 2,
                        "FP": 8,
                        "FN": 2,
                        "P_micro": 0.2,
                        "R_micro": 0.5,
                        "F1_micro": 0.28571428571428575,
                        "P_macro_doc": 0.08333333333333333,
                        "R_macro_doc": 0.3333333333333333,
                        "F1_macro_doc": 0.8,
                        "P_macro_doc_std": 0.2204792759220492,
                        "R_macro_doc_std": 0.4714045207910317,
                        "F1_macro_doc_std": 0.0
                    },
                    "exact": {
                        "correct": 1,
                        "incorrect": 1,
                        "partial": 0,
                        "missed": 2,
                        "spurious": 8,
                        "possible": 4,
                        "actual": 10,
                        "TP": 1,
                        "FP": 9,
                        "FN": 3,
                        "P_micro": 0.1,
                        "R_micro": 0.25,
                        "F1_micro": 0.14285714285714288,
                        "P_macro_doc": 0.041666666666666664,
                        "R_macro_doc": 0.16666666666666666,
                        "F1_macro_doc": 0.4,
                        "P_macro_doc_std": 0.1102396379610246,
                        "R_macro_doc_std": 0.23570226039551584,
                        "F1_macro_doc_std": 0.0
                    }
                },
                "ALL": {
                    "partial": {
                        "correct": 103,
                        "incorrect": 0,
                        "partial": 4,
                        "missed": 7,
                        "spurious": 35,
                        "possible": 114,
                        "actual": 142,
                        "TP": 103,