{"dev": {"global": [{"loss": 0.006499660323606804, "precision": 0.6470588235294118, "recall": 0.4230769230769231, "f1": 0.5116279069767442}, {"loss": 0.0047382855338842745, "precision": 0.84, "recall": 0.8076923076923077, "f1": 0.8235294117647058}, {"loss": 0.006969051138314951, "precision": 0.7, "recall": 0.8076923076923077, "f1": 0.75}], "sent-level": [null, null, null], "token-level": ["                                 precision    recall  f1-score   support\n\n        org.ent.pressagency.AFP     1.0000    1.0000    1.0000         7\n         org.ent.pressagency.AP     0.0000    0.0000    0.0000         2\n    org.ent.pressagency.ATS-SDA     0.0000    0.0000    0.0000         1\n        org.ent.pressagency.DNB     0.0000    0.0000    0.0000         1\n        org.ent.pressagency.DPA     0.0000    0.0000    0.0000         0\norg.ent.pressagency.Europapress     0.0000    0.0000    0.0000         1\n      org.ent.pressagency.Extel     0.0000    0.0000    0.0000         1\n      org.ent.pressagency.Havas     0.0000    0.0000    0.0000         1\n    org.ent.pressagency.Reuters     0.6667    0.6667    0.6667         3\n     org.ent.pressagency.UP-UPI     0.3333    0.3333    0.3333         3\n      org.ent.pressagency.Wolff     0.0000    0.0000    0.0000         1\n         org.ent.pressagency.ag     0.5000    1.0000    0.6667         1\n        org.ent.pressagency.unk     0.0000    0.0000    0.0000         1\n         pers.ind.articleauthor     0.0000    0.0000    0.0000         3\n\n                      micro avg     0.6471    0.4231    0.5116        26\n                      macro avg     0.1786    0.2143    0.1905        26\n                   weighted avg     0.4038    0.4231    0.4103        26\n", "                                 precision    recall  f1-score   support\n\n        org.ent.pressagency.AFP     1.0000    1.0000    1.0000         7\n         org.ent.pressagency.AP     1.0000    1.0000    1.0000         2\n    org.ent.pressagency.ATS-SDA     0.0000    0.0000    0.0000         1\n        org.ent.pressagency.DNB     1.0000    1.0000    1.0000         1\norg.ent.pressagency.Europapress     1.0000    1.0000    1.0000         1\n      org.ent.pressagency.Extel     1.0000    1.0000    1.0000         1\n      org.ent.pressagency.Havas     0.2500    1.0000    0.4000         1\n    org.ent.pressagency.Reuters     1.0000    0.6667    0.8000         3\n     org.ent.pressagency.UP-UPI     1.0000    1.0000    1.0000         3\n      org.ent.pressagency.Wolff     1.0000    1.0000    1.0000         1\n         org.ent.pressagency.ag     1.0000    1.0000    1.0000         1\n        org.ent.pressagency.unk     1.0000    1.0000    1.0000         1\n         pers.ind.articleauthor     0.0000    0.0000    0.0000         3\n\n                      micro avg     0.8400    0.8077    0.8235        26\n                      macro avg     0.7885    0.8205    0.7846        26\n                   weighted avg     0.8173    0.8077    0.8000        26\n", "                                 precision    recall  f1-score   support\n\n        org.ent.pressagency.AFP     1.0000    1.0000    1.0000         7\n         org.ent.pressagency.AP     1.0000    1.0000    1.0000         2\n    org.ent.pressagency.ATS-SDA     0.0000    0.0000    0.0000         1\n        org.ent.pressagency.DNB     1.0000    1.0000    1.0000         1\norg.ent.pressagency.Europapress     1.0000    1.0000    1.0000         1\n      org.ent.pressagency.Extel     1.0000    1.0000    1.0000         1\n      org.ent.pressagency.Havas     0.3333    1.0000    0.5000         1\n    org.ent.pressagency.Reuters     0.6667    0.6667    0.6667         3\n     org.ent.pressagency.UP-UPI     1.0000    1.0000    1.0000         3\n      org.ent.pressagency.Wolff     1.0000    1.0000    1.0000         1\n         org.ent.pressagency.ag     1.0000    1.0000    1.0000         1\n        org.ent.pressagency.unk     0.2500    1.0000    0.4000         1\n         pers.ind.articleauthor     0.0000    0.0000    0.0000         3\n\n                      micro avg     0.7000    0.8077    0.7500        26\n                      macro avg     0.7115    0.8205    0.7359        26\n                   weighted avg     0.7532    0.8077    0.7654        26\n"]}, "test": {"global": {"loss": 0.0067830630232492695, "precision": 0.7741935483870968, "recall": 0.8727272727272727, "f1": 0.8205128205128205}, "token-level": "                                 precision    recall  f1-score   support\n\n        org.ent.pressagency.AFP     1.0000    1.0000    1.0000         5\n         org.ent.pressagency.AP     0.8000    0.6667    0.7273         6\n    org.ent.pressagency.ATS-SDA     0.0000    0.0000    0.0000         0\n        org.ent.pressagency.DNB     1.0000    1.0000    1.0000         3\norg.ent.pressagency.Europapress     1.0000    1.0000    1.0000         1\n      org.ent.pressagency.Extel     1.0000    1.0000    1.0000         1\n      org.ent.pressagency.Havas     0.7000    1.0000    0.8235         7\n    org.ent.pressagency.Reuters     0.6667    1.0000    0.8000         4\n     org.ent.pressagency.UP-UPI     1.0000    0.7500    0.8571         4\n      org.ent.pressagency.Wolff     1.0000    1.0000    1.0000         6\n         org.ent.pressagency.ag     0.9231    1.0000    0.9600        12\n        org.ent.pressagency.unk     0.2857    0.5000    0.3636         4\n         pers.ind.articleauthor     0.0000    0.0000    0.0000         2\n\n                      micro avg     0.7742    0.8727    0.8205        55\n                      macro avg     0.7212    0.7628    0.7332        55\n                   weighted avg     0.8107    0.8727    0.8315        55\n"}}