{
    "NE-COARSE-LIT": {
        "TIME-ALL": {
            "LED-ALL": {
                "ORG": {
                    "partial": {
                        "correct": 49,
                        "incorrect": 0,
                        "partial": 1,
                        "missed": 6,
                        "spurious": 10,
                        "possible": 56,
                        "actual": 60,
                        "TP": 49,
                        "FP": 11,
                        "FN": 7,
                        "P_micro": 0.825,
                        "R_micro": 0.8839285714285714,
                        "F1_micro": 0.8534482758620688,
                        "P_macro_doc": 0.6761111111111111,
                        "R_macro_doc": 0.9522727272727273,
                        "F1_macro_doc": 0.9560411884051867,
                        "P_macro_doc_std": 0.446208651298725,
                        "R_macro_doc_std": 0.1006582526436141,
                        "F1_macro_doc_std": 0.07291426146852475
                    },
                    "strict": {
                        "correct": 49,
                        "incorrect": 1,
                        "partial": 0,
                        "missed": 6,
                        "spurious": 10,
                        "possible": 56,
                        "actual": 60,
                        "TP": 49,
                        "FP": 11,
                        "FN": 7,
                        "P_micro": 0.8166666666666667,
                        "R_micro": 0.875,
                        "F1_micro": 0.8448275862068966,
                        "P_macro_doc": 0.6733333333333333,
                        "R_macro_doc": 0.9490259740259741,
                        "F1_macro_doc": 0.9524697598337581,
                        "P_macro_doc_std": 0.44539343129639364,
                        "R_macro_doc_std": 0.1096600221537549,
                        "F1_macro_doc_std": 0.08339081859745569
                    },
                    "ent_type": {
                        "correct": 50,
                        "incorrect": 0,
                        "partial": 0,
                        "missed": 6,
                        "spurious": 10,
                        "possible": 56,
                        "actual": 60,
                        "TP": 50,
                        "FP": 10,
                        "FN": 6,
                        "P_micro": 0.8333333333333334,
                        "R_micro": 0.8928571428571429,
                        "F1_micro": 0.8620689655172413,
                        "P_macro_doc": 0.678888888888889,
                        "R_macro_doc": 0.9555194805194805,
                        "F1_macro_doc": 0.9596126169766154,
                        "P_macro_doc_std": 0.4473502232280903,
                        "R_macro_doc_std": 0.09226550690559902,
                        "F1_macro_doc_std": 0.0633291645113706
                    },
                    "exact": {
                        "correct": 49,
                        "incorrect": 1,
                        "partial": 0,
                        "missed": 6,
                        "spurious": 10,
                        "possible": 56,
                        "actual": 60,
                        "TP": 49,
                        "FP": 11,
                        "FN": 7,
                        "P_micro": 0.8166666666666667,
                        "R_micro": 0.875,
                        "F1_micro": 0.8448275862068966,
                        "P_macro_doc": 0.6733333333333333,
                        "R_macro_doc": 0.9490259740259741,
                        "F1_macro_doc": 0.9524697598337581,
                        "P_macro_doc_std": 0.44539343129639364,
                        "R_macro_doc_std": 0.1096600221537549,
                        "F1_macro_doc_std": 0.08339081859745569
                    }
                },
                "PERS": {
                    "partial": {
                        "correct": 0,
                        "incorrect": 0,
                        "partial": 0,
                        "missed": 2,
                        "spurious": 1,
                        "possible": 2,
                        "actual": 1,
                        "TP": 0,
                        "FP": 1,
                        "FN": 2,
                        "P_micro": 0.0,
                        "R_micro": 0.0,
                        "F1_micro": 0,
                        "P_macro_doc": 0.0,
                        "R_macro_doc": 0.0,
                        "F1_macro_doc": null,
                        "P_macro_doc_std": 0.0,
                        "R_macro_doc_std": 0.0,
                        "F1_macro_doc_std": null
                    },
                    "strict": {
                        "correct": 0,
                        "incorrect": 0,
                        "partial": 0,
                        "missed": 2,
                        "spurious": 1,
                        "possible": 2,
                        "actual": 1,
                        "TP": 0,
                        "FP": 1,
                        "FN": 2,
                        "P_micro": 0.0,
                        "R_micro": 0.0,
                        "F1_micro": 0,
                        "P_macro_doc": 0.0,
                        "R_macro_doc": 0.0,
                        "F1_macro_doc": null,
                        "P_macro_doc_std": 0.0,
                        "R_macro_doc_std": 0.0,
                        "F1_macro_doc_std": null
                    },
                    "ent_type": {
                        "correct": 0,
                        "incorrect": 0,
                        "partial": 0,
                        "missed": 2,
                        "spurious": 1,
                        "possible": 2,
                        "actual": 1,
                        "TP": 0,
                        "FP": 1,
                        "FN": 2,
                        "P_micro": 0.0,
                        "R_micro": 0.0,
                        "F1_micro": 0,
                        "P_macro_doc": 0.0,
                        "R_macro_doc": 0.0,
                        "F1_macro_doc": null,
                        "P_macro_doc_std": 0.0,
                        "R_macro_doc_std": 0.0,
                        "F1_macro_doc_std": null
                    },
                    "exact": {
                        "correct": 0,
                        "incorrect": 0,
                        "partial": 0,
                        "missed": 2,
                        "spurious": 1,
                        "possible": 2,
                        "actual": 1,
                        "TP": 0,
                        "FP": 1,
                        "FN": 2,
                        "P_micro": 0.0,
                        "R_micro": 0.0,
                        "F1_micro": 0,
                        "P_macro_doc": 0.0,
                        "R_macro_doc": 0.0,
                        "F1_macro_doc": null,
                        "P_macro_doc_std": 0.0,
                        "R_macro_doc_std": 0.0,
                        "F1_macro_doc_std": null
                    }
                },
                "ALL": {
                    "partial": {
                        "correct": 49,
                        "incorrect": 0,
                        "partial": 1,
                        "missed": 8,
                        "spurious": 11,
                        "possible": 58,
                        "actual": 61,
                        "TP": 49,
                        "FP": 12,
                        "FN": 9,
                        "P_micro": 0.8114754098360656,
                        "R_micro": 0.853448275862069,
                        "F1_micro": 0.8319327731092437,
                        "P_macro_doc": 0.6439153439153439,
                        "R_macro_doc": 0.9046536796536796,