{
    "NE-COARSE-LIT": {
        "TIME-ALL": {
            "LED-ALL": {
                "ORG": {
                    "partial": {
                        "correct": 48,
                        "incorrect": 0,
                        "partial": 1,
                        "missed": 7,
                        "spurious": 9,
                        "possible": 56,
                        "actual": 58,
                        "TP": 48,
                        "FP": 10,
                        "FN": 8,
                        "P_micro": 0.8362068965517241,
                        "R_micro": 0.8660714285714286,
                        "F1_micro": 0.8508771929824562,
                        "P_macro_doc": 0.7790552584670232,
                        "R_macro_doc": 0.9482142857142858,
                        "F1_macro_doc": 0.9391174013465037,
                        "P_macro_doc_std": 0.3703291675654673,
                        "R_macro_doc_std": 0.13040605735899835,
                        "F1_macro_doc_std": 0.09618079555833199
                    },
                    "strict": {
                        "correct": 48,
                        "incorrect": 1,
                        "partial": 0,
                        "missed": 7,
                        "spurious": 9,
                        "possible": 56,
                        "actual": 58,
                        "TP": 48,
                        "FP": 10,
                        "FN": 8,
                        "P_micro": 0.8275862068965517,
                        "R_micro": 0.8571428571428571,
                        "F1_micro": 0.8421052631578947,
                        "P_macro_doc": 0.7741532976827095,
                        "R_macro_doc": 0.9449675324675325,
                        "F1_macro_doc": 0.9349157206742348,
                        "P_macro_doc_std": 0.3690244279303059,
                        "R_macro_doc_std": 0.14160953519122715,
                        "F1_macro_doc_std": 0.10924524137707246
                    },
                    "ent_type": {
                        "correct": 49,
                        "incorrect": 0,
                        "partial": 0,
                        "missed": 7,
                        "spurious": 9,
                        "possible": 56,
                        "actual": 58,
                        "TP": 49,
                        "FP": 9,
                        "FN": 7,
                        "P_micro": 0.8448275862068966,
                        "R_micro": 0.875,
                        "F1_micro": 0.8596491228070176,
                        "P_macro_doc": 0.783957219251337,
                        "R_macro_doc": 0.951461038961039,
                        "F1_macro_doc": 0.9433190820187726,
                        "P_macro_doc_std": 0.37266243614719863,
                        "R_macro_doc_std": 0.11929918569520587,
                        "F1_macro_doc_std": 0.08382109064666933
                    },
                    "exact": {
                        "correct": 48,
                        "incorrect": 1,
                        "partial": 0,
                        "missed": 7,
                        "spurious": 9,
                        "possible": 56,
                        "actual": 58,
                        "TP": 48,
                        "FP": 10,
                        "FN": 8,
                        "P_micro": 0.8275862068965517,
                        "R_micro": 0.8571428571428571,
                        "F1_micro": 0.8421052631578947,
                        "P_macro_doc": 0.7741532976827095,
                        "R_macro_doc": 0.9449675324675325,
                        "F1_macro_doc": 0.9349157206742348,
                        "P_macro_doc_std": 0.3690244279303059,
                        "R_macro_doc_std": 0.14160953519122715,
                        "F1_macro_doc_std": 0.10924524137707246
                    }
                },
                "PERS": {
                    "partial": {
                        "correct": 0,
                        "incorrect": 0,
                        "partial": 0,
                        "missed": 2,
                        "spurious": 0,
                        "possible": 2,
                        "actual": 0,
                        "TP": 0,
                        "FP": 0,
                        "FN": 2,
                        "P_micro": 0,
                        "R_micro": 0.0,
                        "F1_micro": 0,
                        "P_macro_doc": null,
                        "R_macro_doc": 0.0,
                        "F1_macro_doc": null,
                        "P_macro_doc_std": null,
                        "R_macro_doc_std": 0.0,
                        "F1_macro_doc_std": null
                    },
                    "strict": {
                        "correct": 0,
                        "incorrect": 0,
                        "partial": 0,
                        "missed": 2,
                        "spurious": 0,
                        "possible": 2,
                        "actual": 0,
                        "TP": 0,
                        "FP": 0,
                        "FN": 2,
                        "P_micro": 0,
                        "R_micro": 0.0,
                        "F1_micro": 0,
                        "P_macro_doc": null,
                        "R_macro_doc": 0.0,
                        "F1_macro_doc": null,
                        "P_macro_doc_std": null,
                        "R_macro_doc_std": 0.0,
                        "F1_macro_doc_std": null
                    },
                    "ent_type": {
                        "correct": 0,
                        "incorrect": 0,
                        "partial": 0,
                        "missed": 2,
                        "spurious": 0,
                        "possible": 2,
                        "actual": 0,
                        "TP": 0,
                        "FP": 0,
                        "FN": 2,
                        "P_micro": 0,
                        "R_micro": 0.0,
                        "F1_micro": 0,
                        "P_macro_doc": null,
                        "R_macro_doc": 0.0,
                        "F1_macro_doc": null,
                        "P_macro_doc_std": null,
                        "R_macro_doc_std": 0.0,
                        "F1_macro_doc_std": null
                    },
                    "exact": {
                        "correct": 0,
                        "incorrect": 0,
                        "partial": 0,
                        "missed": 2,
                        "spurious": 0,
                        "possible": 2,
                        "actual": 0,
                        "TP": 0,
                        "FP": 0,
                        "FN": 2,
                        "P_micro": 0,
                        "R_micro": 0.0,
                        "F1_micro": 0,
                        "P_macro_doc": null,
                        "R_macro_doc": 0.0,
                        "F1_macro_doc": null,
                        "P_macro_doc_std": null,
                        "R_macro_doc_std": 0.0,
                        "F1_macro_doc_std": null
                    }
                },
                "ALL": {
                    "partial": {
                        "correct": 48,
                        "incorrect": 0,
                        "partial": 1,
                        "missed": 9,
                        "spurious": 9,
                        "possible": 58,
                        "actual": 58,
                        "TP": 48,
                        "FP": 10,
                        "FN": 10,
                        "P_micro": 0.8362068965517241,
                        "R_micro": 0.8362068965517241,
                        "F1_micro": 0.8362068965517241,
                        "P_macro_doc": 0.7790552584670232,
                        "R_macro_doc": 0.900595238095238,