{
    "NE-COARSE-LIT": {
        "TIME-ALL": {
            "LED-ALL": {
                "ORG": {
                    "partial": {
                        "correct": 98,
                        "incorrect": 0,
                        "partial": 5,
                        "missed": 7,
                        "spurious": 27,
                        "possible": 110,
                        "actual": 130,
                        "TP": 98,
                        "FP": 32,
                        "FN": 12,
                        "P_micro": 0.7730769230769231,
                        "R_micro": 0.9136363636363637,
                        "F1_micro": 0.8375000000000001,
                        "P_macro_doc": 0.8625116713352007,
                        "R_macro_doc": 0.919949494949495,
                        "F1_macro_doc": 0.9184523809523809,
                        "P_macro_doc_std": 0.28391395513624645,
                        "R_macro_doc_std": 0.21464126553418214,
                        "F1_macro_doc_std": 0.16246947210192864
                    },
                    "strict": {
                        "correct": 98,
                        "incorrect": 5,
                        "partial": 0,
                        "missed": 7,
                        "spurious": 27,
                        "possible": 110,
                        "actual": 130,
                        "TP": 98,
                        "FP": 32,
                        "FN": 12,
                        "P_micro": 0.7538461538461538,
                        "R_micro": 0.8909090909090909,
                        "F1_micro": 0.8166666666666667,
                        "P_macro_doc": 0.8418534080298786,
                        "R_macro_doc": 0.895959595959596,
                        "F1_macro_doc": 0.8955357142857143,
                        "P_macro_doc_std": 0.31948269274899194,
                        "R_macro_doc_std": 0.2640984378967434,
                        "F1_macro_doc_std": 0.22741347779090046
                    },
                    "ent_type": {
                        "correct": 103,
                        "incorrect": 0,
                        "partial": 0,
                        "missed": 7,
                        "spurious": 27,
                        "possible": 110,
                        "actual": 130,
                        "TP": 103,
                        "FP": 27,
                        "FN": 7,
                        "P_micro": 0.7923076923076923,
                        "R_micro": 0.9363636363636364,
                        "F1_micro": 0.8583333333333333,
                        "P_macro_doc": 0.8831699346405228,
                        "R_macro_doc": 0.9439393939393939,
                        "F1_macro_doc": 0.9413690476190476,
                        "P_macro_doc_std": 0.27346202386352964,
                        "R_macro_doc_std": 0.1999292038762613,
                        "F1_macro_doc_std": 0.13446552414109605
                    },
                    "exact": {
                        "correct": 98,
                        "incorrect": 5,
                        "partial": 0,
                        "missed": 7,
                        "spurious": 27,
                        "possible": 110,
                        "actual": 130,
                        "TP": 98,
                        "FP": 32,
                        "FN": 12,
                        "P_micro": 0.7538461538461538,
                        "R_micro": 0.8909090909090909,
                        "F1_micro": 0.8166666666666667,
                        "P_macro_doc": 0.8418534080298786,
                        "R_macro_doc": 0.895959595959596,
                        "F1_macro_doc": 0.8955357142857143,
                        "P_macro_doc_std": 0.31948269274899194,
                        "R_macro_doc_std": 0.2640984378967434,
                        "F1_macro_doc_std": 0.22741347779090046
                    }
                },
                "PERS": {
                    "partial": {
                        "correct": 2,
                        "incorrect": 0,
                        "partial": 0,
                        "missed": 2,
                        "spurious": 3,
                        "possible": 4,
                        "actual": 5,
                        "TP": 2,
                        "FP": 3,
                        "FN": 2,
                        "P_micro": 0.4,
                        "R_micro": 0.5,
                        "F1_micro": 0.4444444444444445,
                        "P_macro_doc": 0.4,
                        "R_macro_doc": 0.5,
                        "F1_macro_doc": 0.8333333333333333,
                        "P_macro_doc_std": 0.48989794855663565,
                        "R_macro_doc_std": 0.408248290463863,
                        "F1_macro_doc_std": 0.16666666666666669
                    },
                    "strict": {
                        "correct": 2,
                        "incorrect": 0,
                        "partial": 0,
                        "missed": 2,
                        "spurious": 3,
                        "possible": 4,
                        "actual": 5,
                        "TP": 2,
                        "FP": 3,
                        "FN": 2,
                        "P_micro": 0.4,
                        "R_micro": 0.5,
                        "F1_micro": 0.4444444444444445,
                        "P_macro_doc": 0.4,
                        "R_macro_doc": 0.5,
                        "F1_macro_doc": 0.8333333333333333,
                        "P_macro_doc_std": 0.48989794855663565,
                        "R_macro_doc_std": 0.408248290463863,
                        "F1_macro_doc_std": 0.16666666666666669
                    },
                    "ent_type": {
                        "correct": 2,
                        "incorrect": 0,
                        "partial": 0,
                        "missed": 2,
                        "spurious": 3,
                        "possible": 4,
                        "actual": 5,
                        "TP": 2,
                        "FP": 3,
                        "FN": 2,
                        "P_micro": 0.4,
                        "R_micro": 0.5,
                        "F1_micro": 0.4444444444444445,
                        "P_macro_doc": 0.4,
                        "R_macro_doc": 0.5,
                        "F1_macro_doc": 0.8333333333333333,
                        "P_macro_doc_std": 0.48989794855663565,
                        "R_macro_doc_std": 0.408248290463863,
                        "F1_macro_doc_std": 0.16666666666666669
                    },
                    "exact": {
                        "correct": 2,
                        "incorrect": 0,
                        "partial": 0,
                        "missed": 2,
                        "spurious": 3,
                        "possible": 4,
                        "actual": 5,
                        "TP": 2,
                        "FP": 3,
                        "FN": 2,
                        "P_micro": 0.4,
                        "R_micro": 0.5,
                        "F1_micro": 0.4444444444444445,
                        "P_macro_doc": 0.4,
                        "R_macro_doc": 0.5,
                        "F1_macro_doc": 0.8333333333333333,
                        "P_macro_doc_std": 0.48989794855663565,
                        "R_macro_doc_std": 0.408248290463863,
                        "F1_macro_doc_std": 0.16666666666666669
                    }
                },
                "ALL": {
                    "partial": {
                        "correct": 100,
                        "incorrect": 0,
                        "partial": 5,
                        "missed": 9,
                        "spurious": 30,
                        "possible": 114,
                        "actual": 135,
                        "TP": 100,