{
    "NE-COARSE-LIT": {
        "TIME-ALL": {
            "LED-ALL": {
                "ORG": {
                    "partial": {
                        "correct": 119,
                        "incorrect": 0,
                        "partial": 12,
                        "missed": 23,
                        "spurious": 19,
                        "possible": 154,
                        "actual": 150,
                        "TP": 119,
                        "FP": 31,
                        "FN": 35,
                        "P_micro": 0.8333333333333334,
                        "R_micro": 0.8116883116883117,
                        "F1_micro": 0.8223684210526316,
                        "P_macro_doc": 0.8644736842105264,
                        "R_macro_doc": 0.8493513431013432,
                        "F1_macro_doc": 0.8876819527504458,
                        "P_macro_doc_std": 0.28790610912249215,
                        "R_macro_doc_std": 0.3004685050891769,
                        "F1_macro_doc_std": 0.22453334257725432
                    },
                    "strict": {
                        "correct": 119,
                        "incorrect": 12,
                        "partial": 0,
                        "missed": 23,
                        "spurious": 19,
                        "possible": 154,
                        "actual": 150,
                        "TP": 119,
                        "FP": 31,
                        "FN": 35,
                        "P_micro": 0.7933333333333333,
                        "R_micro": 0.7727272727272727,
                        "F1_micro": 0.7828947368421053,
                        "P_macro_doc": 0.8348684210526316,
                        "R_macro_doc": 0.8191697191697193,
                        "F1_macro_doc": 0.8587873313900711,
                        "P_macro_doc_std": 0.3315101194461003,
                        "R_macro_doc_std": 0.34356699414981684,
                        "F1_macro_doc_std": 0.28275786921337354
                    },
                    "ent_type": {
                        "correct": 129,
                        "incorrect": 2,
                        "partial": 0,
                        "missed": 23,
                        "spurious": 19,
                        "possible": 154,
                        "actual": 150,
                        "TP": 129,
                        "FP": 21,
                        "FN": 25,
                        "P_micro": 0.86,
                        "R_micro": 0.8376623376623377,
                        "F1_micro": 0.8486842105263157,
                        "P_macro_doc": 0.8896929824561403,
                        "R_macro_doc": 0.8744047619047618,
                        "F1_macro_doc": 0.9115952540610073,
                        "P_macro_doc_std": 0.27238881396662723,
                        "R_macro_doc_std": 0.2882526607257759,
                        "F1_macro_doc_std": 0.1924709606185241
                    },
                    "exact": {
                        "correct": 119,
                        "incorrect": 12,
                        "partial": 0,
                        "missed": 23,
                        "spurious": 19,
                        "possible": 154,
                        "actual": 150,
                        "TP": 119,
                        "FP": 31,
                        "FN": 35,
                        "P_micro": 0.7933333333333333,
                        "R_micro": 0.7727272727272727,
                        "F1_micro": 0.7828947368421053,
                        "P_macro_doc": 0.8348684210526316,
                        "R_macro_doc": 0.8191697191697193,
                        "F1_macro_doc": 0.8587873313900711,
                        "P_macro_doc_std": 0.3315101194461003,
                        "R_macro_doc_std": 0.34356699414981684,
                        "F1_macro_doc_std": 0.28275786921337354
                    }
                },
                "PERS": {
                    "partial": {
                        "correct": 0,
                        "incorrect": 0,
                        "partial": 0,
                        "missed": 9,
                        "spurious": 2,
                        "possible": 9,
                        "actual": 2,
                        "TP": 0,
                        "FP": 2,
                        "FN": 9,
                        "P_micro": 0.0,
                        "R_micro": 0.0,
                        "F1_micro": 0,
                        "P_macro_doc": 0.0,
                        "R_macro_doc": 0.0,
                        "F1_macro_doc": null,
                        "P_macro_doc_std": 0.0,
                        "R_macro_doc_std": 0.0,
                        "F1_macro_doc_std": null
                    },
                    "strict": {
                        "correct": 0,
                        "incorrect": 0,
                        "partial": 0,
                        "missed": 9,
                        "spurious": 2,
                        "possible": 9,
                        "actual": 2,
                        "TP": 0,
                        "FP": 2,
                        "FN": 9,
                        "P_micro": 0.0,
                        "R_micro": 0.0,
                        "F1_micro": 0,
                        "P_macro_doc": 0.0,
                        "R_macro_doc": 0.0,
                        "F1_macro_doc": null,
                        "P_macro_doc_std": 0.0,
                        "R_macro_doc_std": 0.0,
                        "F1_macro_doc_std": null
                    },
                    "ent_type": {
                        "correct": 0,
                        "incorrect": 0,
                        "partial": 0,
                        "missed": 9,
                        "spurious": 2,
                        "possible": 9,
                        "actual": 2,
                        "TP": 0,
                        "FP": 2,
                        "FN": 9,
                        "P_micro": 0.0,
                        "R_micro": 0.0,
                        "F1_micro": 0,
                        "P_macro_doc": 0.0,
                        "R_macro_doc": 0.0,
                        "F1_macro_doc": null,
                        "P_macro_doc_std": 0.0,
                        "R_macro_doc_std": 0.0,
                        "F1_macro_doc_std": null
                    },
                    "exact": {
                        "correct": 0,
                        "incorrect": 0,
                        "partial": 0,
                        "missed": 9,
                        "spurious": 2,
                        "possible": 9,
                        "actual": 2,
                        "TP": 0,
                        "FP": 2,
                        "FN": 9,
                        "P_micro": 0.0,
                        "R_micro": 0.0,
                        "F1_micro": 0,
                        "P_macro_doc": 0.0,
                        "R_macro_doc": 0.0,
                        "F1_macro_doc": null,
                        "P_macro_doc_std": 0.0,
                        "R_macro_doc_std": 0.0,
                        "F1_macro_doc_std": null
                    }
                },
                "ALL": {
                    "partial": {
                        "correct": 119,
                        "incorrect": 0,
                        "partial": 12,
                        "missed": 32,
                        "spurious": 21,
                        "possible": 163,
                        "actual": 152,
                        "TP": 119,
                        "FP": 33,
                        "FN": 44,
                        "P_micro": 0.8223684210526315,
                        "R_micro": 0.7668711656441718,
                        "F1_micro": 0.7936507936507936,
                        "P_macro_doc": 0.8499999999999999,