{
    "NE-COARSE-LIT": {
        "TIME-ALL": {
            "LED-ALL": {
                "ORG": {
                    "partial": {
                        "correct": 101,
                        "incorrect": 0,
                        "partial": 2,
                        "missed": 7,
                        "spurious": 23,
                        "possible": 110,
                        "actual": 126,
                        "TP": 101,
                        "FP": 25,
                        "FN": 9,
                        "P_micro": 0.8095238095238095,
                        "R_micro": 0.9272727272727272,
                        "F1_micro": 0.864406779661017,
                        "P_macro_doc": 0.8901918976545842,
                        "R_macro_doc": 0.9338383838383838,
                        "F1_macro_doc": 0.9337594696969697,
                        "P_macro_doc_std": 0.25318077471527445,
                        "R_macro_doc_std": 0.20723386033685537,
                        "F1_macro_doc_std": 0.1416179092763975
                    },
                    "strict": {
                        "correct": 101,
                        "incorrect": 2,
                        "partial": 0,
                        "missed": 7,
                        "spurious": 23,
                        "possible": 110,
                        "actual": 126,
                        "TP": 101,
                        "FP": 25,
                        "FN": 9,
                        "P_micro": 0.8015873015873016,
                        "R_micro": 0.9181818181818182,
                        "F1_micro": 0.8559322033898306,
                        "P_macro_doc": 0.8802416488983654,
                        "R_macro_doc": 0.9237373737373737,
                        "F1_macro_doc": 0.923342803030303,
                        "P_macro_doc_std": 0.27249600421440884,
                        "R_macro_doc_std": 0.23266608430328203,
                        "F1_macro_doc_std": 0.1777299850017634
                    },
                    "ent_type": {
                        "correct": 103,
                        "incorrect": 0,
                        "partial": 0,
                        "missed": 7,
                        "spurious": 23,
                        "possible": 110,
                        "actual": 126,
                        "TP": 103,
                        "FP": 23,
                        "FN": 7,
                        "P_micro": 0.8174603174603174,
                        "R_micro": 0.9363636363636364,
                        "F1_micro": 0.8728813559322035,
                        "P_macro_doc": 0.9001421464108031,
                        "R_macro_doc": 0.9439393939393939,
                        "F1_macro_doc": 0.9441761363636363,
                        "P_macro_doc_std": 0.2490798990704158,
                        "R_macro_doc_std": 0.1999292038762613,
                        "F1_macro_doc_std": 0.130333643214542
                    },
                    "exact": {
                        "correct": 101,
                        "incorrect": 2,
                        "partial": 0,
                        "missed": 7,
                        "spurious": 23,
                        "possible": 110,
                        "actual": 126,
                        "TP": 101,
                        "FP": 25,
                        "FN": 9,
                        "P_micro": 0.8015873015873016,
                        "R_micro": 0.9181818181818182,
                        "F1_micro": 0.8559322033898306,
                        "P_macro_doc": 0.8802416488983654,
                        "R_macro_doc": 0.9237373737373737,
                        "F1_macro_doc": 0.923342803030303,
                        "P_macro_doc_std": 0.27249600421440884,
                        "R_macro_doc_std": 0.23266608430328203,
                        "F1_macro_doc_std": 0.1777299850017634
                    }
                },
                "PERS": {
                    "partial": {
                        "correct": 1,
                        "incorrect": 0,
                        "partial": 0,
                        "missed": 3,
                        "spurious": 4,
                        "possible": 4,
                        "actual": 5,
                        "TP": 1,
                        "FP": 4,
                        "FN": 3,
                        "P_micro": 0.2,
                        "R_micro": 0.25,
                        "F1_micro": 0.22222222222222224,
                        "P_macro_doc": 0.25,
                        "R_macro_doc": 0.16666666666666666,
                        "F1_macro_doc": 0.6666666666666666,
                        "P_macro_doc_std": 0.4330127018922193,
                        "R_macro_doc_std": 0.23570226039551584,
                        "F1_macro_doc_std": 0.0
                    },
                    "strict": {
                        "correct": 1,
                        "incorrect": 0,
                        "partial": 0,
                        "missed": 3,
                        "spurious": 4,
                        "possible": 4,
                        "actual": 5,
                        "TP": 1,
                        "FP": 4,
                        "FN": 3,
                        "P_micro": 0.2,
                        "R_micro": 0.25,
                        "F1_micro": 0.22222222222222224,
                        "P_macro_doc": 0.25,
                        "R_macro_doc": 0.16666666666666666,
                        "F1_macro_doc": 0.6666666666666666,
                        "P_macro_doc_std": 0.4330127018922193,
                        "R_macro_doc_std": 0.23570226039551584,
                        "F1_macro_doc_std": 0.0
                    },
                    "ent_type": {
                        "correct": 1,
                        "incorrect": 0,
                        "partial": 0,
                        "missed": 3,
                        "spurious": 4,
                        "possible": 4,
                        "actual": 5,
                        "TP": 1,
                        "FP": 4,
                        "FN": 3,
                        "P_micro": 0.2,
                        "R_micro": 0.25,
                        "F1_micro": 0.22222222222222224,
                        "P_macro_doc": 0.25,
                        "R_macro_doc": 0.16666666666666666,
                        "F1_macro_doc": 0.6666666666666666,
                        "P_macro_doc_std": 0.4330127018922193,
                        "R_macro_doc_std": 0.23570226039551584,
                        "F1_macro_doc_std": 0.0
                    },
                    "exact": {
                        "correct": 1,
                        "incorrect": 0,
                        "partial": 0,
                        "missed": 3,
                        "spurious": 4,
                        "possible": 4,
                        "actual": 5,
                        "TP": 1,
                        "FP": 4,
                        "FN": 3,
                        "P_micro": 0.2,
                        "R_micro": 0.25,
                        "F1_micro": 0.22222222222222224,
                        "P_macro_doc": 0.25,
                        "R_macro_doc": 0.16666666666666666,
                        "F1_macro_doc": 0.6666666666666666,
                        "P_macro_doc_std": 0.4330127018922193,
                        "R_macro_doc_std": 0.23570226039551584,
                        "F1_macro_doc_std": 0.0
                    }
                },
                "ALL": {
                    "partial": {
                        "correct": 102,
                        "incorrect": 0,
                        "partial": 2,
                        "missed": 10,
                        "spurious": 27,
                        "possible": 114,
                        "actual": 131,
                        "TP": 102,