{
    "NE-COARSE-LIT": {
        "TIME-ALL": {
            "LED-ALL": {
                "ORG": {
                    "partial": {
                        "correct": 52,
                        "incorrect": 0,
                        "partial": 1,
                        "missed": 3,
                        "spurious": 6,
                        "possible": 56,
                        "actual": 59,
                        "TP": 52,
                        "FP": 7,
                        "FN": 4,
                        "P_micro": 0.8898305084745762,
                        "R_micro": 0.9375,
                        "F1_micro": 0.9130434782608696,
                        "P_macro_doc": 0.7970588235294118,
                        "R_macro_doc": 0.9745129870129869,
                        "F1_macro_doc": 0.9686507936507937,
                        "P_macro_doc_std": 0.37435064886346636,
                        "R_macro_doc_std": 0.05483001107687744,
                        "F1_macro_doc_std": 0.044623011461884056
                    },
                    "strict": {
                        "correct": 52,
                        "incorrect": 1,
                        "partial": 0,
                        "missed": 3,
                        "spurious": 6,
                        "possible": 56,
                        "actual": 59,
                        "TP": 52,
                        "FP": 7,
                        "FN": 4,
                        "P_micro": 0.8813559322033898,
                        "R_micro": 0.9285714285714286,
                        "F1_micro": 0.9043478260869564,
                        "P_macro_doc": 0.7941176470588235,
                        "R_macro_doc": 0.9709415584415585,
                        "F1_macro_doc": 0.9650793650793651,
                        "P_macro_doc_std": 0.37333250947346897,
                        "R_macro_doc_std": 0.05785532996707905,
                        "F1_macro_doc_std": 0.04785655057676612
                    },
                    "ent_type": {
                        "correct": 53,
                        "incorrect": 0,
                        "partial": 0,
                        "missed": 3,
                        "spurious": 6,
                        "possible": 56,
                        "actual": 59,
                        "TP": 53,
                        "FP": 6,
                        "FN": 3,
                        "P_micro": 0.8983050847457628,
                        "R_micro": 0.9464285714285714,
                        "F1_micro": 0.9217391304347826,
                        "P_macro_doc": 0.7999999999999999,
                        "R_macro_doc": 0.9780844155844156,
                        "F1_macro_doc": 0.9722222222222223,
                        "P_macro_doc_std": 0.3757345746510897,
                        "R_macro_doc_std": 0.05474535301596508,
                        "F1_macro_doc_std": 0.04498677054212184
                    },
                    "exact": {
                        "correct": 52,
                        "incorrect": 1,
                        "partial": 0,
                        "missed": 3,
                        "spurious": 6,
                        "possible": 56,
                        "actual": 59,
                        "TP": 52,
                        "FP": 7,
                        "FN": 4,
                        "P_micro": 0.8813559322033898,
                        "R_micro": 0.9285714285714286,
                        "F1_micro": 0.9043478260869564,
                        "P_macro_doc": 0.7941176470588235,
                        "R_macro_doc": 0.9709415584415585,
                        "F1_macro_doc": 0.9650793650793651,
                        "P_macro_doc_std": 0.37333250947346897,
                        "R_macro_doc_std": 0.05785532996707905,
                        "F1_macro_doc_std": 0.04785655057676612
                    }
                },
                "PERS": {
                    "partial": {
                        "correct": 0,
                        "incorrect": 0,
                        "partial": 0,
                        "missed": 2,
                        "spurious": 1,
                        "possible": 2,
                        "actual": 1,
                        "TP": 0,
                        "FP": 1,
                        "FN": 2,
                        "P_micro": 0.0,
                        "R_micro": 0.0,
                        "F1_micro": 0,
                        "P_macro_doc": 0.0,
                        "R_macro_doc": 0.0,
                        "F1_macro_doc": null,
                        "P_macro_doc_std": 0.0,
                        "R_macro_doc_std": 0.0,
                        "F1_macro_doc_std": null
                    },
                    "strict": {
                        "correct": 0,
                        "incorrect": 0,
                        "partial": 0,
                        "missed": 2,
                        "spurious": 1,
                        "possible": 2,
                        "actual": 1,
                        "TP": 0,
                        "FP": 1,
                        "FN": 2,
                        "P_micro": 0.0,
                        "R_micro": 0.0,
                        "F1_micro": 0,
                        "P_macro_doc": 0.0,
                        "R_macro_doc": 0.0,
                        "F1_macro_doc": null,
                        "P_macro_doc_std": 0.0,
                        "R_macro_doc_std": 0.0,
                        "F1_macro_doc_std": null
                    },
                    "ent_type": {
                        "correct": 0,
                        "incorrect": 0,
                        "partial": 0,
                        "missed": 2,
                        "spurious": 1,
                        "possible": 2,
                        "actual": 1,
                        "TP": 0,
                        "FP": 1,
                        "FN": 2,
                        "P_micro": 0.0,
                        "R_micro": 0.0,
                        "F1_micro": 0,
                        "P_macro_doc": 0.0,
                        "R_macro_doc": 0.0,
                        "F1_macro_doc": null,
                        "P_macro_doc_std": 0.0,
                        "R_macro_doc_std": 0.0,
                        "F1_macro_doc_std": null
                    },
                    "exact": {
                        "correct": 0,
                        "incorrect": 0,
                        "partial": 0,
                        "missed": 2,
                        "spurious": 1,
                        "possible": 2,
                        "actual": 1,
                        "TP": 0,
                        "FP": 1,
                        "FN": 2,
                        "P_micro": 0.0,
                        "R_micro": 0.0,
                        "F1_micro": 0,
                        "P_macro_doc": 0.0,
                        "R_macro_doc": 0.0,
                        "F1_macro_doc": null,
                        "P_macro_doc_std": 0.0,
                        "R_macro_doc_std": 0.0,
                        "F1_macro_doc_std": null
                    }
                },
                "ALL": {
                    "partial": {
                        "correct": 52,
                        "incorrect": 0,
                        "partial": 1,
                        "missed": 5,
                        "spurious": 7,
                        "possible": 58,
                        "actual": 60,
                        "TP": 52,
                        "FP": 8,
                        "FN": 6,
                        "P_micro": 0.875,
                        "R_micro": 0.9051724137931034,
                        "F1_micro": 0.8898305084745763,
                        "P_macro_doc": 0.7823529411764706,
                        "R_macro_doc": 0.9268939393939394,