{
    "NE-COARSE-LIT": {
        "TIME-ALL": {
            "LED-ALL": {
                "ORG": {
                    "partial": {
                        "correct": 45,
                        "incorrect": 0,
                        "partial": 2,
                        "missed": 9,
                        "spurious": 6,
                        "possible": 56,
                        "actual": 53,
                        "TP": 45,
                        "FP": 8,
                        "FN": 11,
                        "P_micro": 0.8679245283018868,
                        "R_micro": 0.8214285714285714,
                        "F1_micro": 0.8440366972477065,
                        "P_macro_doc": 0.7823529411764706,
                        "R_macro_doc": 0.9152597402597402,
                        "F1_macro_doc": 0.9191609977324263,
                        "P_macro_doc_std": 0.37098484845808344,
                        "R_macro_doc_std": 0.17564695007601733,
                        "F1_macro_doc_std": 0.12994176691369436
                    },
                    "strict": {
                        "correct": 45,
                        "incorrect": 2,
                        "partial": 0,
                        "missed": 9,
                        "spurious": 6,
                        "possible": 56,
                        "actual": 53,
                        "TP": 45,
                        "FP": 8,
                        "FN": 11,
                        "P_micro": 0.8490566037735849,
                        "R_micro": 0.8035714285714286,
                        "F1_micro": 0.8256880733944955,
                        "P_macro_doc": 0.7647058823529411,
                        "R_macro_doc": 0.8938311688311689,
                        "F1_macro_doc": 0.8977324263038549,
                        "P_macro_doc_std": 0.37564247155504954,
                        "R_macro_doc_std": 0.20171641829228792,
                        "F1_macro_doc_std": 0.1639808582583486
                    },
                    "ent_type": {
                        "correct": 47,
                        "incorrect": 0,
                        "partial": 0,
                        "missed": 9,
                        "spurious": 6,
                        "possible": 56,
                        "actual": 53,
                        "TP": 47,
                        "FP": 6,
                        "FN": 9,
                        "P_micro": 0.8867924528301887,
                        "R_micro": 0.8392857142857143,
                        "F1_micro": 0.8623853211009174,
                        "P_macro_doc": 0.7999999999999999,
                        "R_macro_doc": 0.9366883116883117,
                        "F1_macro_doc": 0.9405895691609978,
                        "P_macro_doc_std": 0.3757345746510897,
                        "R_macro_doc_std": 0.17141043046477678,
                        "F1_macro_doc_std": 0.12348016294505222
                    },
                    "exact": {
                        "correct": 45,
                        "incorrect": 2,
                        "partial": 0,
                        "missed": 9,
                        "spurious": 6,
                        "possible": 56,
                        "actual": 53,
                        "TP": 45,
                        "FP": 8,
                        "FN": 11,
                        "P_micro": 0.8490566037735849,
                        "R_micro": 0.8035714285714286,
                        "F1_micro": 0.8256880733944955,
                        "P_macro_doc": 0.7647058823529411,
                        "R_macro_doc": 0.8938311688311689,
                        "F1_macro_doc": 0.8977324263038549,
                        "P_macro_doc_std": 0.37564247155504954,
                        "R_macro_doc_std": 0.20171641829228792,
                        "F1_macro_doc_std": 0.1639808582583486
                    }
                },
                "PERS": {
                    "partial": {
                        "correct": 0,
                        "incorrect": 0,
                        "partial": 0,
                        "missed": 2,
                        "spurious": 0,
                        "possible": 2,
                        "actual": 0,
                        "TP": 0,
                        "FP": 0,
                        "FN": 2,
                        "P_micro": 0,
                        "R_micro": 0.0,
                        "F1_micro": 0,
                        "P_macro_doc": null,
                        "R_macro_doc": 0.0,
                        "F1_macro_doc": null,
                        "P_macro_doc_std": null,
                        "R_macro_doc_std": 0.0,
                        "F1_macro_doc_std": null
                    },
                    "strict": {
                        "correct": 0,
                        "incorrect": 0,
                        "partial": 0,
                        "missed": 2,
                        "spurious": 0,
                        "possible": 2,
                        "actual": 0,
                        "TP": 0,
                        "FP": 0,
                        "FN": 2,
                        "P_micro": 0,
                        "R_micro": 0.0,
                        "F1_micro": 0,
                        "P_macro_doc": null,
                        "R_macro_doc": 0.0,
                        "F1_macro_doc": null,
                        "P_macro_doc_std": null,
                        "R_macro_doc_std": 0.0,
                        "F1_macro_doc_std": null
                    },
                    "ent_type": {
                        "correct": 0,
                        "incorrect": 0,
                        "partial": 0,
                        "missed": 2,
                        "spurious": 0,
                        "possible": 2,
                        "actual": 0,
                        "TP": 0,
                        "FP": 0,
                        "FN": 2,
                        "P_micro": 0,
                        "R_micro": 0.0,
                        "F1_micro": 0,
                        "P_macro_doc": null,
                        "R_macro_doc": 0.0,
                        "F1_macro_doc": null,
                        "P_macro_doc_std": null,
                        "R_macro_doc_std": 0.0,
                        "F1_macro_doc_std": null
                    },
                    "exact": {
                        "correct": 0,
                        "incorrect": 0,
                        "partial": 0,
                        "missed": 2,
                        "spurious": 0,
                        "possible": 2,
                        "actual": 0,
                        "TP": 0,
                        "FP": 0,
                        "FN": 2,
                        "P_micro": 0,
                        "R_micro": 0.0,
                        "F1_micro": 0,
                        "P_macro_doc": null,
                        "R_macro_doc": 0.0,
                        "F1_macro_doc": null,
                        "P_macro_doc_std": null,
                        "R_macro_doc_std": 0.0,
                        "F1_macro_doc_std": null
                    }
                },
                "ALL": {
                    "partial": {
                        "correct": 45,
                        "incorrect": 0,
                        "partial": 2,
                        "missed": 11,
                        "spurious": 6,
                        "possible": 58,
                        "actual": 53,
                        "TP": 45,
                        "FP": 8,
                        "FN": 13,
                        "P_micro": 0.8679245283018868,
                        "R_micro": 0.7931034482758621,
                        "F1_micro": 0.8288288288288289,
                        "P_macro_doc": 0.7823529411764706,