{
    "NE-COARSE-LIT": {
        "TIME-ALL": {
            "LED-ALL": {
                "ORG": {
                    "partial": {
                        "correct": 71,
                        "incorrect": 0,
                        "partial": 5,
                        "missed": 34,
                        "spurious": 24,
                        "possible": 110,
                        "actual": 100,
                        "TP": 71,
                        "FP": 29,
                        "FN": 39,
                        "P_micro": 0.735,
                        "R_micro": 0.6681818181818182,
                        "F1_micro": 0.7,
                        "P_macro_doc": 0.7521186440677966,
                        "R_macro_doc": 0.6608585858585858,
                        "F1_macro_doc": 0.8304064525218371,
                        "P_macro_doc_std": 0.381297076437594,
                        "R_macro_doc_std": 0.4234249127882267,
                        "F1_macro_doc_std": 0.266918639147796
                    },
                    "strict": {
                        "correct": 71,
                        "incorrect": 5,
                        "partial": 0,
                        "missed": 34,
                        "spurious": 24,
                        "possible": 110,
                        "actual": 100,
                        "TP": 71,
                        "FP": 29,
                        "FN": 39,
                        "P_micro": 0.71,
                        "R_micro": 0.6454545454545455,
                        "F1_micro": 0.6761904761904762,
                        "P_macro_doc": 0.719632768361582,
                        "R_macro_doc": 0.6305555555555555,
                        "F1_macro_doc": 0.7929064525218371,
                        "P_macro_doc_std": 0.41573557751772156,
                        "R_macro_doc_std": 0.44450993835618413,
                        "F1_macro_doc_std": 0.3283914549890161
                    },
                    "ent_type": {
                        "correct": 76,
                        "incorrect": 0,
                        "partial": 0,
                        "missed": 34,
                        "spurious": 24,
                        "possible": 110,
                        "actual": 100,
                        "TP": 76,
                        "FP": 24,
                        "FN": 34,
                        "P_micro": 0.76,
                        "R_micro": 0.6909090909090909,
                        "F1_micro": 0.7238095238095238,
                        "P_macro_doc": 0.7846045197740112,
                        "R_macro_doc": 0.6911616161616162,
                        "F1_macro_doc": 0.8679064525218371,
                        "P_macro_doc_std": 0.3798844282304334,
                        "R_macro_doc_std": 0.43089074307308445,
                        "F1_macro_doc_std": 0.25421670613411945
                    },
                    "exact": {
                        "correct": 71,
                        "incorrect": 5,
                        "partial": 0,
                        "missed": 34,
                        "spurious": 24,
                        "possible": 110,
                        "actual": 100,
                        "TP": 71,
                        "FP": 29,
                        "FN": 39,
                        "P_micro": 0.71,
                        "R_micro": 0.6454545454545455,
                        "F1_micro": 0.6761904761904762,
                        "P_macro_doc": 0.719632768361582,
                        "R_macro_doc": 0.6305555555555555,
                        "F1_macro_doc": 0.7929064525218371,
                        "P_macro_doc_std": 0.41573557751772156,
                        "R_macro_doc_std": 0.44450993835618413,
                        "F1_macro_doc_std": 0.3283914549890161
                    }
                },
                "PERS": {
                    "partial": {
                        "correct": 0,
                        "incorrect": 0,
                        "partial": 0,
                        "missed": 4,
                        "spurious": 1,
                        "possible": 4,
                        "actual": 1,
                        "TP": 0,
                        "FP": 1,
                        "FN": 4,
                        "P_micro": 0.0,
                        "R_micro": 0.0,
                        "F1_micro": 0,
                        "P_macro_doc": 0.0,
                        "R_macro_doc": 0.0,
                        "F1_macro_doc": null,
                        "P_macro_doc_std": 0.0,
                        "R_macro_doc_std": 0.0,
                        "F1_macro_doc_std": null
                    },
                    "strict": {
                        "correct": 0,
                        "incorrect": 0,
                        "partial": 0,
                        "missed": 4,
                        "spurious": 1,
                        "possible": 4,
                        "actual": 1,
                        "TP": 0,
                        "FP": 1,
                        "FN": 4,
                        "P_micro": 0.0,
                        "R_micro": 0.0,
                        "F1_micro": 0,
                        "P_macro_doc": 0.0,
                        "R_macro_doc": 0.0,
                        "F1_macro_doc": null,
                        "P_macro_doc_std": 0.0,
                        "R_macro_doc_std": 0.0,
                        "F1_macro_doc_std": null
                    },
                    "ent_type": {
                        "correct": 0,
                        "incorrect": 0,
                        "partial": 0,
                        "missed": 4,
                        "spurious": 1,
                        "possible": 4,
                        "actual": 1,
                        "TP": 0,
                        "FP": 1,
                        "FN": 4,
                        "P_micro": 0.0,
                        "R_micro": 0.0,
                        "F1_micro": 0,
                        "P_macro_doc": 0.0,
                        "R_macro_doc": 0.0,
                        "F1_macro_doc": null,
                        "P_macro_doc_std": 0.0,
                        "R_macro_doc_std": 0.0,
                        "F1_macro_doc_std": null
                    },
                    "exact": {
                        "correct": 0,
                        "incorrect": 0,
                        "partial": 0,
                        "missed": 4,
                        "spurious": 1,
                        "possible": 4,
                        "actual": 1,
                        "TP": 0,
                        "FP": 1,
                        "FN": 4,
                        "P_micro": 0.0,
                        "R_micro": 0.0,
                        "F1_micro": 0,
                        "P_macro_doc": 0.0,
                        "R_macro_doc": 0.0,
                        "F1_macro_doc": null,
                        "P_macro_doc_std": 0.0,
                        "R_macro_doc_std": 0.0,
                        "F1_macro_doc_std": null
                    }
                },
                "ALL": {
                    "partial": {
                        "correct": 71,
                        "incorrect": 0,
                        "partial": 5,
                        "missed": 38,
                        "spurious": 25,
                        "possible": 114,
                        "actual": 101,
                        "TP": 71,
                        "FP": 30,
                        "FN": 43,
                        "P_micro": 0.7277227722772277,
                        "R_micro": 0.6447368421052632,
                        "F1_micro": 0.6837209302325582,
                        "P_macro_doc": 0.7521186440677966,
                        "R_macro_doc": 0.6321256038647343,