{
    "NE-COARSE-LIT": {
        "TIME-ALL": {
            "LED-ALL": {
                "ORG": {
                    "partial": {
                        "correct": 96,
                        "incorrect": 0,
                        "partial": 13,
                        "missed": 45,
                        "spurious": 19,
                        "possible": 154,
                        "actual": 128,
                        "TP": 96,
                        "FP": 32,
                        "FN": 58,
                        "P_micro": 0.80078125,
                        "R_micro": 0.6655844155844156,
                        "F1_micro": 0.7269503546099291,
                        "P_macro_doc": 0.8243628437290409,
                        "R_macro_doc": 0.7068070818070817,
                        "F1_macro_doc": 0.842615255115255,
                        "P_macro_doc_std": 0.32438168415049057,
                        "R_macro_doc_std": 0.37907139683256125,
                        "F1_macro_doc_std": 0.2434674803115399
                    },
                    "strict": {
                        "correct": 96,
                        "incorrect": 13,
                        "partial": 0,
                        "missed": 45,
                        "spurious": 19,
                        "possible": 154,
                        "actual": 128,
                        "TP": 96,
                        "FP": 32,
                        "FN": 58,
                        "P_micro": 0.75,
                        "R_micro": 0.6233766233766234,
                        "F1_micro": 0.6808510638297872,
                        "P_macro_doc": 0.7806841046277666,
                        "R_macro_doc": 0.6609737484737485,
                        "F1_macro_doc": 0.7948958448958449,
                        "P_macro_doc_std": 0.3831918892259299,
                        "R_macro_doc_std": 0.42270698699147624,
                        "F1_macro_doc_std": 0.3303755663475328
                    },
                    "ent_type": {
                        "correct": 108,
                        "incorrect": 1,
                        "partial": 0,
                        "missed": 45,
                        "spurious": 19,
                        "possible": 154,
                        "actual": 128,
                        "TP": 108,
                        "FP": 20,
                        "FN": 46,
                        "P_micro": 0.84375,
                        "R_micro": 0.7012987012987013,
                        "F1_micro": 0.7659574468085106,
                        "P_macro_doc": 0.8645204560697518,
                        "R_macro_doc": 0.7500763125763126,
                        "F1_macro_doc": 0.886967661967662,
                        "P_macro_doc_std": 0.3058020988445835,
                        "R_macro_doc_std": 0.3808363843806225,
                        "F1_macro_doc_std": 0.2070579643611517
                    },
                    "exact": {
                        "correct": 96,
                        "incorrect": 13,
                        "partial": 0,
                        "missed": 45,
                        "spurious": 19,
                        "possible": 154,
                        "actual": 128,
                        "TP": 96,
                        "FP": 32,
                        "FN": 58,
                        "P_micro": 0.75,
                        "R_micro": 0.6233766233766234,
                        "F1_micro": 0.6808510638297872,
                        "P_macro_doc": 0.7806841046277666,
                        "R_macro_doc": 0.6609737484737485,
                        "F1_macro_doc": 0.7948958448958449,
                        "P_macro_doc_std": 0.3831918892259299,
                        "R_macro_doc_std": 0.42270698699147624,
                        "F1_macro_doc_std": 0.3303755663475328
                    }
                },
                "PERS": {
                    "partial": {
                        "correct": 0,
                        "incorrect": 0,
                        "partial": 2,
                        "missed": 7,
                        "spurious": 1,
                        "possible": 9,
                        "actual": 3,
                        "TP": 0,
                        "FP": 3,
                        "FN": 9,
                        "P_micro": 0.3333333333333333,
                        "R_micro": 0.1111111111111111,
                        "F1_micro": 0.16666666666666666,
                        "P_macro_doc": 0.3333333333333333,
                        "R_macro_doc": 0.1111111111111111,
                        "F1_macro_doc": 0.5,
                        "P_macro_doc_std": 0.23570226039551584,
                        "R_macro_doc_std": 0.20786985482077452,
                        "F1_macro_doc_std": 0.0
                    },
                    "strict": {
                        "correct": 0,
                        "incorrect": 2,
                        "partial": 0,
                        "missed": 7,
                        "spurious": 1,
                        "possible": 9,
                        "actual": 3,
                        "TP": 0,
                        "FP": 3,
                        "FN": 9,
                        "P_micro": 0.0,
                        "R_micro": 0.0,
                        "F1_micro": 0,
                        "P_macro_doc": 0.0,
                        "R_macro_doc": 0.0,
                        "F1_macro_doc": 0.0,
                        "P_macro_doc_std": 0.0,
                        "R_macro_doc_std": 0.0,
                        "F1_macro_doc_std": 0.0
                    },
                    "ent_type": {
                        "correct": 0,
                        "incorrect": 2,
                        "partial": 0,
                        "missed": 7,
                        "spurious": 1,
                        "possible": 9,
                        "actual": 3,
                        "TP": 0,
                        "FP": 3,
                        "FN": 9,
                        "P_micro": 0.0,
                        "R_micro": 0.0,
                        "F1_micro": 0,
                        "P_macro_doc": 0.0,
                        "R_macro_doc": 0.0,
                        "F1_macro_doc": 0.0,
                        "P_macro_doc_std": 0.0,
                        "R_macro_doc_std": 0.0,
                        "F1_macro_doc_std": 0.0
                    },
                    "exact": {
                        "correct": 0,
                        "incorrect": 2,
                        "partial": 0,
                        "missed": 7,
                        "spurious": 1,
                        "possible": 9,
                        "actual": 3,
                        "TP": 0,
                        "FP": 3,
                        "FN": 9,
                        "P_micro": 0.0,
                        "R_micro": 0.0,
                        "F1_micro": 0,
                        "P_macro_doc": 0.0,
                        "R_macro_doc": 0.0,
                        "F1_macro_doc": 0.0,
                        "P_macro_doc_std": 0.0,
                        "R_macro_doc_std": 0.0,
                        "F1_macro_doc_std": 0.0
                    }
                },
                "ALL": {
                    "partial": {
                        "correct": 96,
                        "incorrect": 0,
                        "partial": 15,
                        "missed": 52,
                        "spurious": 20,
                        "possible": 163,
                        "actual": 131,
                        "TP": 96,
                        "FP": 35,
                        "FN": 67,
                        "P_micro": 0.7900763358778626,
                        "R_micro": 0.6349693251533742,
                        "F1_micro": 0.7040816326530612,