{"dev": {"global": [{"loss": 0.010642636402050985, "precision": 0.7323943661971831, "recall": 0.4642857142857143, "f1": 0.5683060109289617}, {"loss": 0.008747416769652731, "precision": 0.5398230088495575, "recall": 0.5446428571428571, "f1": 0.5422222222222222}, {"loss": 0.007273865820433855, "precision": 0.6697247706422018, "recall": 0.6517857142857143, "f1": 0.6606334841628959}], "sent-level": [null, null, null], "token-level": ["                             precision    recall  f1-score   support\n\n    org.ent.pressagency.AFP     0.8750    0.5000    0.6364        14\n     org.ent.pressagency.AP     1.0000    0.2500    0.4000         8\norg.ent.pressagency.ATS-SDA     0.8000    0.3333    0.4706        24\n    org.ent.pressagency.DNB     0.0000    0.0000    0.0000         3\n  org.ent.pressagency.Extel     0.0000    0.0000    0.0000         1\n  org.ent.pressagency.Havas     0.6562    0.8077    0.7241        26\norg.ent.pressagency.Reuters     1.0000    0.5789    0.7333        19\norg.ent.pressagency.Stefani     0.0000    0.0000    0.0000         1\n org.ent.pressagency.UP-UPI     0.0000    0.0000    0.0000         4\n  org.ent.pressagency.Wolff     0.3750    1.0000    0.5455         3\n     org.ent.pressagency.ag     0.0000    0.0000    0.0000         1\n    org.ent.pressagency.unk     0.0000    0.0000    0.0000         4\n     pers.ind.articleauthor     0.0000    0.0000    0.0000         4\n\n                  micro avg     0.7324    0.4643    0.5683       112\n                  macro avg     0.3620    0.2669    0.2700       112\n               weighted avg     0.6843    0.4643    0.5161       112\n", "                             precision    recall  f1-score   support\n\n    org.ent.pressagency.AFP     0.6316    0.8571    0.7273        14\n     org.ent.pressagency.AP     1.0000    0.5000    0.6667         8\norg.ent.pressagency.ATS-SDA     0.5161    0.6667    0.5818        24\n    org.ent.pressagency.DNB     0.0000    0.0000    0.0000         3\n  org.ent.pressagency.Extel     0.0000    0.0000    0.0000         1\n  org.ent.pressagency.Havas     0.4681    0.8462    0.6027        26\norg.ent.pressagency.Reuters     0.8000    0.2105    0.3333        19\norg.ent.pressagency.Stefani     0.0000    0.0000    0.0000         1\n org.ent.pressagency.UP-UPI     0.7500    0.7500    0.7500         4\n  org.ent.pressagency.Wolff     0.0000    0.0000    0.0000         3\n     org.ent.pressagency.ag     0.0000    0.0000    0.0000         1\n    org.ent.pressagency.unk     0.0000    0.0000    0.0000         4\n     pers.ind.articleauthor     0.0000    0.0000    0.0000         4\n\n                  micro avg     0.5398    0.5446    0.5422       112\n                  macro avg     0.3204    0.2947    0.2817       112\n               weighted avg     0.5321    0.5446    0.4865       112\n", "                             precision    recall  f1-score   support\n\n    org.ent.pressagency.AFP     0.7222    0.9286    0.8125        14\n     org.ent.pressagency.AP     1.0000    0.6250    0.7692         8\norg.ent.pressagency.ATS-SDA     0.6818    0.6250    0.6522        24\n    org.ent.pressagency.DNB     0.0000    0.0000    0.0000         3\n  org.ent.pressagency.Extel     0.0000    0.0000    0.0000         1\n  org.ent.pressagency.Havas     0.7097    0.8462    0.7719        26\norg.ent.pressagency.Reuters     0.8889    0.8421    0.8649        19\norg.ent.pressagency.Stefani     0.0000    0.0000    0.0000         1\n org.ent.pressagency.UP-UPI     0.3333    0.5000    0.4000         4\n  org.ent.pressagency.Wolff     0.0000    0.0000    0.0000         3\n     org.ent.pressagency.ag     0.0000    0.0000    0.0000         1\n    org.ent.pressagency.unk     0.0000    0.0000    0.0000         4\n     pers.ind.articleauthor     0.0000    0.0000    0.0000         4\n\n                  micro avg     0.6697    0.6518    0.6606       112\n                  macro avg     0.3335    0.3359    0.3285       112\n               weighted avg     0.6353    0.6518    0.6365       112\n"]}, "test": {"global": {"loss": 0.010804366584567276, "precision": 0.6906474820143885, "recall": 0.6037735849056604, "f1": 0.6442953020134228}, "token-level": "                             precision    recall  f1-score   support\n\n    org.ent.pressagency.AFP     0.6897    1.0000    0.8163        20\n   org.ent.pressagency.ANSA     0.0000    0.0000    0.0000         1\n     org.ent.pressagency.AP     0.7143    0.8333    0.7692         6\n    org.ent.pressagency.APA     0.0000    0.0000    0.0000         1\norg.ent.pressagency.ATS-SDA     0.6154    0.6957    0.6531        23\n    org.ent.pressagency.DNB     1.0000    0.3333    0.5000         3\n    org.ent.pressagency.DPA     0.5000    0.5000    0.5000         2\n  org.ent.pressagency.Extel     0.0000    0.0000    0.0000         0\n  org.ent.pressagency.Havas     0.7742    0.7059    0.7385        34\n   org.ent.pressagency.Kipa     0.0000    0.0000    0.0000         1\norg.ent.pressagency.Reuters     0.8696    0.7143    0.7843        28\norg.ent.pressagency.Stefani     1.0000    1.0000    1.0000         2\n org.ent.pressagency.UP-UPI     0.5000    0.3571    0.4167        14\n  org.ent.pressagency.Wolff     0.6667    0.5000    0.5714         4\n org.ent.pressagency.Xinhua     0.0000    0.0000    0.0000         1\n     org.ent.pressagency.ag     0.0000    0.0000    0.0000         3\n    org.ent.pressagency.unk     0.0000    0.0000    0.0000         7\n     pers.ind.articleauthor     0.0000    0.0000    0.0000         9\n\n                  micro avg     0.6906    0.6038    0.6443       159\n                  macro avg     0.4072    0.3689    0.3750       159\n               weighted avg     0.6199    0.6038    0.6016       159\n"}}