{
    "NE-COARSE-LIT": {
        "TIME-ALL": {
            "LED-ALL": {
                "ORG": {
                    "partial": {
                        "correct": 47,
                        "incorrect": 0,
                        "partial": 1,
                        "missed": 8,
                        "spurious": 11,
                        "possible": 56,
                        "actual": 59,
                        "TP": 47,
                        "FP": 12,
                        "FN": 9,
                        "P_micro": 0.8050847457627118,
                        "R_micro": 0.8482142857142857,
                        "F1_micro": 0.8260869565217391,
                        "P_macro_doc": 0.6970494417862839,
                        "R_macro_doc": 0.9392857142857143,
                        "F1_macro_doc": 0.9336752244757553,
                        "P_macro_doc_std": 0.4241103900497989,
                        "R_macro_doc_std": 0.13910244352964607,
                        "F1_macro_doc_std": 0.098482110226967
                    },
                    "strict": {
                        "correct": 47,
                        "incorrect": 1,
                        "partial": 0,
                        "missed": 8,
                        "spurious": 11,
                        "possible": 56,
                        "actual": 59,
                        "TP": 47,
                        "FP": 12,
                        "FN": 9,
                        "P_micro": 0.7966101694915254,
                        "R_micro": 0.8392857142857143,
                        "F1_micro": 0.8173913043478261,
                        "P_macro_doc": 0.6926634768740032,
                        "R_macro_doc": 0.9360389610389611,
                        "F1_macro_doc": 0.9294735438034865,
                        "P_macro_doc_std": 0.4222433142763643,
                        "R_macro_doc_std": 0.14946247930676856,
                        "F1_macro_doc_std": 0.11107101685548695
                    },
                    "ent_type": {
                        "correct": 48,
                        "incorrect": 0,
                        "partial": 0,
                        "missed": 8,
                        "spurious": 11,
                        "possible": 56,
                        "actual": 59,
                        "TP": 48,
                        "FP": 11,
                        "FN": 8,
                        "P_micro": 0.8135593220338984,
                        "R_micro": 0.8571428571428571,
                        "F1_micro": 0.8347826086956522,
                        "P_macro_doc": 0.7014354066985646,
                        "R_macro_doc": 0.9425324675324676,
                        "F1_macro_doc": 0.9378769051480242,
                        "P_macro_doc_std": 0.42678138457636583,
                        "R_macro_doc_std": 0.12897295625086827,
                        "F1_macro_doc_std": 0.08671613700151638
                    },
                    "exact": {
                        "correct": 47,
                        "incorrect": 1,
                        "partial": 0,
                        "missed": 8,
                        "spurious": 11,
                        "possible": 56,
                        "actual": 59,
                        "TP": 47,
                        "FP": 12,
                        "FN": 9,
                        "P_micro": 0.7966101694915254,
                        "R_micro": 0.8392857142857143,
                        "F1_micro": 0.8173913043478261,
                        "P_macro_doc": 0.6926634768740032,
                        "R_macro_doc": 0.9360389610389611,
                        "F1_macro_doc": 0.9294735438034865,
                        "P_macro_doc_std": 0.4222433142763643,
                        "R_macro_doc_std": 0.14946247930676856,
                        "F1_macro_doc_std": 0.11107101685548695
                    }
                },
                "PERS": {
                    "partial": {
                        "correct": 0,
                        "incorrect": 0,
                        "partial": 0,
                        "missed": 2,
                        "spurious": 0,
                        "possible": 2,
                        "actual": 0,
                        "TP": 0,
                        "FP": 0,
                        "FN": 2,
                        "P_micro": 0,
                        "R_micro": 0.0,
                        "F1_micro": 0,
                        "P_macro_doc": null,
                        "R_macro_doc": 0.0,
                        "F1_macro_doc": null,
                        "P_macro_doc_std": null,
                        "R_macro_doc_std": 0.0,
                        "F1_macro_doc_std": null
                    },
                    "strict": {
                        "correct": 0,
                        "incorrect": 0,
                        "partial": 0,
                        "missed": 2,
                        "spurious": 0,
                        "possible": 2,
                        "actual": 0,
                        "TP": 0,
                        "FP": 0,
                        "FN": 2,
                        "P_micro": 0,
                        "R_micro": 0.0,
                        "F1_micro": 0,
                        "P_macro_doc": null,
                        "R_macro_doc": 0.0,
                        "F1_macro_doc": null,
                        "P_macro_doc_std": null,
                        "R_macro_doc_std": 0.0,
                        "F1_macro_doc_std": null
                    },
                    "ent_type": {
                        "correct": 0,
                        "incorrect": 0,
                        "partial": 0,
                        "missed": 2,
                        "spurious": 0,
                        "possible": 2,
                        "actual": 0,
                        "TP": 0,
                        "FP": 0,
                        "FN": 2,
                        "P_micro": 0,
                        "R_micro": 0.0,
                        "F1_micro": 0,
                        "P_macro_doc": null,
                        "R_macro_doc": 0.0,
                        "F1_macro_doc": null,
                        "P_macro_doc_std": null,
                        "R_macro_doc_std": 0.0,
                        "F1_macro_doc_std": null
                    },
                    "exact": {
                        "correct": 0,
                        "incorrect": 0,
                        "partial": 0,
                        "missed": 2,
                        "spurious": 0,
                        "possible": 2,
                        "actual": 0,
                        "TP": 0,
                        "FP": 0,
                        "FN": 2,
                        "P_micro": 0,
                        "R_micro": 0.0,
                        "F1_micro": 0,
                        "P_macro_doc": null,
                        "R_macro_doc": 0.0,
                        "F1_macro_doc": null,
                        "P_macro_doc_std": null,
                        "R_macro_doc_std": 0.0,
                        "F1_macro_doc_std": null
                    }
                },
                "ALL": {
                    "partial": {
                        "correct": 47,
                        "incorrect": 0,
                        "partial": 1,
                        "missed": 10,
                        "spurious": 11,
                        "possible": 58,
                        "actual": 59,
                        "TP": 47,
                        "FP": 12,
                        "FN": 11,
                        "P_micro": 0.8050847457627118,
                        "R_micro": 0.8189655172413793,
                        "F1_micro": 0.811965811965812,
                        "P_macro_doc": 0.6970494417862839,