{"dev": {"global": [{"loss": 0.007329883976719144, "precision": 0.8387096774193549, "recall": 0.6964285714285714, "f1": 0.7609756097560976}, {"loss": 0.00486239819351948, "precision": 0.7209302325581395, "recall": 0.8303571428571429, "f1": 0.7717842323651453}, {"loss": 0.004271457339445681, "precision": 0.7384615384615385, "recall": 0.8571428571428571, "f1": 0.793388429752066}], "sent-level": [null, null, null], "token-level": ["                             precision    recall  f1-score   support\n\n    org.ent.pressagency.AFP     0.6842    0.9286    0.7879        14\n     org.ent.pressagency.AP     1.0000    0.3750    0.5455         8\norg.ent.pressagency.ATS-SDA     0.8400    0.8750    0.8571        24\n    org.ent.pressagency.DNB     0.0000    0.0000    0.0000         3\n  org.ent.pressagency.Extel     0.0000    0.0000    0.0000         1\n  org.ent.pressagency.Havas     0.9500    0.7308    0.8261        26\norg.ent.pressagency.Reuters     0.8095    0.8947    0.8500        19\norg.ent.pressagency.Stefani     0.0000    0.0000    0.0000         1\n org.ent.pressagency.UP-UPI     1.0000    0.7500    0.8571         4\n  org.ent.pressagency.Wolff     1.0000    0.6667    0.8000         3\n     org.ent.pressagency.ag     0.0000    0.0000    0.0000         1\n    org.ent.pressagency.unk     0.0000    0.0000    0.0000         4\n     pers.ind.articleauthor     0.0000    0.0000    0.0000         4\n\n                  micro avg     0.8387    0.6964    0.7610       112\n                  macro avg     0.4834    0.4016    0.4249       112\n               weighted avg     0.7573    0.6964    0.7091       112\n", "                             precision    recall  f1-score   support\n\n    org.ent.pressagency.AFP     0.7000    1.0000    0.8235        14\n     org.ent.pressagency.AP     0.8571    0.7500    0.8000         8\norg.ent.pressagency.ATS-SDA     0.8214    0.9583    0.8846        24\n    org.ent.pressagency.DNB     1.0000    0.3333    0.5000         3\n    org.ent.pressagency.DPA     0.0000    0.0000    0.0000         0\n  org.ent.pressagency.Extel     0.0000    0.0000    0.0000         1\n  org.ent.pressagency.Havas     0.7419    0.8846    0.8070        26\norg.ent.pressagency.Reuters     0.9000    0.9474    0.9231        19\norg.ent.pressagency.Stefani     1.0000    1.0000    1.0000         1\n org.ent.pressagency.UP-UPI     0.6667    1.0000    0.8000         4\n  org.ent.pressagency.Wolff     0.6000    1.0000    0.7500         3\n     org.ent.pressagency.ag     0.0000    0.0000    0.0000         1\n    org.ent.pressagency.unk     0.0000    0.0000    0.0000         4\n     pers.ind.articleauthor     0.0000    0.0000    0.0000         4\n\n                  micro avg     0.7209    0.8304    0.7718       112\n                  macro avg     0.5205    0.5624    0.5206       112\n               weighted avg     0.7253    0.8304    0.7646       112\n", "                             precision    recall  f1-score   support\n\n    org.ent.pressagency.AFP     0.6667    1.0000    0.8000        14\n     org.ent.pressagency.AP     1.0000    0.7500    0.8571         8\norg.ent.pressagency.ATS-SDA     0.8276    1.0000    0.9057        24\n    org.ent.pressagency.DNB     0.5000    0.3333    0.4000         3\n    org.ent.pressagency.DPA     0.0000    0.0000    0.0000         0\n  org.ent.pressagency.Extel     0.0000    0.0000    0.0000         1\n  org.ent.pressagency.Havas     0.8065    0.9615    0.8772        26\norg.ent.pressagency.Reuters     0.8182    0.9474    0.8780        19\norg.ent.pressagency.Stefani     0.0000    0.0000    0.0000         1\n org.ent.pressagency.UP-UPI     1.0000    1.0000    1.0000         4\n  org.ent.pressagency.Wolff     0.6000    1.0000    0.7500         3\n     org.ent.pressagency.ag     0.0000    0.0000    0.0000         1\n    org.ent.pressagency.unk     0.0000    0.0000    0.0000         4\n     pers.ind.articleauthor     0.2000    0.2500    0.2222         4\n\n                  micro avg     0.7385    0.8571    0.7934       112\n                  macro avg     0.4585    0.5173    0.4779       112\n               weighted avg     0.7304    0.8571    0.7823       112\n"]}, "test": {"global": {"loss": 0.005824471012843053, "precision": 0.8098159509202454, "recall": 0.8354430379746836, "f1": 0.8224299065420562}, "token-level": "                             precision    recall  f1-score   support\n\n    org.ent.pressagency.AFP     0.8696    1.0000    0.9302        20\n   org.ent.pressagency.ANSA     0.0000    0.0000    0.0000         1\n     org.ent.pressagency.AP     0.8571    1.0000    0.9231         6\n    org.ent.pressagency.APA     0.0000    0.0000    0.0000         1\norg.ent.pressagency.ATS-SDA     0.8214    1.0000    0.9020        23\n    org.ent.pressagency.DNB     0.5000    0.3333    0.4000         3\n    org.ent.pressagency.DPA     1.0000    1.0000    1.0000         2\n  org.ent.pressagency.Havas     0.8108    0.9091    0.8571        33\n   org.ent.pressagency.Kipa     1.0000    1.0000    1.0000         1\norg.ent.pressagency.Reuters     0.9259    0.8929    0.9091        28\norg.ent.pressagency.Stefani     1.0000    1.0000    1.0000         2\n org.ent.pressagency.UP-UPI     1.0000    1.0000    1.0000        14\n  org.ent.pressagency.Wolff     0.5714    1.0000    0.7273         4\n org.ent.pressagency.Xinhua     0.0000    0.0000    0.0000         1\n     org.ent.pressagency.ag     0.0000    0.0000    0.0000         3\n    org.ent.pressagency.unk     0.2857    0.2857    0.2857         7\n     pers.ind.articleauthor     0.3333    0.2222    0.2667         9\n\n                  micro avg     0.8098    0.8354    0.8224       158\n                  macro avg     0.5868    0.6261    0.6001       158\n               weighted avg     0.7715    0.8354    0.7983       158\n"}}