{
    "NE-COARSE-LIT": {
        "TIME-ALL": {
            "LED-ALL": {
                "PERS": {
                    "partial": {
                        "correct": 2,
                        "incorrect": 0,
                        "partial": 0,
                        "missed": 7,
                        "spurious": 3,
                        "possible": 9,
                        "actual": 5,
                        "TP": 2,
                        "FP": 3,
                        "FN": 7,
                        "P_micro": 0.4,
                        "R_micro": 0.2222222222222222,
                        "F1_micro": 0.2857142857142857,
                        "P_macro_doc": 0.4,
                        "R_macro_doc": 0.2222222222222222,
                        "F1_macro_doc": 1.0,
                        "P_macro_doc_std": 0.48989794855663565,
                        "R_macro_doc_std": 0.41573970964154905,
                        "F1_macro_doc_std": 0.0
                    },
                    "strict": {
                        "correct": 2,
                        "incorrect": 0,
                        "partial": 0,
                        "missed": 7,
                        "spurious": 3,
                        "possible": 9,
                        "actual": 5,
                        "TP": 2,
                        "FP": 3,
                        "FN": 7,
                        "P_micro": 0.4,
                        "R_micro": 0.2222222222222222,
                        "F1_micro": 0.2857142857142857,
                        "P_macro_doc": 0.4,
                        "R_macro_doc": 0.2222222222222222,
                        "F1_macro_doc": 1.0,
                        "P_macro_doc_std": 0.48989794855663565,
                        "R_macro_doc_std": 0.41573970964154905,
                        "F1_macro_doc_std": 0.0
                    },
                    "ent_type": {
                        "correct": 2,
                        "incorrect": 0,
                        "partial": 0,
                        "missed": 7,
                        "spurious": 3,
                        "possible": 9,
                        "actual": 5,
                        "TP": 2,
                        "FP": 3,
                        "FN": 7,
                        "P_micro": 0.4,
                        "R_micro": 0.2222222222222222,
                        "F1_micro": 0.2857142857142857,
                        "P_macro_doc": 0.4,
                        "R_macro_doc": 0.2222222222222222,
                        "F1_macro_doc": 1.0,
                        "P_macro_doc_std": 0.48989794855663565,
                        "R_macro_doc_std": 0.41573970964154905,
                        "F1_macro_doc_std": 0.0
                    },
                    "exact": {
                        "correct": 2,
                        "incorrect": 0,
                        "partial": 0,
                        "missed": 7,
                        "spurious": 3,
                        "possible": 9,
                        "actual": 5,
                        "TP": 2,
                        "FP": 3,
                        "FN": 7,
                        "P_micro": 0.4,
                        "R_micro": 0.2222222222222222,
                        "F1_micro": 0.2857142857142857,
                        "P_macro_doc": 0.4,
                        "R_macro_doc": 0.2222222222222222,
                        "F1_macro_doc": 1.0,
                        "P_macro_doc_std": 0.48989794855663565,
                        "R_macro_doc_std": 0.41573970964154905,
                        "F1_macro_doc_std": 0.0
                    }
                },
                "ORG": {
                    "partial": {
                        "correct": 132,
                        "incorrect": 0,
                        "partial": 9,
                        "missed": 13,
                        "spurious": 16,
                        "possible": 154,
                        "actual": 157,
                        "TP": 132,
                        "FP": 25,
                        "FN": 22,
                        "P_micro": 0.8694267515923567,
                        "R_micro": 0.8863636363636364,
                        "F1_micro": 0.8778135048231511,
                        "P_macro_doc": 0.8948183760683761,
                        "R_macro_doc": 0.9109966422466422,
                        "F1_macro_doc": 0.9301655566655567,
                        "P_macro_doc_std": 0.26528604433251063,
                        "R_macro_doc_std": 0.23591838599347012,
                        "F1_macro_doc_std": 0.1801322041825118
                    },
                    "strict": {
                        "correct": 132,
                        "incorrect": 9,
                        "partial": 0,
                        "missed": 13,
                        "spurious": 16,
                        "possible": 154,
                        "actual": 157,
                        "TP": 132,
                        "FP": 25,
                        "FN": 22,
                        "P_micro": 0.8407643312101911,
                        "R_micro": 0.8571428571428571,
                        "F1_micro": 0.8488745980707396,
                        "P_macro_doc": 0.8787393162393163,
                        "R_macro_doc": 0.8917124542124543,
                        "F1_macro_doc": 0.9123322233322233,
                        "P_macro_doc_std": 0.2858817252272444,
                        "R_macro_doc_std": 0.26618030569406603,
                        "F1_macro_doc_std": 0.21634522545874615
                    },
                    "ent_type": {
                        "correct": 140,
                        "incorrect": 1,
                        "partial": 0,
                        "missed": 13,
                        "spurious": 16,
                        "possible": 154,
                        "actual": 157,
                        "TP": 140,
                        "FP": 17,
                        "FN": 14,
                        "P_micro": 0.89171974522293,
                        "R_micro": 0.9090909090909091,
                        "F1_micro": 0.9003215434083601,
                        "P_macro_doc": 0.9083333333333332,
                        "R_macro_doc": 0.9277167277167276,
                        "F1_macro_doc": 0.9453322233322232,
                        "P_macro_doc_std": 0.25800226925391745,
                        "R_macro_doc_std": 0.22952904506381067,
                        "F1_macro_doc_std": 0.1653097995851092
                    },
                    "exact": {
                        "correct": 132,
                        "incorrect": 9,
                        "partial": 0,
                        "missed": 13,
                        "spurious": 16,
                        "possible": 154,
                        "actual": 157,
                        "TP": 132,
                        "FP": 25,
                        "FN": 22,
                        "P_micro": 0.8407643312101911,
                        "R_micro": 0.8571428571428571,
                        "F1_micro": 0.8488745980707396,
                        "P_macro_doc": 0.8787393162393163,
                        "R_macro_doc": 0.8917124542124543,
                        "F1_macro_doc": 0.9123322233322233,
                        "P_macro_doc_std": 0.2858817252272444,
                        "R_macro_doc_std": 0.26618030569406603,
                        "F1_macro_doc_std": 0.21634522545874615
                    }
                },
                "ALL": {
                    "partial": {
                        "correct": 134,
                        "incorrect": 0,
                        "partial": 9,
                        "missed": 20,
                        "spurious": 19,
                        "possible": 163,
                        "actual": 162,
                        "TP": 134,