{
    "NE-COARSE-LIT": {
        "TIME-ALL": {
            "LED-ALL": {
                "ORG": {
                    "partial": {
                        "correct": 97,
                        "incorrect": 0,
                        "partial": 4,
                        "missed": 9,
                        "spurious": 22,
                        "possible": 110,
                        "actual": 123,
                        "TP": 97,
                        "FP": 26,
                        "FN": 13,
                        "P_micro": 0.8048780487804879,
                        "R_micro": 0.9,
                        "F1_micro": 0.8497854077253219,
                        "P_macro_doc": 0.8664215686274509,
                        "R_macro_doc": 0.9093434343434343,
                        "F1_macro_doc": 0.9318261984928652,
                        "P_macro_doc_std": 0.2925894735934123,
                        "R_macro_doc_std": 0.23712874204113255,
                        "F1_macro_doc_std": 0.1459813417768125
                    },
                    "strict": {
                        "correct": 97,
                        "incorrect": 4,
                        "partial": 0,
                        "missed": 9,
                        "spurious": 22,
                        "possible": 110,
                        "actual": 123,
                        "TP": 97,
                        "FP": 26,
                        "FN": 13,
                        "P_micro": 0.7886178861788617,
                        "R_micro": 0.8818181818181818,
                        "F1_micro": 0.832618025751073,
                        "P_macro_doc": 0.8529411764705882,
                        "R_macro_doc": 0.892929292929293,
                        "F1_macro_doc": 0.9163059163059162,
                        "P_macro_doc_std": 0.31380207398586707,
                        "R_macro_doc_std": 0.2640346849673921,
                        "F1_macro_doc_std": 0.19266370842987524
                    },
                    "ent_type": {
                        "correct": 101,
                        "incorrect": 0,
                        "partial": 0,
                        "missed": 9,
                        "spurious": 22,
                        "possible": 110,
                        "actual": 123,
                        "TP": 101,
                        "FP": 22,
                        "FN": 9,
                        "P_micro": 0.8211382113821138,
                        "R_micro": 0.9181818181818182,
                        "F1_micro": 0.8669527896995709,
                        "P_macro_doc": 0.8799019607843137,
                        "R_macro_doc": 0.9257575757575758,
                        "F1_macro_doc": 0.9473464806798139,
                        "P_macro_doc_std": 0.2856102116568861,
                        "R_macro_doc_std": 0.2309980872532536,
                        "F1_macro_doc_std": 0.12449960308775712
                    },
                    "exact": {
                        "correct": 97,
                        "incorrect": 4,
                        "partial": 0,
                        "missed": 9,
                        "spurious": 22,
                        "possible": 110,
                        "actual": 123,
                        "TP": 97,
                        "FP": 26,
                        "FN": 13,
                        "P_micro": 0.7886178861788617,
                        "R_micro": 0.8818181818181818,
                        "F1_micro": 0.832618025751073,
                        "P_macro_doc": 0.8529411764705882,
                        "R_macro_doc": 0.892929292929293,
                        "F1_macro_doc": 0.9163059163059162,
                        "P_macro_doc_std": 0.31380207398586707,
                        "R_macro_doc_std": 0.2640346849673921,
                        "F1_macro_doc_std": 0.19266370842987524
                    }
                },
                "PERS": {
                    "partial": {
                        "correct": 1,
                        "incorrect": 0,
                        "partial": 0,
                        "missed": 3,
                        "spurious": 4,
                        "possible": 4,
                        "actual": 5,
                        "TP": 1,
                        "FP": 4,
                        "FN": 3,
                        "P_micro": 0.2,
                        "R_micro": 0.25,
                        "F1_micro": 0.22222222222222224,
                        "P_macro_doc": 0.2,
                        "R_macro_doc": 0.16666666666666666,
                        "F1_macro_doc": 0.6666666666666666,
                        "P_macro_doc_std": 0.4000000000000001,
                        "R_macro_doc_std": 0.23570226039551584,
                        "F1_macro_doc_std": 0.0
                    },
                    "strict": {
                        "correct": 1,
                        "incorrect": 0,
                        "partial": 0,
                        "missed": 3,
                        "spurious": 4,
                        "possible": 4,
                        "actual": 5,
                        "TP": 1,
                        "FP": 4,
                        "FN": 3,
                        "P_micro": 0.2,
                        "R_micro": 0.25,
                        "F1_micro": 0.22222222222222224,
                        "P_macro_doc": 0.2,
                        "R_macro_doc": 0.16666666666666666,
                        "F1_macro_doc": 0.6666666666666666,
                        "P_macro_doc_std": 0.4000000000000001,
                        "R_macro_doc_std": 0.23570226039551584,
                        "F1_macro_doc_std": 0.0
                    },
                    "ent_type": {
                        "correct": 1,
                        "incorrect": 0,
                        "partial": 0,
                        "missed": 3,
                        "spurious": 4,
                        "possible": 4,
                        "actual": 5,
                        "TP": 1,
                        "FP": 4,
                        "FN": 3,
                        "P_micro": 0.2,
                        "R_micro": 0.25,
                        "F1_micro": 0.22222222222222224,
                        "P_macro_doc": 0.2,
                        "R_macro_doc": 0.16666666666666666,
                        "F1_macro_doc": 0.6666666666666666,
                        "P_macro_doc_std": 0.4000000000000001,
                        "R_macro_doc_std": 0.23570226039551584,
                        "F1_macro_doc_std": 0.0
                    },
                    "exact": {
                        "correct": 1,
                        "incorrect": 0,
                        "partial": 0,
                        "missed": 3,
                        "spurious": 4,
                        "possible": 4,
                        "actual": 5,
                        "TP": 1,
                        "FP": 4,
                        "FN": 3,
                        "P_micro": 0.2,
                        "R_micro": 0.25,
                        "F1_micro": 0.22222222222222224,
                        "P_macro_doc": 0.2,
                        "R_macro_doc": 0.16666666666666666,
                        "F1_macro_doc": 0.6666666666666666,
                        "P_macro_doc_std": 0.4000000000000001,
                        "R_macro_doc_std": 0.23570226039551584,
                        "F1_macro_doc_std": 0.0
                    }
                },
                "ALL": {
                    "partial": {
                        "correct": 98,
                        "incorrect": 0,
                        "partial": 4,
                        "missed": 12,
                        "spurious": 26,
                        "possible": 114,
                        "actual": 128,
                        "TP": 98,