{
    "NE-COARSE-LIT": {
        "TIME-ALL": {
            "LED-ALL": {
                "ORG": {
                    "partial": {
                        "correct": 46,
                        "incorrect": 0,
                        "partial": 0,
                        "missed": 10,
                        "spurious": 11,
                        "possible": 56,
                        "actual": 57,
                        "TP": 46,
                        "FP": 11,
                        "FN": 10,
                        "P_micro": 0.8070175438596491,
                        "R_micro": 0.8214285714285714,
                        "F1_micro": 0.8141592920353982,
                        "P_macro_doc": 0.7491978609625667,
                        "R_macro_doc": 0.9295454545454546,
                        "F1_macro_doc": 0.8996658312447786,
                        "P_macro_doc_std": 0.3751785680634893,
                        "R_macro_doc_std": 0.16403720745895642,
                        "F1_macro_doc_std": 0.14370346852997254
                    },
                    "strict": {
                        "correct": 46,
                        "incorrect": 0,
                        "partial": 0,
                        "missed": 10,
                        "spurious": 11,
                        "possible": 56,
                        "actual": 57,
                        "TP": 46,
                        "FP": 11,
                        "FN": 10,
                        "P_micro": 0.8070175438596491,
                        "R_micro": 0.8214285714285714,
                        "F1_micro": 0.8141592920353982,
                        "P_macro_doc": 0.7491978609625667,
                        "R_macro_doc": 0.9295454545454546,
                        "F1_macro_doc": 0.8996658312447786,
                        "P_macro_doc_std": 0.3751785680634893,
                        "R_macro_doc_std": 0.16403720745895642,
                        "F1_macro_doc_std": 0.14370346852997254
                    },
                    "ent_type": {
                        "correct": 46,
                        "incorrect": 0,
                        "partial": 0,
                        "missed": 10,
                        "spurious": 11,
                        "possible": 56,
                        "actual": 57,
                        "TP": 46,
                        "FP": 11,
                        "FN": 10,
                        "P_micro": 0.8070175438596491,
                        "R_micro": 0.8214285714285714,
                        "F1_micro": 0.8141592920353982,
                        "P_macro_doc": 0.7491978609625667,
                        "R_macro_doc": 0.9295454545454546,
                        "F1_macro_doc": 0.8996658312447786,
                        "P_macro_doc_std": 0.3751785680634893,
                        "R_macro_doc_std": 0.16403720745895642,
                        "F1_macro_doc_std": 0.14370346852997254
                    },
                    "exact": {
                        "correct": 46,
                        "incorrect": 0,
                        "partial": 0,
                        "missed": 10,
                        "spurious": 11,
                        "possible": 56,
                        "actual": 57,
                        "TP": 46,
                        "FP": 11,
                        "FN": 10,
                        "P_micro": 0.8070175438596491,
                        "R_micro": 0.8214285714285714,
                        "F1_micro": 0.8141592920353982,
                        "P_macro_doc": 0.7491978609625667,
                        "R_macro_doc": 0.9295454545454546,
                        "F1_macro_doc": 0.8996658312447786,
                        "P_macro_doc_std": 0.3751785680634893,
                        "R_macro_doc_std": 0.16403720745895642,
                        "F1_macro_doc_std": 0.14370346852997254
                    }
                },
                "PERS": {
                    "partial": {
                        "correct": 0,
                        "incorrect": 0,
                        "partial": 0,
                        "missed": 2,
                        "spurious": 0,
                        "possible": 2,
                        "actual": 0,
                        "TP": 0,
                        "FP": 0,
                        "FN": 2,
                        "P_micro": 0,
                        "R_micro": 0.0,
                        "F1_micro": 0,
                        "P_macro_doc": null,
                        "R_macro_doc": 0.0,
                        "F1_macro_doc": null,
                        "P_macro_doc_std": null,
                        "R_macro_doc_std": 0.0,
                        "F1_macro_doc_std": null
                    },
                    "strict": {
                        "correct": 0,
                        "incorrect": 0,
                        "partial": 0,
                        "missed": 2,
                        "spurious": 0,
                        "possible": 2,
                        "actual": 0,
                        "TP": 0,
                        "FP": 0,
                        "FN": 2,
                        "P_micro": 0,
                        "R_micro": 0.0,
                        "F1_micro": 0,
                        "P_macro_doc": null,
                        "R_macro_doc": 0.0,
                        "F1_macro_doc": null,
                        "P_macro_doc_std": null,
                        "R_macro_doc_std": 0.0,
                        "F1_macro_doc_std": null
                    },
                    "ent_type": {
                        "correct": 0,
                        "incorrect": 0,
                        "partial": 0,
                        "missed": 2,
                        "spurious": 0,
                        "possible": 2,
                        "actual": 0,
                        "TP": 0,
                        "FP": 0,
                        "FN": 2,
                        "P_micro": 0,
                        "R_micro": 0.0,
                        "F1_micro": 0,
                        "P_macro_doc": null,
                        "R_macro_doc": 0.0,
                        "F1_macro_doc": null,
                        "P_macro_doc_std": null,
                        "R_macro_doc_std": 0.0,
                        "F1_macro_doc_std": null
                    },
                    "exact": {
                        "correct": 0,
                        "incorrect": 0,
                        "partial": 0,
                        "missed": 2,
                        "spurious": 0,
                        "possible": 2,
                        "actual": 0,
                        "TP": 0,
                        "FP": 0,
                        "FN": 2,
                        "P_micro": 0,
                        "R_micro": 0.0,
                        "F1_micro": 0,
                        "P_macro_doc": null,
                        "R_macro_doc": 0.0,
                        "F1_macro_doc": null,
                        "P_macro_doc_std": null,
                        "R_macro_doc_std": 0.0,
                        "F1_macro_doc_std": null
                    }
                },
                "ALL": {
                    "partial": {
                        "correct": 46,
                        "incorrect": 0,
                        "partial": 0,
                        "missed": 12,
                        "spurious": 11,
                        "possible": 58,
                        "actual": 57,
                        "TP": 46,
                        "FP": 11,
                        "FN": 12,
                        "P_micro": 0.8070175438596491,
                        "R_micro": 0.7931034482758621,
                        "F1_micro": 0.8,
                        "P_macro_doc": 0.7491978609625667,