{
    "NE-COARSE-LIT": {
        "TIME-ALL": {
            "LED-ALL": {
                "ORG": {
                    "partial": {
                        "correct": 130,
                        "incorrect": 0,
                        "partial": 5,
                        "missed": 19,
                        "spurious": 14,
                        "possible": 154,
                        "actual": 149,
                        "TP": 130,
                        "FP": 19,
                        "FN": 24,
                        "P_micro": 0.889261744966443,
                        "R_micro": 0.8603896103896104,
                        "F1_micro": 0.8745874587458746,
                        "P_macro_doc": 0.8753205128205129,
                        "R_macro_doc": 0.8734432234432236,
                        "F1_macro_doc": 0.9247488052282573,
                        "P_macro_doc_std": 0.30224834811492113,
                        "R_macro_doc_std": 0.28419757350981234,
                        "F1_macro_doc_std": 0.1908220241557266
                    },
                    "strict": {
                        "correct": 130,
                        "incorrect": 5,
                        "partial": 0,
                        "missed": 19,
                        "spurious": 14,
                        "possible": 154,
                        "actual": 149,
                        "TP": 130,
                        "FP": 19,
                        "FN": 24,
                        "P_micro": 0.87248322147651,
                        "R_micro": 0.8441558441558441,
                        "F1_micro": 0.8580858085808581,
                        "P_macro_doc": 0.8564102564102564,
                        "R_macro_doc": 0.8513278388278388,
                        "F1_macro_doc": 0.9034017732647869,
                        "P_macro_doc_std": 0.3360173009853401,
                        "R_macro_doc_std": 0.3245219249823019,
                        "F1_macro_doc_std": 0.25062344596226677
                    },
                    "ent_type": {
                        "correct": 135,
                        "incorrect": 0,
                        "partial": 0,
                        "missed": 19,
                        "spurious": 14,
                        "possible": 154,
                        "actual": 149,
                        "TP": 135,
                        "FP": 14,
                        "FN": 19,
                        "P_micro": 0.9060402684563759,
                        "R_micro": 0.8766233766233766,
                        "F1_micro": 0.8910891089108911,
                        "P_macro_doc": 0.8942307692307693,
                        "R_macro_doc": 0.8955586080586081,
                        "F1_macro_doc": 0.9460958371917276,
                        "P_macro_doc_std": 0.290112795176375,
                        "R_macro_doc_std": 0.27410159033278025,
                        "F1_macro_doc_std": 0.16293376431674791
                    },
                    "exact": {
                        "correct": 130,
                        "incorrect": 5,
                        "partial": 0,
                        "missed": 19,
                        "spurious": 14,
                        "possible": 154,
                        "actual": 149,
                        "TP": 130,
                        "FP": 19,
                        "FN": 24,
                        "P_micro": 0.87248322147651,
                        "R_micro": 0.8441558441558441,
                        "F1_micro": 0.8580858085808581,
                        "P_macro_doc": 0.8564102564102564,
                        "R_macro_doc": 0.8513278388278388,
                        "F1_macro_doc": 0.9034017732647869,
                        "P_macro_doc_std": 0.3360173009853401,
                        "R_macro_doc_std": 0.3245219249823019,
                        "F1_macro_doc_std": 0.25062344596226677
                    }
                },
                "PERS": {
                    "partial": {
                        "correct": 0,
                        "incorrect": 0,
                        "partial": 4,
                        "missed": 5,
                        "spurious": 3,
                        "possible": 9,
                        "actual": 7,
                        "TP": 0,
                        "FP": 7,
                        "FN": 9,
                        "P_micro": 0.2857142857142857,
                        "R_micro": 0.2222222222222222,
                        "F1_micro": 0.25,
                        "P_macro_doc": 0.2857142857142857,
                        "R_macro_doc": 0.2222222222222222,
                        "F1_macro_doc": 0.5,
                        "P_macro_doc_std": 0.24743582965269675,
                        "R_macro_doc_std": 0.24845199749997665,
                        "F1_macro_doc_std": 0.0
                    },
                    "strict": {
                        "correct": 0,
                        "incorrect": 4,
                        "partial": 0,
                        "missed": 5,
                        "spurious": 3,
                        "possible": 9,
                        "actual": 7,
                        "TP": 0,
                        "FP": 7,
                        "FN": 9,
                        "P_micro": 0.0,
                        "R_micro": 0.0,
                        "F1_micro": 0,
                        "P_macro_doc": 0.0,
                        "R_macro_doc": 0.0,
                        "F1_macro_doc": 0.0,
                        "P_macro_doc_std": 0.0,
                        "R_macro_doc_std": 0.0,
                        "F1_macro_doc_std": 0.0
                    },
                    "ent_type": {
                        "correct": 2,
                        "incorrect": 2,
                        "partial": 0,
                        "missed": 5,
                        "spurious": 3,
                        "possible": 9,
                        "actual": 7,
                        "TP": 2,
                        "FP": 5,
                        "FN": 7,
                        "P_micro": 0.2857142857142857,
                        "R_micro": 0.2222222222222222,
                        "F1_micro": 0.25,
                        "P_macro_doc": 0.2857142857142857,
                        "R_macro_doc": 0.2222222222222222,
                        "F1_macro_doc": 0.5,
                        "P_macro_doc_std": 0.4517539514526257,
                        "R_macro_doc_std": 0.41573970964154905,
                        "F1_macro_doc_std": 0.5
                    },
                    "exact": {
                        "correct": 0,
                        "incorrect": 4,
                        "partial": 0,
                        "missed": 5,
                        "spurious": 3,
                        "possible": 9,
                        "actual": 7,
                        "TP": 0,
                        "FP": 7,
                        "FN": 9,
                        "P_micro": 0.0,
                        "R_micro": 0.0,
                        "F1_micro": 0,
                        "P_macro_doc": 0.0,
                        "R_macro_doc": 0.0,
                        "F1_macro_doc": 0.0,
                        "P_macro_doc_std": 0.0,
                        "R_macro_doc_std": 0.0,
                        "F1_macro_doc_std": 0.0
                    }
                },
                "ALL": {
                    "partial": {
                        "correct": 130,
                        "incorrect": 0,
                        "partial": 9,
                        "missed": 24,
                        "spurious": 17,
                        "possible": 163,
                        "actual": 156,
                        "TP": 130,
                        "FP": 26,
                        "FN": 33,
                        "P_micro": 0.8621794871794872,