{
    "NE-COARSE-LIT": {
        "TIME-ALL": {
            "LED-ALL": {
                "ORG": {
                    "partial": {
                        "correct": 45,
                        "incorrect": 0,
                        "partial": 0,
                        "missed": 11,
                        "spurious": 7,
                        "possible": 56,
                        "actual": 52,
                        "TP": 45,
                        "FP": 7,
                        "FN": 11,
                        "P_micro": 0.8653846153846154,
                        "R_micro": 0.8035714285714286,
                        "F1_micro": 0.8333333333333334,
                        "P_macro_doc": 0.7555555555555555,
                        "R_macro_doc": 0.9206168831168832,
                        "F1_macro_doc": 0.9320682659028525,
                        "P_macro_doc_std": 0.40855058468556077,
                        "R_macro_doc_std": 0.1700546484097833,
                        "F1_macro_doc_std": 0.12115095060368603
                    },
                    "strict": {
                        "correct": 45,
                        "incorrect": 0,
                        "partial": 0,
                        "missed": 11,
                        "spurious": 7,
                        "possible": 56,
                        "actual": 52,
                        "TP": 45,
                        "FP": 7,
                        "FN": 11,
                        "P_micro": 0.8653846153846154,
                        "R_micro": 0.8035714285714286,
                        "F1_micro": 0.8333333333333334,
                        "P_macro_doc": 0.7555555555555555,
                        "R_macro_doc": 0.9206168831168832,
                        "F1_macro_doc": 0.9320682659028525,
                        "P_macro_doc_std": 0.40855058468556077,
                        "R_macro_doc_std": 0.1700546484097833,
                        "F1_macro_doc_std": 0.12115095060368603
                    },
                    "ent_type": {
                        "correct": 45,
                        "incorrect": 0,
                        "partial": 0,
                        "missed": 11,
                        "spurious": 7,
                        "possible": 56,
                        "actual": 52,
                        "TP": 45,
                        "FP": 7,
                        "FN": 11,
                        "P_micro": 0.8653846153846154,
                        "R_micro": 0.8035714285714286,
                        "F1_micro": 0.8333333333333334,
                        "P_macro_doc": 0.7555555555555555,
                        "R_macro_doc": 0.9206168831168832,
                        "F1_macro_doc": 0.9320682659028525,
                        "P_macro_doc_std": 0.40855058468556077,
                        "R_macro_doc_std": 0.1700546484097833,
                        "F1_macro_doc_std": 0.12115095060368603
                    },
                    "exact": {
                        "correct": 45,
                        "incorrect": 0,
                        "partial": 0,
                        "missed": 11,
                        "spurious": 7,
                        "possible": 56,
                        "actual": 52,
                        "TP": 45,
                        "FP": 7,
                        "FN": 11,
                        "P_micro": 0.8653846153846154,
                        "R_micro": 0.8035714285714286,
                        "F1_micro": 0.8333333333333334,
                        "P_macro_doc": 0.7555555555555555,
                        "R_macro_doc": 0.9206168831168832,
                        "F1_macro_doc": 0.9320682659028525,
                        "P_macro_doc_std": 0.40855058468556077,
                        "R_macro_doc_std": 0.1700546484097833,
                        "F1_macro_doc_std": 0.12115095060368603
                    }
                },
                "PERS": {
                    "partial": {
                        "correct": 0,
                        "incorrect": 0,
                        "partial": 0,
                        "missed": 2,
                        "spurious": 1,
                        "possible": 2,
                        "actual": 1,
                        "TP": 0,
                        "FP": 1,
                        "FN": 2,
                        "P_micro": 0.0,
                        "R_micro": 0.0,
                        "F1_micro": 0,
                        "P_macro_doc": 0.0,
                        "R_macro_doc": 0.0,
                        "F1_macro_doc": null,
                        "P_macro_doc_std": 0.0,
                        "R_macro_doc_std": 0.0,
                        "F1_macro_doc_std": null
                    },
                    "strict": {
                        "correct": 0,
                        "incorrect": 0,
                        "partial": 0,
                        "missed": 2,
                        "spurious": 1,
                        "possible": 2,
                        "actual": 1,
                        "TP": 0,
                        "FP": 1,
                        "FN": 2,
                        "P_micro": 0.0,
                        "R_micro": 0.0,
                        "F1_micro": 0,
                        "P_macro_doc": 0.0,
                        "R_macro_doc": 0.0,
                        "F1_macro_doc": null,
                        "P_macro_doc_std": 0.0,
                        "R_macro_doc_std": 0.0,
                        "F1_macro_doc_std": null
                    },
                    "ent_type": {
                        "correct": 0,
                        "incorrect": 0,
                        "partial": 0,
                        "missed": 2,
                        "spurious": 1,
                        "possible": 2,
                        "actual": 1,
                        "TP": 0,
                        "FP": 1,
                        "FN": 2,
                        "P_micro": 0.0,
                        "R_micro": 0.0,
                        "F1_micro": 0,
                        "P_macro_doc": 0.0,
                        "R_macro_doc": 0.0,
                        "F1_macro_doc": null,
                        "P_macro_doc_std": 0.0,
                        "R_macro_doc_std": 0.0,
                        "F1_macro_doc_std": null
                    },
                    "exact": {
                        "correct": 0,
                        "incorrect": 0,
                        "partial": 0,
                        "missed": 2,
                        "spurious": 1,
                        "possible": 2,
                        "actual": 1,
                        "TP": 0,
                        "FP": 1,
                        "FN": 2,
                        "P_micro": 0.0,
                        "R_micro": 0.0,
                        "F1_micro": 0,
                        "P_macro_doc": 0.0,
                        "R_macro_doc": 0.0,
                        "F1_macro_doc": null,
                        "P_macro_doc_std": 0.0,
                        "R_macro_doc_std": 0.0,
                        "F1_macro_doc_std": null
                    }
                },
                "ALL": {
                    "partial": {
                        "correct": 45,
                        "incorrect": 0,
                        "partial": 0,
                        "missed": 13,
                        "spurious": 8,
                        "possible": 58,
                        "actual": 53,
                        "TP": 45,
                        "FP": 8,
                        "FN": 13,
                        "P_micro": 0.8490566037735849,
                        "R_micro": 0.7758620689655172,
                        "F1_micro": 0.8108108108108107,
                        "P_macro_doc": 0.7157894736842105,