{
    "NE-COARSE-LIT": {
        "TIME-ALL": {
            "LED-ALL": {
                "ORG": {
                    "partial": {
                        "correct": 46,
                        "incorrect": 0,
                        "partial": 2,
                        "missed": 8,
                        "spurious": 6,
                        "possible": 56,
                        "actual": 54,
                        "TP": 46,
                        "FP": 8,
                        "FN": 10,
                        "P_micro": 0.8703703703703703,
                        "R_micro": 0.8392857142857143,
                        "F1_micro": 0.8545454545454546,
                        "P_macro_doc": 0.792156862745098,
                        "R_macro_doc": 0.9339285714285713,
                        "F1_macro_doc": 0.9403794851273843,
                        "P_macro_doc_std": 0.3722005594297661,
                        "R_macro_doc_std": 0.1387466675459344,
                        "F1_macro_doc_std": 0.09518664322245446
                    },
                    "strict": {
                        "correct": 46,
                        "incorrect": 2,
                        "partial": 0,
                        "missed": 8,
                        "spurious": 6,
                        "possible": 56,
                        "actual": 54,
                        "TP": 46,
                        "FP": 8,
                        "FN": 10,
                        "P_micro": 0.8518518518518519,
                        "R_micro": 0.8214285714285714,
                        "F1_micro": 0.8363636363636364,
                        "P_macro_doc": 0.784313725490196,
                        "R_macro_doc": 0.9271103896103897,
                        "F1_macro_doc": 0.9326063758836868,
                        "P_macro_doc_std": 0.3699704363845023,
                        "R_macro_doc_std": 0.1491080928431586,
                        "F1_macro_doc_std": 0.10872886682786086
                    },
                    "ent_type": {
                        "correct": 48,
                        "incorrect": 0,
                        "partial": 0,
                        "missed": 8,
                        "spurious": 6,
                        "possible": 56,
                        "actual": 54,
                        "TP": 48,
                        "FP": 6,
                        "FN": 8,
                        "P_micro": 0.8888888888888888,
                        "R_micro": 0.8571428571428571,
                        "F1_micro": 0.8727272727272727,
                        "P_macro_doc": 0.7999999999999999,
                        "R_macro_doc": 0.9407467532467532,
                        "F1_macro_doc": 0.9481525943710818,
                        "P_macro_doc_std": 0.3757345746510897,
                        "R_macro_doc_std": 0.12972038851113515,
                        "F1_macro_doc_std": 0.08384296863762061
                    },
                    "exact": {
                        "correct": 46,
                        "incorrect": 2,
                        "partial": 0,
                        "missed": 8,
                        "spurious": 6,
                        "possible": 56,
                        "actual": 54,
                        "TP": 46,
                        "FP": 8,
                        "FN": 10,
                        "P_micro": 0.8518518518518519,
                        "R_micro": 0.8214285714285714,
                        "F1_micro": 0.8363636363636364,
                        "P_macro_doc": 0.784313725490196,
                        "R_macro_doc": 0.9271103896103897,
                        "F1_macro_doc": 0.9326063758836868,
                        "P_macro_doc_std": 0.3699704363845023,
                        "R_macro_doc_std": 0.1491080928431586,
                        "F1_macro_doc_std": 0.10872886682786086
                    }
                },
                "PERS": {
                    "partial": {
                        "correct": 0,
                        "incorrect": 0,
                        "partial": 0,
                        "missed": 2,
                        "spurious": 0,
                        "possible": 2,
                        "actual": 0,
                        "TP": 0,
                        "FP": 0,
                        "FN": 2,
                        "P_micro": 0,
                        "R_micro": 0.0,
                        "F1_micro": 0,
                        "P_macro_doc": null,
                        "R_macro_doc": 0.0,
                        "F1_macro_doc": null,
                        "P_macro_doc_std": null,
                        "R_macro_doc_std": 0.0,
                        "F1_macro_doc_std": null
                    },
                    "strict": {
                        "correct": 0,
                        "incorrect": 0,
                        "partial": 0,
                        "missed": 2,
                        "spurious": 0,
                        "possible": 2,
                        "actual": 0,
                        "TP": 0,
                        "FP": 0,
                        "FN": 2,
                        "P_micro": 0,
                        "R_micro": 0.0,
                        "F1_micro": 0,
                        "P_macro_doc": null,
                        "R_macro_doc": 0.0,
                        "F1_macro_doc": null,
                        "P_macro_doc_std": null,
                        "R_macro_doc_std": 0.0,
                        "F1_macro_doc_std": null
                    },
                    "ent_type": {
                        "correct": 0,
                        "incorrect": 0,
                        "partial": 0,
                        "missed": 2,
                        "spurious": 0,
                        "possible": 2,
                        "actual": 0,
                        "TP": 0,
                        "FP": 0,
                        "FN": 2,
                        "P_micro": 0,
                        "R_micro": 0.0,
                        "F1_micro": 0,
                        "P_macro_doc": null,
                        "R_macro_doc": 0.0,
                        "F1_macro_doc": null,
                        "P_macro_doc_std": null,
                        "R_macro_doc_std": 0.0,
                        "F1_macro_doc_std": null
                    },
                    "exact": {
                        "correct": 0,
                        "incorrect": 0,
                        "partial": 0,
                        "missed": 2,
                        "spurious": 0,
                        "possible": 2,
                        "actual": 0,
                        "TP": 0,
                        "FP": 0,
                        "FN": 2,
                        "P_micro": 0,
                        "R_micro": 0.0,
                        "F1_micro": 0,
                        "P_macro_doc": null,
                        "R_macro_doc": 0.0,
                        "F1_macro_doc": null,
                        "P_macro_doc_std": null,
                        "R_macro_doc_std": 0.0,
                        "F1_macro_doc_std": null
                    }
                },
                "ALL": {
                    "partial": {
                        "correct": 46,
                        "incorrect": 0,
                        "partial": 2,
                        "missed": 10,
                        "spurious": 6,
                        "possible": 58,
                        "actual": 54,
                        "TP": 46,
                        "FP": 8,
                        "FN": 12,
                        "P_micro": 0.8703703703703703,
                        "R_micro": 0.8103448275862069,
                        "F1_micro": 0.8392857142857144,
                        "P_macro_doc": 0.792156862745098,
                        "R_macro_doc": 0.8863095238095238,